Species;Family;Region;Continent;Realm;First_Observation;IntentionalRelease;Latest_Reference;Latest_Reference_Year
Abaeis nicippe;Pieridae;Hawaii;Oceania;Nearctic;2013;0;Turner, R., et al. (2024). International Non-native Insect Establishment Data (0.2.1) [Data set]. Zenodo.;2024
Acalyptris platani;Nepticulidae;United Kingdom;Europe;Palearctic;2023;;Richards, N. (2024).  Acalyptris platani (Muller-Rutz, 1934)(Lep.: Nepticulidae) new to the British Isles. Entomologists Record and Journal of Variation. 136: 36-38;2024
Acalyptris platani;Nepticulidae;Slovenia;Europe;Palearctic;;0;Lopez-Vaamonde, C., et al. (2010). Lepidoptera. Chapter 11. BioRisk. 4: 603-668;2010
Acentria ephemerella;Crambidae;United States;North America;Nearctic;1927;1;Simpson, A., et al. (2022). United States Register of Introduced and Invasive Species (US-RIIS) (ver. 2.0, November 2022): U.S. Geological Survey data release. Available at: https://www.sciencebase.gov/catalog/item/62d59ae5d34e87fffb2dda99;2022
Achaea ablunaris;Erebidae;United States;North America;Nearctic;1984;0;Simpson, A., et al. (2022). United States Register of Introduced and Invasive Species (US-RIIS) (ver. 2.0, November 2022): U.S. Geological Survey data release. Available at: https://www.sciencebase.gov/catalog/item/62d59ae5d34e87fffb2dda99;2022
Acharia stimulea;Limacodidae;Hungary;Europe;Palearctic;2007;0;Roy, D., et al. (2020). DAISIE - Delivering Alien Invasive Species Inventories for Europe. Available at: http://www.europe-aliens.org/;2020
Acharia stimulea;Limacodidae;Romania;Europe;Palearctic;;;Invasive Species Specialist Group ISSG (2020). Global Register of Introduced and Invasive Species GRIIS. Available at: https://griis.org;2020
Acherontia lachesis;Sphingidae;Hawaii;Oceania;Nearctic;;0;Integrated Taxonomic Information System (ITIS) (2024). Integrated Taxonomic Information System (ITIS) on-line database.  Available at: https://www.itis.gov;2024
Achroia grisella;Pyralidae;Bulgaria;Europe;Palearctic;1900;0;Timus, A. (2015). The Invasive Entomofauna of the Holometabola Group, Superorder Mecopteroidea for Republic of Moldova. Current Trends in Natural Sciences. 4(7): 50-58;2015
Achroia grisella;Pyralidae;Ireland;Europe;Palearctic;;;Invasive Species Specialist Group ISSG (2020). Global Register of Introduced and Invasive Species GRIIS. Available at: https://griis.org;2020
Achroia grisella;Pyralidae;New Zealand;Oceania;Australian;1908;;Turner, R., et al. (2024). International Non-native Insect Establishment Data (0.2.1) [Data set]. Zenodo.;2024
Achroia grisella;Pyralidae;United States;North America;Nearctic;1565;0;Simpson, A., et al. (2022). United States Register of Introduced and Invasive Species (US-RIIS) (ver. 2.0, November 2022): U.S. Geological Survey data release. Available at: https://www.sciencebase.gov/catalog/item/62d59ae5d34e87fffb2dda99;2022
Achroia grisella;Pyralidae;Hawaii;Oceania;Nearctic;1888;0;Turner, R., et al. (2024). International Non-native Insect Establishment Data (0.2.1) [Data set]. Zenodo.;2024
Achroia grisella;Pyralidae;South Africa;Africa;Afrotropical;;1;Turner, R., et al. (2024). International Non-native Insect Establishment Data (0.2.1) [Data set]. Zenodo.;2024
Achyra affinitalis;Crambidae;New Zealand;Oceania;Australian;1973;;Turner, R., et al. (2024). International Non-native Insect Establishment Data (0.2.1) [Data set]. Zenodo.;2024
Acleris comariana;Tortricidae;New Zealand;Oceania;Australian;1970;;Turner, R., et al. (2024). International Non-native Insect Establishment Data (0.2.1) [Data set]. Zenodo.;2024
Acleris comariana;Tortricidae;United States;North America;Nearctic;1972;0;Simpson, A., et al. (2022). United States Register of Introduced and Invasive Species (US-RIIS) (ver. 2.0, November 2022): U.S. Geological Survey data release. Available at: https://www.sciencebase.gov/catalog/item/62d59ae5d34e87fffb2dda99;2022
Acleris forsskaleana;Tortricidae;United States;North America;Nearctic;1932;0;Simpson, A., et al. (2022). United States Register of Introduced and Invasive Species (US-RIIS) (ver. 2.0, November 2022): U.S. Geological Survey data release. Available at: https://www.sciencebase.gov/catalog/item/62d59ae5d34e87fffb2dda99;2022
Acleris holmiana;Tortricidae;Canada;North America;Nearctic;1977;0;Gilligan, T., et al. (2020). Immigrant Tortricidae: Holarctic versus Introduced Species in North America. Insects. 11(9):594;2020
Acleris holmiana;Tortricidae;United States;North America;Nearctic;1974;0;Simpson, A., et al. (2022). United States Register of Introduced and Invasive Species (US-RIIS) (ver. 2.0, November 2022): U.S. Geological Survey data release. Available at: https://www.sciencebase.gov/catalog/item/62d59ae5d34e87fffb2dda99;2022
Acleris rhombana;Tortricidae;Canada;North America;Nearctic;2006;0;Petersen, W., Looney, C. (2020). New Moth Records in Washington State (USA) Acquired from Exotic Pest Surveys. The Journal of the Lepidopterists Society. 74(1): 57-61;2020
Acleris rhombana;Tortricidae;United States;North America;Nearctic;2017;0;Simpson, A., et al. (2022). United States Register of Introduced and Invasive Species (US-RIIS) (ver. 2.0, November 2022): U.S. Geological Survey data release. Available at: https://www.sciencebase.gov/catalog/item/62d59ae5d34e87fffb2dda99;2022
Acleris undulana;Tortricidae;Spain;Europe;Palearctic;1998;0;Roy, D., et al. (2020). DAISIE - Delivering Alien Invasive Species Inventories for Europe. Available at: http://www.europe-aliens.org/;2020
Acleris undulana;Tortricidae;France;Europe;Palearctic;;0;Invasive Species Specialist Group ISSG (2020). Global Register of Introduced and Invasive Species GRIIS. Available at: https://griis.org;2020
Acleris undulana;Tortricidae;Morocco;Africa;Saharo-Arabian;;0;Pullaiah, T., Ielmini, M.R. (Eds.) (2021). Invasive Alien Species: Observations and Issues from Around the World. Volume 1: Issues and Invasions in Africa. Wiley. 380pp.;2021
Acleris variegana;Tortricidae;Canada;North America;Nearctic;1922;0;CAB International (CABI) (2024). CABI Invasive Species Compendium. Available at: https://www.cabidigitallibrary.org/product/QI;2024
Acleris variegana;Tortricidae;Ireland;Europe;Palearctic;;;Invasive Species Specialist Group ISSG (2020). Global Register of Introduced and Invasive Species GRIIS. Available at: https://griis.org;2020
Acleris variegana;Tortricidae;Portugal;Europe;Palearctic;;0;CAB International (CABI) (2024). CABI Invasive Species Compendium. Available at: https://www.cabidigitallibrary.org/product/QI;2024
Acleris variegana;Tortricidae;United States;North America;Nearctic;1920;0;CAB International (CABI) (2024). CABI Invasive Species Compendium. Available at: https://www.cabidigitallibrary.org/product/QI;2024
Acleris zimmermani;Tortricidae;Hawaii;Oceania;Nearctic;1963;1;Turner, R., et al. (2024). International Non-native Insect Establishment Data (0.2.1) [Data set]. Zenodo.;2024
Acontia candefacta;Noctuidae;Bulgaria;Europe;Palearctic;2009;0;Stojanovic, D., et al. (2017). Expansion of the range of the introduced moth Acontia candefacta in southeastern Europe. Bulletin of Insectology. 70(1): 111-120;2017
Acontia candefacta;Noctuidae;United Kingdom;Europe;Palearctic;;0;Roy, D., et al. (2020). DAISIE - Delivering Alien Invasive Species Inventories for Europe. Available at: http://www.europe-aliens.org/;2020
Acontia candefacta;Noctuidae;Romania;Europe;Palearctic;2008;0;Invasive Species Specialist Group ISSG (2020). Global Register of Introduced and Invasive Species GRIIS. Available at: https://griis.org;2020
Acontia candefacta;Noctuidae;Russia Europe;Europe;Palearctic;1967;0;Roy, D., et al. (2020). DAISIE - Delivering Alien Invasive Species Inventories for Europe. Available at: http://www.europe-aliens.org/;2020
Acontia candefacta;Noctuidae;Russia Asia;Asia;Palearctic;1985;1;Invasive Species Specialist Group ISSG (2020). Global Register of Introduced and Invasive Species GRIIS. Available at: https://griis.org;2020
Acontia candefacta;Noctuidae;Serbia;Europe;Palearctic;2009;0;Stojanovic, D., et al. (2017). Expansion of the range of the introduced moth Acontia candefacta in southeastern Europe. Bulletin of Insectology. 70(1): 111-120;2017
Acontia candefacta;Noctuidae;Ukraine;Europe;Palearctic;2004;0;Stojanovic, D., et al. (2017). Expansion of the range of the introduced moth Acontia candefacta in southeastern Europe. Bulletin of Insectology. 70(1): 111-120;2017
Acontia crocata;Noctuidae;France;Europe;Palearctic;;;CAB International (CABI) (2024). CABI Invasive Species Compendium. Available at: https://www.cabidigitallibrary.org/product/QI;2024
Acontia exigua;Noctuidae;Galapagos;South America;Neotropical;1975;;Turner, R., et al. (2024). International Non-native Insect Establishment Data (0.2.1) [Data set]. Zenodo.;2024
Acontia margana;Noctuidae;Galapagos;South America;Neotropical;;;Mally, R., et al. (2022), Moths and butterflies on alien shores - global biogeography of non-native Lepidoptera. Dryad, Dataset. Available at: https://doi.org/10.5061/dryad.31zcrjdnw;2022
Acraea terpsicore;Nymphalidae;Australia;Australia;Australian;;;CAB International (CABI) (2024). CABI Invasive Species Compendium. Available at: https://www.cabidigitallibrary.org/product/QI;2024
Acrobasis suavella;Pyralidae;United States;North America;Nearctic;;0;Simpson, A., et al. (2022). United States Register of Introduced and Invasive Species (US-RIIS) (ver. 2.0, November 2022): U.S. Geological Survey data release. Available at: https://www.sciencebase.gov/catalog/item/62d59ae5d34e87fffb2dda99;2022
Acrocercops laciniella;Gracillariidae;New Zealand;Oceania;Australian;1999;0;Turner, R., et al. (2024). International Non-native Insect Establishment Data (0.2.1) [Data set]. Zenodo.;2024
Acrolepia assectella;Glyphipterigidae;Canada;North America;Nearctic;1993;0;CAB International (CABI) (2024). CABI Invasive Species Compendium. Available at: https://www.cabidigitallibrary.org/product/QI;2024
Acrolepia assectella;Glyphipterigidae;United States;North America;Nearctic;1993;0;CAB International (CABI) (2024). CABI Invasive Species Compendium. Available at: https://www.cabidigitallibrary.org/product/QI;2024
Acrolepia assectella;Glyphipterigidae;Hawaii;Oceania;Nearctic;1939;0;Turner, R., et al. (2024). International Non-native Insect Establishment Data (0.2.1) [Data set]. Zenodo.;2024
Acrolepia jaspidata;Glyphipterigidae;Galapagos;South America;Neotropical;;;Turner, R., et al. (2024). International Non-native Insect Establishment Data (0.2.1) [Data set]. Zenodo.;2024
Acrolepiopsis sapporensis;Glyphipterigidae;Hawaii;Oceania;Nearctic;1944;0;Turner, R., et al. (2024). International Non-native Insect Establishment Data (0.2.1) [Data set]. Zenodo.;2024
Actias selene;Saturniidae;Sweden;Europe;Palearctic;;;Invasive Species Specialist Group ISSG (2020). Global Register of Introduced and Invasive Species GRIIS. Available at: https://griis.org;2020
Adoxophyes privatana;Tortricidae;Denmark;Europe;Palearctic;;;Invasive Species Specialist Group ISSG (2020). Global Register of Introduced and Invasive Species GRIIS. Available at: https://griis.org;2020
Adoxophyes privatana;Tortricidae;United Kingdom;Europe;Palearctic;;0;Heckford, R. (1986). A specimen of the Adoxophyes privatana (Walker) species-group (Lepidoptera: Tortricidae) bred from imported orchids. Entomologists Gazette. 37: 196;1986
Aethes rubiginana;Tortricidae;Denmark;Europe;Palearctic;;;Invasive Species Specialist Group ISSG (2020). Global Register of Introduced and Invasive Species GRIIS. Available at: https://griis.org;2020
Aethes rutilana;Tortricidae;Canada;North America;Nearctic;1965;0;Gilligan, T., et al. (2020). Immigrant Tortricidae: Holarctic versus Introduced Species in North America. Insects. 11(9):594;2020
Agapeta zoegana;Tortricidae;United States;North America;Nearctic;1984;1;Simpson, A., et al. (2022). United States Register of Introduced and Invasive Species (US-RIIS) (ver. 2.0, November 2022): U.S. Geological Survey data release. Available at: https://www.sciencebase.gov/catalog/item/62d59ae5d34e87fffb2dda99;2022
Agassiziella angulipennis;Crambidae;United Kingdom;Europe;Palearctic;1977;0;CAB International (CABI) (2024). CABI Invasive Species Compendium. Available at: https://www.cabidigitallibrary.org/product/QI;2024
Agassiziella angulipennis;Crambidae;Netherlands;Europe;Palearctic;;0;Roy, D., et al. (2020). DAISIE - Delivering Alien Invasive Species Inventories for Europe. Available at: http://www.europe-aliens.org/;2020
Agathodes designalis;Crambidae;Galapagos;South America;Neotropical;1989;;Turner, R., et al. (2024). International Non-native Insect Establishment Data (0.2.1) [Data set]. Zenodo.;2024
Agathodes designalis;Crambidae;Gibraltar;Africa;Saharo-Arabian;2017;0;Perez, C. et al. (2018). Agathodes designalis (Guenee, 1854) from Gibraltar - an adventive species new to Europe (Lepidoptera: Crambidae, Spilomelinae). SHILAP Revista de Lepidopterologia. 46(184): 615-617;2018
Aglaonice hirtipalpis;Erebidae;United States;North America;Nearctic;1984;0;Simpson, A., et al. (2022). United States Register of Introduced and Invasive Species (US-RIIS) (ver. 2.0, November 2022): U.S. Geological Survey data release. Available at: https://www.sciencebase.gov/catalog/item/62d59ae5d34e87fffb2dda99;2022
Aglossa caprealis;Pyralidae;Australia;Australia;Australian;;;Mally, R., et al. (2022), Moths and butterflies on alien shores - global biogeography of non-native Lepidoptera. Dryad, Dataset. Available at: https://doi.org/10.5061/dryad.31zcrjdnw;2022
Aglossa caprealis;Pyralidae;New Zealand;Oceania;Australian;1935;;Turner, R., et al. (2024). International Non-native Insect Establishment Data (0.2.1) [Data set]. Zenodo.;2024
Aglossa caprealis;Pyralidae;United States;North America;Nearctic;1565;0;Simpson, A., et al. (2022). United States Register of Introduced and Invasive Species (US-RIIS) (ver. 2.0, November 2022): U.S. Geological Survey data release. Available at: https://www.sciencebase.gov/catalog/item/62d59ae5d34e87fffb2dda99;2022
Aglossa dimidiatus;Pyralidae;Japan;Asia;Sino-Japanese;;0;Turner, R., et al. (2024). International Non-native Insect Establishment Data (0.2.1) [Data set]. Zenodo.;2024
Aglossa dimidiatus;Pyralidae;South Korea;Asia;Palearctic;1930;;Turner, R., et al. (2024). International Non-native Insect Establishment Data (0.2.1) [Data set]. Zenodo.;2024
Aglossa pinguinalis;Pyralidae;New Zealand;Oceania;Australian;1955;;Turner, R., et al. (2024). International Non-native Insect Establishment Data (0.2.1) [Data set]. Zenodo.;2024
Aglossa pinguinalis;Pyralidae;United States;North America;Nearctic;1949;0;Simpson, A., et al. (2022). United States Register of Introduced and Invasive Species (US-RIIS) (ver. 2.0, November 2022): U.S. Geological Survey data release. Available at: https://www.sciencebase.gov/catalog/item/62d59ae5d34e87fffb2dda99;2022
Agonopterix alstromeriana;Depressariidae;Australia;Australia;Australian;;;Mally, R., et al. (2022), Moths and butterflies on alien shores - global biogeography of non-native Lepidoptera. Dryad, Dataset. Available at: https://doi.org/10.5061/dryad.31zcrjdnw;2022
Agonopterix alstromeriana;Depressariidae;New Zealand;Oceania;Australian;1986;0;Turner, R., et al. (2024). International Non-native Insect Establishment Data (0.2.1) [Data set]. Zenodo.;2024
Agonopterix alstromeriana;Depressariidae;United States;North America;Nearctic;1987;0;Simpson, A., et al. (2022). United States Register of Introduced and Invasive Species (US-RIIS) (ver. 2.0, November 2022): U.S. Geological Survey data release. Available at: https://www.sciencebase.gov/catalog/item/62d59ae5d34e87fffb2dda99;2022
Agonopterix assimilella;Depressariidae;New Zealand;Oceania;Australian;2008;1;Turner, R., et al. (2024). International Non-native Insect Establishment Data (0.2.1) [Data set]. Zenodo.;2024
Agonopterix heracliana;Depressariidae;Chile;South America;Neotropical;;1;Ireson, J., et al. (2013). Host testing, establishment and biology of the gorse soft shoot moth, Agonopterix umbellana (Fabricius)(Lepidoptera: Oecophoridae), a potential biological control agent for gorse, Ulex europaeus L.(Fabaceae), in Australia. Biological Control. 67(3): 451-461;2013
Agonopterix heracliana;Depressariidae;New Zealand;Oceania;Australian;1990;1;Turner, R., et al. (2024). International Non-native Insect Establishment Data (0.2.1) [Data set]. Zenodo.;2024
Agonopterix heracliana;Depressariidae;Hawaii;Oceania;Nearctic;;1;Ireson, J., et al. (2013). Host testing, establishment and biology of the gorse soft shoot moth, Agonopterix umbellana (Fabricius)(Lepidoptera: Oecophoridae), a potential biological control agent for gorse, Ulex europaeus L.(Fabaceae), in Australia. Biological Control. 67(3): 451-461;2013
Agonopterix nervosa;Depressariidae;Canada;North America;Nearctic;1915;0;Andreas, J., et al. (2022). Common Gorse Biocontrol Agents: History and Ecology in North America. In: R. Winston, Ed. Biological Control of Weeds in North America. North American Invasive Species Management Association, Milwaukee, WI. NAISMA-BCW-2022-12-GORSE-A;2022
Agonopterix nervosa;Depressariidae;United States;North America;Nearctic;1915;0;Simpson, A., et al. (2022). United States Register of Introduced and Invasive Species (US-RIIS) (ver. 2.0, November 2022): U.S. Geological Survey data release. Available at: https://www.sciencebase.gov/catalog/item/62d59ae5d34e87fffb2dda99;2022
Agonopterix ulicetella;Depressariidae;Chile;South America;Neotropical;1997;1;Turner, R., et al. (2024). International Non-native Insect Establishment Data (0.2.1) [Data set]. Zenodo.;2024
Agonoxena argaula;Elachistidae;Guam;Oceania;Oceanina;;0;Shine, C., et al. (2003). Invasive alien species in the Austral Pacific Region: National Reports and Directory of Resources. Global Invasive Species Programme, Cape Town, South Africa.;2003
Agonoxena argaula;Elachistidae;Hawaii;Oceania;Nearctic;1949;0;Turner, R., et al. (2024). International Non-native Insect Establishment Data (0.2.1) [Data set]. Zenodo.;2024
Agonoxena pyrogramma;Elachistidae;Cook Islands;Oceania;Oceanina;;0;Shine, C., et al. (2003). Invasive alien species in the Austral Pacific Region: National Reports and Directory of Resources. Global Invasive Species Programme, Cape Town, South Africa.;2003
Agrius cingulata;Sphingidae;Barbados;North America;Panamanian;;;CAB International (CABI) (2024). CABI Invasive Species Compendium. Available at: https://www.cabidigitallibrary.org/product/QI;2024
Agrius cingulata;Sphingidae;Cabo Verde;Africa;Afrotropical;;0;CAB International (CABI) (2024). CABI Invasive Species Compendium. Available at: https://www.cabidigitallibrary.org/product/QI;2024
Agrius cingulata;Sphingidae;Dominica;North America;Panamanian;;;CAB International (CABI) (2024). CABI Invasive Species Compendium. Available at: https://www.cabidigitallibrary.org/product/QI;2024
Agrius cingulata;Sphingidae;Ireland;Europe;Palearctic;;;Invasive Species Specialist Group ISSG (2020). Global Register of Introduced and Invasive Species GRIIS. Available at: https://griis.org;2020
Agrius convolvuli;Sphingidae;Australia;Australia;Australian;;;Mally, R., et al. (2022), Moths and butterflies on alien shores - global biogeography of non-native Lepidoptera. Dryad, Dataset. Available at: https://doi.org/10.5061/dryad.31zcrjdnw;2022
Agrius convolvuli;Sphingidae;Vanuatu;Oceania;Oceanina;;0;Shine, C., et al. (2003). Invasive alien species in the Austral Pacific Region: National Reports and Directory of Resources. Global Invasive Species Programme, Cape Town, South Africa.;2003
Agrochola lota;Noctuidae;United States;North America;Nearctic;1976;0;Simpson, A., et al. (2022). United States Register of Introduced and Invasive Species (US-RIIS) (ver. 2.0, November 2022): U.S. Geological Survey data release. Available at: https://www.sciencebase.gov/catalog/item/62d59ae5d34e87fffb2dda99;2022
Agrotis ipsilon;Noctuidae;Chile;South America;Neotropical;1852;;CAB International (CABI) (2024). CABI Invasive Species Compendium. Available at: https://www.cabidigitallibrary.org/product/QI;2024
Agrotis ipsilon;Noctuidae;South Africa;Africa;Afrotropical;;;Turner, R., et al. (2024). International Non-native Insect Establishment Data (0.2.1) [Data set]. Zenodo.;2024
Feltia subterranea;Noctuidae;Hawaii;Oceania;Nearctic;2006;0;Turner, R., et al. (2024). International Non-native Insect Establishment Data (0.2.1) [Data set]. Zenodo.;2024
Amorbia emigratella;Tortricidae;Hawaii;Oceania;Nearctic;1911;0;Turner, R., et al. (2024). International Non-native Insect Establishment Data (0.2.1) [Data set]. Zenodo.;2024
Amphipyra tragopoginis;Noctuidae;United States;North America;Nearctic;1859;0;Simpson, A., et al. (2022). United States Register of Introduced and Invasive Species (US-RIIS) (ver. 2.0, November 2022): U.S. Geological Survey data release. Available at: https://www.sciencebase.gov/catalog/item/62d59ae5d34e87fffb2dda99;2022
Amyelois transitella;Pyralidae;Austria;Europe;Palearctic;;0;Invasive Species Specialist Group ISSG (2020). Global Register of Introduced and Invasive Species GRIIS. Available at: https://griis.org;2020
Amyelois transitella;Pyralidae;Italy;Europe;Palearctic;;0;Roy, D., et al. (2020). DAISIE - Delivering Alien Invasive Species Inventories for Europe. Available at: http://www.europe-aliens.org/;2020
Amyelois transitella;Pyralidae;Hawaii;Oceania;Nearctic;1948;0;Simpson, A., et al. (2022). United States Register of Introduced and Invasive Species (US-RIIS) (ver. 2.0, November 2022): U.S. Geological Survey data release. Available at: https://www.sciencebase.gov/catalog/item/62d59ae5d34e87fffb2dda99;2022
Amyelois transitella;Pyralidae;South Africa;Africa;Afrotropical;;;Turner, R., et al. (2024). International Non-native Insect Establishment Data (0.2.1) [Data set]. Zenodo.;2024
Amyna axis;Noctuidae;Hawaii;Oceania;Nearctic;1974;0;Turner, R., et al. (2024). International Non-native Insect Establishment Data (0.2.1) [Data set]. Zenodo.;2024
Amyna natalis;Noctuidae;Hawaii;Oceania;Nearctic;1945;0;Turner, R., et al. (2024). International Non-native Insect Establishment Data (0.2.1) [Data set]. Zenodo.;2024
Anacampsis humilis;Gelechiidae;Chile;South America;Neotropical;1965;;Turner, R., et al. (2024). International Non-native Insect Establishment Data (0.2.1) [Data set]. Zenodo.;2024
Anacampsis populella;Gelechiidae;United States;North America;Nearctic;1963;0;Simpson, A., et al. (2022). United States Register of Introduced and Invasive Species (US-RIIS) (ver. 2.0, November 2022): U.S. Geological Survey data release. Available at: https://www.sciencebase.gov/catalog/item/62d59ae5d34e87fffb2dda99;2022
Anania hortulata;Crambidae;United States;North America;Nearctic;1907;0;Simpson, A., et al. (2022). United States Register of Introduced and Invasive Species (US-RIIS) (ver. 2.0, November 2022): U.S. Geological Survey data release. Available at: https://www.sciencebase.gov/catalog/item/62d59ae5d34e87fffb2dda99;2022
Anarsia lineatella;Gelechiidae;China;Asia;Palearctic;;;European and Mediterranean Plant Protection Organization (EPPO) (2024). EPPO Global Database. Available at: https://gd.eppo.int;2024
Anarsia lineatella;Gelechiidae;United States;North America;Nearctic;1625;0;European and Mediterranean Plant Protection Organization (EPPO) (2024). EPPO Global Database. Available at: https://gd.eppo.int;2024
Anarta decepta;Noctuidae;Hawaii;Oceania;Nearctic;1947;0;Turner, R., et al. (2024). International Non-native Insect Establishment Data (0.2.1) [Data set]. Zenodo.;2024
Anarta edwardsii;Noctuidae;Hawaii;Oceania;Nearctic;;0;Turner, R., et al. (2024). International Non-native Insect Establishment Data (0.2.1) [Data set]. Zenodo.;2024
Anartia lytraea;Nymphalidae;United States;North America;Nearctic;1972;0;Simpson, A., et al. (2022). United States Register of Introduced and Invasive Species (US-RIIS) (ver. 2.0, November 2022): U.S. Geological Survey data release. Available at: https://www.sciencebase.gov/catalog/item/62d59ae5d34e87fffb2dda99;2022
Anatrachyntis badia;Cosmopterigidae;Australia;Australia;Australian;;;Mally, R., et al. (2022), Moths and butterflies on alien shores - global biogeography of non-native Lepidoptera. Dryad, Dataset. Available at: https://doi.org/10.5061/dryad.31zcrjdnw;2022
Anatrachyntis badia;Cosmopterigidae;Spain;Europe;Palearctic;;0;European and Mediterranean Plant Protection Organization (EPPO) (2024). EPPO Global Database. Available at: https://gd.eppo.int;2024
Anatrachyntis badia;Cosmopterigidae;France;Europe;Palearctic;2000;0;European and Mediterranean Plant Protection Organization (EPPO) (2024). EPPO Global Database. Available at: https://gd.eppo.int;2024
Anatrachyntis badia;Cosmopterigidae;United Kingdom;Europe;Palearctic;;0;European and Mediterranean Plant Protection Organization (EPPO) (2024). EPPO Global Database. Available at: https://gd.eppo.int;2024
Anatrachyntis badia;Cosmopterigidae;Greece;Europe;Palearctic;;0;Dawidowicz, L., Rozwalka, R. (2017). Anatrachyntis badia (Hodges, 1962) (Lepidoptera: Cosmopterigidae): the first report from Turkey and a case of importation to Poland. Turkish Journal of Zoology. 41: 60-63;2017
Anatrachyntis badia;Cosmopterigidae;Italy;Europe;Palearctic;;0;European and Mediterranean Plant Protection Organization (EPPO) (2024). EPPO Global Database. Available at: https://gd.eppo.int;2024
Anatrachyntis badia;Cosmopterigidae;Netherlands;Europe;Palearctic;;0;European and Mediterranean Plant Protection Organization (EPPO) (2024). EPPO Global Database. Available at: https://gd.eppo.int;2024
Anatrachyntis badia;Cosmopterigidae;Poland;Europe;Palearctic;2014;0;Invasive Species Specialist Group ISSG (2020). Global Register of Introduced and Invasive Species GRIIS. Available at: https://griis.org;2020
Anatrachyntis badia;Cosmopterigidae;Turkey;Asia;Palearctic;2014;0;Dawidowicz, L., Rozwalka, R. (2017). Anatrachyntis badia (Hodges, 1962) (Lepidoptera: Cosmopterigidae): the first report from Turkey and a case of importation to Poland. Turkish Journal of Zoology. 41: 60-63;2017
Anatrachyntis badia;Cosmopterigidae;Hawaii;Oceania;Nearctic;1964;0;European and Mediterranean Plant Protection Organization (EPPO) (2024). EPPO Global Database. Available at: https://gd.eppo.int;2024
Anatrachyntis rileyi;Cosmopterigidae;Colombia;South America;Neotropical;;;CAB International (CABI) (2024). CABI Invasive Species Compendium. Available at: https://www.cabidigitallibrary.org/product/QI;2024
Anatrachyntis rileyi;Cosmopterigidae;Costa Rica;North America;Panamanian;;;CAB International (CABI) (2024). CABI Invasive Species Compendium. Available at: https://www.cabidigitallibrary.org/product/QI;2024
Anatrachyntis rileyi;Cosmopterigidae;Cuba;North America;Panamanian;;;CAB International (CABI) (2024). CABI Invasive Species Compendium. Available at: https://www.cabidigitallibrary.org/product/QI;2024
Anatrachyntis rileyi;Cosmopterigidae;Dominican Republic;North America;Panamanian;;;CAB International (CABI) (2024). CABI Invasive Species Compendium. Available at: https://www.cabidigitallibrary.org/product/QI;2024
Anatrachyntis rileyi;Cosmopterigidae;Ecuador;South America;Neotropical;1999;;CAB International (CABI) (2024). CABI Invasive Species Compendium. Available at: https://www.cabidigitallibrary.org/product/QI;2024
Anatrachyntis rileyi;Cosmopterigidae;Galapagos;South America;Neotropical;2000;;Turner, R., et al. (2024). International Non-native Insect Establishment Data (0.2.1) [Data set]. Zenodo.;2024
Anatrachyntis rileyi;Cosmopterigidae;Egypt;Africa;Saharo-Arabian;1981;;CAB International (CABI) (2024). CABI Invasive Species Compendium. Available at: https://www.cabidigitallibrary.org/product/QI;2024
Anatrachyntis rileyi;Cosmopterigidae;Honduras;North America;Panamanian;;;CAB International (CABI) (2024). CABI Invasive Species Compendium. Available at: https://www.cabidigitallibrary.org/product/QI;2024
Anatrachyntis rileyi;Cosmopterigidae;Jamaica;North America;Panamanian;;;CAB International (CABI) (2024). CABI Invasive Species Compendium. Available at: https://www.cabidigitallibrary.org/product/QI;2024
Anatrachyntis rileyi;Cosmopterigidae;Japan;Asia;Oriental;;;CAB International (CABI) (2024). CABI Invasive Species Compendium. Available at: https://www.cabidigitallibrary.org/product/QI;2024
Anatrachyntis rileyi;Cosmopterigidae;Japan;Asia;Sino-Japanese;1982;0;CAB International (CABI) (2024). CABI Invasive Species Compendium. Available at: https://www.cabidigitallibrary.org/product/QI;2024
Anatrachyntis rileyi;Cosmopterigidae;Mauritius;Africa;Oceanina;2016;;CAB International (CABI) (2024). CABI Invasive Species Compendium. Available at: https://www.cabidigitallibrary.org/product/QI;2024
Anatrachyntis rileyi;Cosmopterigidae;Panama;North America;Panamanian;;;CAB International (CABI) (2024). CABI Invasive Species Compendium. Available at: https://www.cabidigitallibrary.org/product/QI;2024
Anatrachyntis rileyi;Cosmopterigidae;El Salvador;North America;Panamanian;;;CAB International (CABI) (2024). CABI Invasive Species Compendium. Available at: https://www.cabidigitallibrary.org/product/QI;2024
Anatrachyntis rileyi;Cosmopterigidae;Thailand;Asia;Oriental;1990;;CAB International (CABI) (2024). CABI Invasive Species Compendium. Available at: https://www.cabidigitallibrary.org/product/QI;2024
Anatrachyntis rileyi;Cosmopterigidae;Trinidad and Tobago;South America;Neotropical;;;CAB International (CABI) (2024). CABI Invasive Species Compendium. Available at: https://www.cabidigitallibrary.org/product/QI;2024
Anatrachyntis rileyi;Cosmopterigidae;United States;North America;Nearctic;;;CAB International (CABI) (2024). CABI Invasive Species Compendium. Available at: https://www.cabidigitallibrary.org/product/QI;2024
Anatrachyntis rileyi;Cosmopterigidae;Hawaii;Oceania;Nearctic;1892;0;Turner, R., et al. (2024). International Non-native Insect Establishment Data (0.2.1) [Data set]. Zenodo.;2024
Anatrachyntis simplex;Cosmopterigidae;Cyprus;Asia;Saharo-Arabian;2010;0;Demetriou, J., et al. (2023). The Alien to Cyprus Entomofauna (ACE) database: a review of the current status of alien insects (Arthropoda, Insecta) including an updated species checklist, discussion on impacts and recommendations for informing management. NeoBiota. 83: 11-42;2023
Anatrachyntis simplex;Cosmopterigidae;Spain;Europe;Palearctic;2002;0;Roy, D., et al. (2020). DAISIE - Delivering Alien Invasive Species Inventories for Europe. Available at: http://www.europe-aliens.org/;2020
Anatrachyntis simplex;Cosmopterigidae;United Kingdom;Europe;Palearctic;;0;Roy, D., et al. (2020). DAISIE - Delivering Alien Invasive Species Inventories for Europe. Available at: http://www.europe-aliens.org/;2020
Anatrachyntis simplex;Cosmopterigidae;Portugal;Europe;Palearctic;;0;Roy, D., et al. (2020). DAISIE - Delivering Alien Invasive Species Inventories for Europe. Available at: http://www.europe-aliens.org/;2020
Anchoscelis lunosa;Noctuidae;United States;North America;Nearctic;2015;0;Simpson, A., et al. (2022). United States Register of Introduced and Invasive Species (US-RIIS) (ver. 2.0, November 2022): U.S. Geological Survey data release. Available at: https://www.sciencebase.gov/catalog/item/62d59ae5d34e87fffb2dda99;2022
Ancylis comptana;Tortricidae;United States;North America;Nearctic;;0;Yamanaka, T., et al. (2015). Comparison of insect invasions in North America, Japan and their Islands. Biological Invasions. 17(10): 3049-3061;2015
Ancylis impatiens;Tortricidae;Hawaii;Oceania;Nearctic;;1;Simpson, A., et al. (2022). United States Register of Introduced and Invasive Species (US-RIIS) (ver. 2.0, November 2022): U.S. Geological Survey data release. Available at: https://www.sciencebase.gov/catalog/item/62d59ae5d34e87fffb2dda99;2022
Ancylostomia stercorea;Crambidae;Galapagos;South America;Neotropical;1989;;Turner, R., et al. (2024). International Non-native Insect Establishment Data (0.2.1) [Data set]. Zenodo.;2024
Anisoplaca cosmia;Gelechiidae;New Zealand;Oceania;Australian;1975;;Turner, R., et al. (2024). International Non-native Insect Establishment Data (0.2.1) [Data set]. Zenodo.;2024
Anomis erosa;Erebidae;France;Europe;Palearctic;;;Invasive Species Specialist Group ISSG (2020). Global Register of Introduced and Invasive Species GRIIS. Available at: https://griis.org;2020
Anomis flava;Erebidae;Australia;Australia;Australian;;;European and Mediterranean Plant Protection Organization (EPPO) (2024). EPPO Global Database. Available at: https://gd.eppo.int;2024
Anomis flava;Erebidae;Israel;Asia;Saharo-Arabian;2001;0;European and Mediterranean Plant Protection Organization (EPPO) (2024). EPPO Global Database. Available at: https://gd.eppo.int;2024
Anomis flava;Erebidae;Palau;Oceania;Oceanina;;0;Shine, C., et al. (2003). Invasive alien species in the Austral Pacific Region: National Reports and Directory of Resources. Global Invasive Species Programme, Cape Town, South Africa.;2003
Anomis flava;Erebidae;Hawaii;Oceania;Nearctic;1964;0;Turner, R., et al. (2024). International Non-native Insect Establishment Data (0.2.1) [Data set]. Zenodo.;2024
Anomis luridula;Erebidae;United States;North America;Nearctic;1989;0;Simpson, A., et al. (2022). United States Register of Introduced and Invasive Species (US-RIIS) (ver. 2.0, November 2022): U.S. Geological Survey data release. Available at: https://www.sciencebase.gov/catalog/item/62d59ae5d34e87fffb2dda99;2022
Anomis privata;Erebidae;United States;North America;Nearctic;1954;0;Simpson, A., et al. (2022). United States Register of Introduced and Invasive Species (US-RIIS) (ver. 2.0, November 2022): U.S. Geological Survey data release. Available at: https://www.sciencebase.gov/catalog/item/62d59ae5d34e87fffb2dda99;2022
Anomis sabulifera;Erebidae;Israel;Asia;Saharo-Arabian;2001;0;Kravchenko, V.,et al. (2014). Seven invasive owlet moths (Lepidoptera: Noctuidae) in Israel and their potential parasitoids (Hymenoptera: Chalcidoidea). Phytoparasitica. 42: 333-339;2014
Anstenoptilia marmarodactyla;Pterophoridae;Hawaii;Oceania;Nearctic;1907;0;Turner, R., et al. (2024). International Non-native Insect Establishment Data (0.2.1) [Data set]. Zenodo.;2024
Antheraea paphia;Saturniidae;Denmark;Europe;Palearctic;;;Invasive Species Specialist Group ISSG (2020). Global Register of Introduced and Invasive Species GRIIS. Available at: https://griis.org;2020
Antheraea pernyi;Saturniidae;Spain;Europe;Palearctic;1850;0;Roy, D., et al. (2020). DAISIE - Delivering Alien Invasive Species Inventories for Europe. Available at: http://www.europe-aliens.org/;2020
Antheraea pernyi;Saturniidae;Spanish European Islands;Europe;Palearctic;;0;Roy, D., et al. (2020). DAISIE - Delivering Alien Invasive Species Inventories for Europe. Available at: http://www.europe-aliens.org/;2020
Antheraea pernyi;Saturniidae;France;Europe;Palearctic;1855;0;Invasive Species Specialist Group ISSG (2020). Global Register of Introduced and Invasive Species GRIIS. Available at: https://griis.org;2020
Antheraea pernyi;Saturniidae;Hungary;Europe;Palearctic;;0;Roy, D., et al. (2020). DAISIE - Delivering Alien Invasive Species Inventories for Europe. Available at: http://www.europe-aliens.org/;2020
Antheraea pernyi;Saturniidae;Japan;Asia;Sino-Japanese;1875;0;Peigler, R. (2012). Diverse evidence that Antheraea pernyi (lepidoptera: Saturniidae) is entirely of sericultural origin. Tropical Lepidoptera Research. 22: 93-99;2012
Antheraea pernyi;Saturniidae;South Korea;Asia;Palearctic;1938;0;Peigler, R. (2012). Diverse evidence that Antheraea pernyi (lepidoptera: Saturniidae) is entirely of sericultural origin. Tropical Lepidoptera Research. 22: 93-99;2012
Antheraea pernyi;Saturniidae;Slovenia;Europe;Palearctic;;;Invasive Species Specialist Group ISSG (2020). Global Register of Introduced and Invasive Species GRIIS. Available at: https://griis.org;2020
Antheraea polyphemus;Saturniidae;Denmark;Europe;Palearctic;;;Invasive Species Specialist Group ISSG (2020). Global Register of Introduced and Invasive Species GRIIS. Available at: https://griis.org;2020
Antheraea yamamai;Saturniidae;Austria;Europe;Palearctic;1900;0;Roy, D., et al. (2020). DAISIE - Delivering Alien Invasive Species Inventories for Europe. Available at: http://www.europe-aliens.org/;2020
Antheraea yamamai;Saturniidae;Bosnia and Herzegovina;Europe;Palearctic;;0;Roy, D., et al. (2020). DAISIE - Delivering Alien Invasive Species Inventories for Europe. Available at: http://www.europe-aliens.org/;2020
Antheraea yamamai;Saturniidae;Germany;Europe;Palearctic;2001;0;Invasive Species Specialist Group ISSG (2020). Global Register of Introduced and Invasive Species GRIIS. Available at: https://griis.org;2020
Antheraea yamamai;Saturniidae;Croatia;Europe;Palearctic;;0;Roy, D., et al. (2020). DAISIE - Delivering Alien Invasive Species Inventories for Europe. Available at: http://www.europe-aliens.org/;2020
Antheraea yamamai;Saturniidae;Hungary;Europe;Palearctic;;0;Roy, D., et al. (2020). DAISIE - Delivering Alien Invasive Species Inventories for Europe. Available at: http://www.europe-aliens.org/;2020
Antheraea yamamai;Saturniidae;Italy;Europe;Palearctic;;0;Roy, D., et al. (2020). DAISIE - Delivering Alien Invasive Species Inventories for Europe. Available at: http://www.europe-aliens.org/;2020
Antheraea yamamai;Saturniidae;North Macedonia;Europe;Palearctic;;0;Roy, D., et al. (2020). DAISIE - Delivering Alien Invasive Species Inventories for Europe. Available at: http://www.europe-aliens.org/;2020
Antheraea yamamai;Saturniidae;Romania;Europe;Palearctic;2001;0;Roy, D., et al. (2020). DAISIE - Delivering Alien Invasive Species Inventories for Europe. Available at: http://www.europe-aliens.org/;2020
Antheraea yamamai;Saturniidae;Serbia;Europe;Palearctic;;0;Pullaiah, T., Ielmini, M.R. (Eds.) (2021). Invasive Alien Species: Observations and Issues from Around the World. Volume 3: Issues and Invasions in Europe. Wiley. 326pp.;2021
Antheraea yamamai;Saturniidae;Slovenia;Europe;Palearctic;1866;0;Invasive Species Specialist Group ISSG (2020). Global Register of Introduced and Invasive Species GRIIS. Available at: https://griis.org;2020
Anthophila nemorana;Choreutidae;Austria;Europe;Palearctic;2006;0;de Prins, W., et al. (2014). Choreutis nemorana (Lepidoptera: Choreutidae) well established in Belgium. Phegea. 42(2): 29-32;2014
Anthophila nemorana;Choreutidae;Belgium;Europe;Palearctic;2009;0;de Prins, W., et al. (2014). Choreutis nemorana (Lepidoptera: Choreutidae) well established in Belgium. Phegea. 42(2): 29-32;2014
Anthophila nemorana;Choreutidae;Switzerland;Europe;Palearctic;2008;0;de Prins, W., et al. (2014). Choreutis nemorana (Lepidoptera: Choreutidae) well established in Belgium. Phegea. 42(2): 29-32;2014
Anthophila nemorana;Choreutidae;Germany;Europe;Palearctic;2006;0;de Prins, W., et al. (2014). Choreutis nemorana (Lepidoptera: Choreutidae) well established in Belgium. Phegea. 42(2): 29-32;2014
Anthophila nemorana;Choreutidae;Netherlands;Europe;Palearctic;;;Invasive Species Specialist Group ISSG (2020). Global Register of Introduced and Invasive Species GRIIS. Available at: https://griis.org;2020
Antiblemma acclinalis;Erebidae;Hawaii;Oceania;Nearctic;;1;Turner, R., et al. (2024). International Non-native Insect Establishment Data (0.2.1) [Data set]. Zenodo.;2024
Anticarsia gemmatalis;Erebidae;United States;North America;Nearctic;1903;0;Simpson, A., et al. (2022). United States Register of Introduced and Invasive Species (US-RIIS) (ver. 2.0, November 2022): U.S. Geological Survey data release. Available at: https://www.sciencebase.gov/catalog/item/62d59ae5d34e87fffb2dda99;2022
Antichloris eriphia;Erebidae;Ireland;Europe;Palearctic;;;Invasive Species Specialist Group ISSG (2020). Global Register of Introduced and Invasive Species GRIIS. Available at: https://griis.org;2020
Antichloris steinbachi;Erebidae;Ireland;Europe;Palearctic;;;Invasive Species Specialist Group ISSG (2020). Global Register of Introduced and Invasive Species GRIIS. Available at: https://griis.org;2020
Antichloris viridis;Erebidae;Denmark;Europe;Palearctic;1934;;CAB International (CABI) (2024). CABI Invasive Species Compendium. Available at: https://www.cabidigitallibrary.org/product/QI;2024
Antichloris viridis;Erebidae;Sweden;Europe;Palearctic;1950;;CAB International (CABI) (2024). CABI Invasive Species Compendium. Available at: https://www.cabidigitallibrary.org/product/QI;2024
Antigastra catalaunalis;Crambidae;Australia;Australia;Australian;;;Mally, R., et al. (2022), Moths and butterflies on alien shores - global biogeography of non-native Lepidoptera. Dryad, Dataset. Available at: https://doi.org/10.5061/dryad.31zcrjdnw;2022
Antigastra catalaunalis;Crambidae;Cyprus;Asia;Palearctic;;0;Sarazu-Pillado, R., et al. (2020). Primer Reporte del Gusano Telaranero en Ajonjoli en el Norte de Sinaloa, Mexico. Southwestern Entomologist. 45(2): 575-578;2020
Antigastra catalaunalis;Crambidae;Spain;Europe;Palearctic;;0;Sarazu-Pillado, R., et al. (2020). Primer Reporte del Gusano Telaranero en Ajonjoli en el Norte de Sinaloa, Mexico. Southwestern Entomologist. 45(2): 575-578;2020
Antigastra catalaunalis;Crambidae;France;Europe;Palearctic;;0;Sarazu-Pillado, R., et al. (2020). Primer Reporte del Gusano Telaranero en Ajonjoli en el Norte de Sinaloa, Mexico. Southwestern Entomologist. 45(2): 575-578;2020
Antigastra catalaunalis;Crambidae;Greece;Europe;Palearctic;;0;Sarazu-Pillado, R., et al. (2020). Primer Reporte del Gusano Telaranero en Ajonjoli en el Norte de Sinaloa, Mexico. Southwestern Entomologist. 45(2): 575-578;2020
Antigastra catalaunalis;Crambidae;Italy;Europe;Palearctic;;0;Sarazu-Pillado, R., et al. (2020). Primer Reporte del Gusano Telaranero en Ajonjoli en el Norte de Sinaloa, Mexico. Southwestern Entomologist. 45(2): 575-578;2020
Antigastra catalaunalis;Crambidae;Mexico;North America;Nearctic;2010;0;Sarazu-Pillado, R., et al. (2020). Primer Reporte del Gusano Telaranero en Ajonjoli en el Norte de Sinaloa, Mexico. Southwestern Entomologist. 45(2): 575-578;2020
Antigastra catalaunalis;Crambidae;Malta;Europe;Palearctic;;0;Sarazu-Pillado, R., et al. (2020). Primer Reporte del Gusano Telaranero en Ajonjoli en el Norte de Sinaloa, Mexico. Southwestern Entomologist. 45(2): 575-578;2020
Antispila oinophylla;Heliozelidae;Italy;Europe;Palearctic;2006;0;European and Mediterranean Plant Protection Organization (EPPO) (2024). EPPO Global Database. Available at: https://gd.eppo.int;2024
Anypsipyla univitella;Pyralidae;United States;North America;Nearctic;1983;0;Simpson, A., et al. (2022). United States Register of Introduced and Invasive Species (US-RIIS) (ver. 2.0, November 2022): U.S. Geological Survey data release. Available at: https://www.sciencebase.gov/catalog/item/62d59ae5d34e87fffb2dda99;2022
Apamea crenata;Noctuidae;Iceland;Europe;Palearctic;;;Invasive Species Specialist Group ISSG (2020). Global Register of Introduced and Invasive Species GRIIS. Available at: https://griis.org;2020
Apamea remissa;Noctuidae;Iceland;Europe;Palearctic;2001;;CAB International (CABI) (2024). CABI Invasive Species Compendium. Available at: https://www.cabidigitallibrary.org/product/QI;2024
Apamea unanimis;Noctuidae;United States;North America;Nearctic;1991;0;Simpson, A., et al. (2022). United States Register of Introduced and Invasive Species (US-RIIS) (ver. 2.0, November 2022): U.S. Geological Survey data release. Available at: https://www.sciencebase.gov/catalog/item/62d59ae5d34e87fffb2dda99;2022
Aphnaeus schistacea;Lycaenidae;United Kingdom;Europe;Palearctic;;;Invasive Species Specialist Group ISSG (2020). Global Register of Introduced and Invasive Species GRIIS. Available at: https://griis.org;2020
Aphrissa orbis;Pieridae;United States;North America;Nearctic;1973;0;Simpson, A., et al. (2022). United States Register of Introduced and Invasive Species (US-RIIS) (ver. 2.0, November 2022): U.S. Geological Survey data release. Available at: https://www.sciencebase.gov/catalog/item/62d59ae5d34e87fffb2dda99;2022
Aplocera efformata;Geometridae;Australia;Australia;Australian;;;Mally, R., et al. (2022), Moths and butterflies on alien shores - global biogeography of non-native Lepidoptera. Dryad, Dataset. Available at: https://doi.org/10.5061/dryad.31zcrjdnw;2022
Aplocera plagiata;Geometridae;Australia;Australia;Australian;;;Mally, R., et al. (2022), Moths and butterflies on alien shores - global biogeography of non-native Lepidoptera. Dryad, Dataset. Available at: https://doi.org/10.5061/dryad.31zcrjdnw;2022
Apomyelois ceratoniae;Pyralidae;Argentina;South America;Neotropical;;0;CAB International (CABI) (2024). CABI Invasive Species Compendium. Available at: https://www.cabidigitallibrary.org/product/QI;2024
Apomyelois ceratoniae;Pyralidae;Australia;Australia;Australian;;0;CAB International (CABI) (2024). CABI Invasive Species Compendium. Available at: https://www.cabidigitallibrary.org/product/QI;2024
Apomyelois ceratoniae;Pyralidae;Austria;Europe;Palearctic;;0;CAB International (CABI) (2024). CABI Invasive Species Compendium. Available at: https://www.cabidigitallibrary.org/product/QI;2024
Apomyelois ceratoniae;Pyralidae;Belgium;Europe;Palearctic;;0;Lopez-Vaamonde, C., et al. (2010). Lepidoptera. Chapter 11. BioRisk. 4: 603-668;2010
Apomyelois ceratoniae;Pyralidae;Switzerland;Europe;Palearctic;;0;Lopez-Vaamonde, C., et al. (2010). Lepidoptera. Chapter 11. BioRisk. 4: 603-668;2010
Apomyelois ceratoniae;Pyralidae;Chile;South America;Neotropical;1989;0;Turner, R., et al. (2024). International Non-native Insect Establishment Data (0.2.1) [Data set]. Zenodo.;2024
Apomyelois ceratoniae;Pyralidae;China;Asia;Oriental;;;CAB International (CABI) (2024). CABI Invasive Species Compendium. Available at: https://www.cabidigitallibrary.org/product/QI;2024
Apomyelois ceratoniae;Pyralidae;Hainan;Asia;Oriental;;;CAB International (CABI) (2024). CABI Invasive Species Compendium. Available at: https://www.cabidigitallibrary.org/product/QI;2024
Apomyelois ceratoniae;Pyralidae;Hong Kong and Macau;Asia;Sino-Japanese;;;CAB International (CABI) (2024). CABI Invasive Species Compendium. Available at: https://www.cabidigitallibrary.org/product/QI;2024
Apomyelois ceratoniae;Pyralidae;Cuba;North America;Panamanian;;;CAB International (CABI) (2024). CABI Invasive Species Compendium. Available at: https://www.cabidigitallibrary.org/product/QI;2024
Apomyelois ceratoniae;Pyralidae;Cyprus;Asia;Saharo-Arabian;;0;CAB International (CABI) (2024). CABI Invasive Species Compendium. Available at: https://www.cabidigitallibrary.org/product/QI;2024
Apomyelois ceratoniae;Pyralidae;Czechia;Europe;Palearctic;1900;0;CAB International (CABI) (2024). CABI Invasive Species Compendium. Available at: https://www.cabidigitallibrary.org/product/QI;2024
Apomyelois ceratoniae;Pyralidae;Germany;Europe;Palearctic;1928;0;CAB International (CABI) (2024). CABI Invasive Species Compendium. Available at: https://www.cabidigitallibrary.org/product/QI;2024
Apomyelois ceratoniae;Pyralidae;Denmark;Europe;Palearctic;;0;Invasive Species Specialist Group ISSG (2020). Global Register of Introduced and Invasive Species GRIIS. Available at: https://griis.org;2020
Apomyelois ceratoniae;Pyralidae;Algeria;Africa;Saharo-Arabian;;0;CAB International (CABI) (2024). CABI Invasive Species Compendium. Available at: https://www.cabidigitallibrary.org/product/QI;2024
Apomyelois ceratoniae;Pyralidae;Egypt;Africa;Saharo-Arabian;;0;CAB International (CABI) (2024). CABI Invasive Species Compendium. Available at: https://www.cabidigitallibrary.org/product/QI;2024
Apomyelois ceratoniae;Pyralidae;Spain;Europe;Palearctic;;0;CAB International (CABI) (2024). CABI Invasive Species Compendium. Available at: https://www.cabidigitallibrary.org/product/QI;2024
Apomyelois ceratoniae;Pyralidae;France;Europe;Palearctic;;0;CAB International (CABI) (2024). CABI Invasive Species Compendium. Available at: https://www.cabidigitallibrary.org/product/QI;2024
Apomyelois ceratoniae;Pyralidae;United Kingdom;Europe;Palearctic;;0;CAB International (CABI) (2024). CABI Invasive Species Compendium. Available at: https://www.cabidigitallibrary.org/product/QI;2024
Apomyelois ceratoniae;Pyralidae;British North American Islands;North America;Panamanian;;;CAB International (CABI) (2024). CABI Invasive Species Compendium. Available at: https://www.cabidigitallibrary.org/product/QI;2024
Apomyelois ceratoniae;Pyralidae;Greece;Europe;Palearctic;;0;CAB International (CABI) (2024). CABI Invasive Species Compendium. Available at: https://www.cabidigitallibrary.org/product/QI;2024
Apomyelois ceratoniae;Pyralidae;Guam;Oceania;Oceanina;;;CAB International (CABI) (2024). CABI Invasive Species Compendium. Available at: https://www.cabidigitallibrary.org/product/QI;2024
Apomyelois ceratoniae;Pyralidae;Hungary;Europe;Palearctic;;0;Lopez-Vaamonde, C., et al. (2010). Lepidoptera. Chapter 11. BioRisk. 4: 603-668;2010
Apomyelois ceratoniae;Pyralidae;Iraq;Asia;Saharo-Arabian;;0;CAB International (CABI) (2024). CABI Invasive Species Compendium. Available at: https://www.cabidigitallibrary.org/product/QI;2024
Apomyelois ceratoniae;Pyralidae;Israel;Asia;Saharo-Arabian;;0;CAB International (CABI) (2024). CABI Invasive Species Compendium. Available at: https://www.cabidigitallibrary.org/product/QI;2024
Apomyelois ceratoniae;Pyralidae;Italy;Europe;Palearctic;;0;CAB International (CABI) (2024). CABI Invasive Species Compendium. Available at: https://www.cabidigitallibrary.org/product/QI;2024
Apomyelois ceratoniae;Pyralidae;Jamaica;North America;Panamanian;;0;CAB International (CABI) (2024). CABI Invasive Species Compendium. Available at: https://www.cabidigitallibrary.org/product/QI;2024
Apomyelois ceratoniae;Pyralidae;Japan;Asia;Sino-Japanese;;0;CAB International (CABI) (2024). CABI Invasive Species Compendium. Available at: https://www.cabidigitallibrary.org/product/QI;2024
Apomyelois ceratoniae;Pyralidae;Sri Lanka;Asia;Oriental;;;CAB International (CABI) (2024). CABI Invasive Species Compendium. Available at: https://www.cabidigitallibrary.org/product/QI;2024
Apomyelois ceratoniae;Pyralidae;Morocco;Africa;Saharo-Arabian;;0;CAB International (CABI) (2024). CABI Invasive Species Compendium. Available at: https://www.cabidigitallibrary.org/product/QI;2024
Apomyelois ceratoniae;Pyralidae;Madagascar;Africa;Madagascan;;0;CAB International (CABI) (2024). CABI Invasive Species Compendium. Available at: https://www.cabidigitallibrary.org/product/QI;2024
Apomyelois ceratoniae;Pyralidae;Netherlands;Europe;Palearctic;;0;Lopez-Vaamonde, C., et al. (2010). Lepidoptera. Chapter 11. BioRisk. 4: 603-668;2010
Apomyelois ceratoniae;Pyralidae;Norway;Europe;Palearctic;;0;Lopez-Vaamonde, C., et al. (2010). Lepidoptera. Chapter 11. BioRisk. 4: 603-668;2010
Apomyelois ceratoniae;Pyralidae;Poland;Europe;Palearctic;;0;Lopez-Vaamonde, C., et al. (2010). Lepidoptera. Chapter 11. BioRisk. 4: 603-668;2010
Apomyelois ceratoniae;Pyralidae;Portugal;Europe;Palearctic;;0;CAB International (CABI) (2024). CABI Invasive Species Compendium. Available at: https://www.cabidigitallibrary.org/product/QI;2024
Apomyelois ceratoniae;Pyralidae;Romania;Europe;Palearctic;2000;0;Perring, T., et al. (2015). Carob Moth, Lesser Date Moth, and Raisin Moth. In: W. Wakil et al. (eds.), Sustainable Pest Management in Date Palm: Current Status and Emerging Challenges, Sustainability in Plant and Crop Protection. Springer International Publishing. 109-167;2015
Apomyelois ceratoniae;Pyralidae;Russia Europe;Europe;Palearctic;;;CAB International (CABI) (2024). CABI Invasive Species Compendium. Available at: https://www.cabidigitallibrary.org/product/QI;2024
Apomyelois ceratoniae;Pyralidae;Russia Asia;Asia;Palearctic;;0;Lopez-Vaamonde, C., et al. (2010). Lepidoptera. Chapter 11. BioRisk. 4: 603-668;2010
Apomyelois ceratoniae;Pyralidae;Slovenia;Europe;Palearctic;;;Invasive Species Specialist Group ISSG (2020). Global Register of Introduced and Invasive Species GRIIS. Available at: https://griis.org;2020
Apomyelois ceratoniae;Pyralidae;Sweden;Europe;Palearctic;;0;Invasive Species Specialist Group ISSG (2020). Global Register of Introduced and Invasive Species GRIIS. Available at: https://griis.org;2020
Apomyelois ceratoniae;Pyralidae;Syria;Asia;Saharo-Arabian;;0;CAB International (CABI) (2024). CABI Invasive Species Compendium. Available at: https://www.cabidigitallibrary.org/product/QI;2024
Apomyelois ceratoniae;Pyralidae;Trinidad and Tobago;South America;Neotropical;;0;CAB International (CABI) (2024). CABI Invasive Species Compendium. Available at: https://www.cabidigitallibrary.org/product/QI;2024
Apomyelois ceratoniae;Pyralidae;Tunisia;Africa;Saharo-Arabian;;0;CAB International (CABI) (2024). CABI Invasive Species Compendium. Available at: https://www.cabidigitallibrary.org/product/QI;2024
Apomyelois ceratoniae;Pyralidae;Taiwan;Asia;Oriental;;0;CAB International (CABI) (2024). CABI Invasive Species Compendium. Available at: https://www.cabidigitallibrary.org/product/QI;2024
Apomyelois ceratoniae;Pyralidae;United States;North America;Nearctic;;0;CAB International (CABI) (2024). CABI Invasive Species Compendium. Available at: https://www.cabidigitallibrary.org/product/QI;2024
Apomyelois ceratoniae;Pyralidae;Hawaii;Oceania;Nearctic;1915;0;Turner, R., et al. (2024). International Non-native Insect Establishment Data (0.2.1) [Data set]. Zenodo.;2024
Apomyelois ceratoniae;Pyralidae;Venezuela;South America;Neotropical;;;CAB International (CABI) (2024). CABI Invasive Species Compendium. Available at: https://www.cabidigitallibrary.org/product/QI;2024
Apomyelois ceratoniae;Pyralidae;South Africa;Africa;Afrotropical;;0;Turner, R., et al. (2024). International Non-native Insect Establishment Data (0.2.1) [Data set]. Zenodo.;2024
Apomyelois ceratoniae;Pyralidae;Zimbabwe;Africa;Afrotropical;;;CAB International (CABI) (2024). CABI Invasive Species Compendium. Available at: https://www.cabidigitallibrary.org/product/QI;2024
Apopestes spectrum;Erebidae;Denmark;Europe;Palearctic;;;CAB International (CABI) (2024). CABI Invasive Species Compendium. Available at: https://www.cabidigitallibrary.org/product/QI;2024
Appias lyncida;Pieridae;Japan;Asia;Oriental;1984;0;Turner, R., et al. (2024). International Non-native Insect Establishment Data (0.2.1) [Data set]. Zenodo.;2024
Appias lyncida;Pieridae;Japan;Asia;Sino-Japanese;;0;National Institute for Environmental Studies - Japan (2024). Invasive Species of Japan: Lepidopterans (provisional list);2024
Aproaerema modicella;Gelechiidae;Mozambique;Africa;Afrotropical;1999;0;du Plessis, H. (2002). Groundnut leaf miner, Aproaerema modicella in Southern Africa. International Arachis Newsletter. 22: 48-49;2002
Aproaerema modicella;Gelechiidae;Malawi;Africa;Afrotropical;2000;0;du Plessis, H. (2002). Groundnut leaf miner, Aproaerema modicella in Southern Africa. International Arachis Newsletter. 22: 48-49;2002
Aproaerema modicella;Gelechiidae;Uganda;Africa;Afrotropical;1998;0;du Plessis, H. (2002). Groundnut leaf miner, Aproaerema modicella in Southern Africa. International Arachis Newsletter. 22: 48-49;2002
Aproaerema modicella;Gelechiidae;South Africa;Africa;Afrotropical;2002;0;du Plessis, H. (2002). Groundnut leaf miner, Aproaerema modicella in Southern Africa. International Arachis Newsletter. 22: 48-49;2002
Aproaerema polychromella;Gelechiidae;Denmark;Europe;Palearctic;;;CAB International (CABI) (2024). CABI Invasive Species Compendium. Available at: https://www.cabidigitallibrary.org/product/QI;2024
Aproaerema simplexella;Gelechiidae;Democratic Republic of the Congo;Africa;Afrotropical;;0;Kinyanjui, G., et al. (2019). Infestation Levels and Molecular Identification Based on Mitochondrial COI Barcode Region of Five Invasive Gelechiidae Pest Species in Kenya. Journal of Economic Entomology. 112(2): 872-882;2019
Aproaerema simplexella;Gelechiidae;Kenya;Africa;Afrotropical;;0;Kinyanjui, G., et al. (2019). Infestation Levels and Molecular Identification Based on Mitochondrial COI Barcode Region of Five Invasive Gelechiidae Pest Species in Kenya. Journal of Economic Entomology. 112(2): 872-882;2019
Aproaerema simplexella;Gelechiidae;Mozambique;Africa;Afrotropical;;0;Kinyanjui, G., et al. (2019). Infestation Levels and Molecular Identification Based on Mitochondrial COI Barcode Region of Five Invasive Gelechiidae Pest Species in Kenya. Journal of Economic Entomology. 112(2): 872-882;2019
Aproaerema simplexella;Gelechiidae;Malawi;Africa;Afrotropical;;0;Kinyanjui, G., et al. (2019). Infestation Levels and Molecular Identification Based on Mitochondrial COI Barcode Region of Five Invasive Gelechiidae Pest Species in Kenya. Journal of Economic Entomology. 112(2): 872-882;2019
Aproaerema simplexella;Gelechiidae;Uganda;Africa;Afrotropical;;0;Kinyanjui, G., et al. (2019). Infestation Levels and Molecular Identification Based on Mitochondrial COI Barcode Region of Five Invasive Gelechiidae Pest Species in Kenya. Journal of Economic Entomology. 112(2): 872-882;2019
Aproaerema simplexella;Gelechiidae;South Africa;Africa;Afrotropical;;0;Kinyanjui, G., et al. (2019). Infestation Levels and Molecular Identification Based on Mitochondrial COI Barcode Region of Five Invasive Gelechiidae Pest Species in Kenya. Journal of Economic Entomology. 112(2): 872-882;2019
Apterona helicoidella;Psychidae;United States;North America;Nearctic;1940;0;Simpson, A., et al. (2022). United States Register of Introduced and Invasive Species (US-RIIS) (ver. 2.0, November 2022): U.S. Geological Survey data release. Available at: https://www.sciencebase.gov/catalog/item/62d59ae5d34e87fffb2dda99;2022
Araeopteron ecphaea;Noctuidae;France;Europe;Palearctic;;0;Invasive Species Specialist Group ISSG (2020). Global Register of Introduced and Invasive Species GRIIS. Available at: https://griis.org;2020
Araeopteron ecphaea;Noctuidae;French European Islands;Europe;Palearctic;;0;Roy, D., et al. (2020). DAISIE - Delivering Alien Invasive Species Inventories for Europe. Available at: http://www.europe-aliens.org/;2020
Archips fuscocupreanus;Tortricidae;United States;North America;Nearctic;1982;0;CAB International (CABI) (2024). CABI Invasive Species Compendium. Available at: https://www.cabidigitallibrary.org/product/QI;2024
Archips oporana;Tortricidae;United States;North America;Nearctic;;0;Simpson, A., et al. (2022). United States Register of Introduced and Invasive Species (US-RIIS) (ver. 2.0, November 2022): U.S. Geological Survey data release. Available at: https://www.sciencebase.gov/catalog/item/62d59ae5d34e87fffb2dda99;2022
Archips podana;Tortricidae;United States;North America;Nearctic;1937;0;European and Mediterranean Plant Protection Organization (EPPO) (2024). EPPO Global Database. Available at: https://gd.eppo.int;2024
Archips rosana;Tortricidae;United States;North America;Nearctic;;0;Simpson, A., et al. (2022). United States Register of Introduced and Invasive Species (US-RIIS) (ver. 2.0, November 2022): U.S. Geological Survey data release. Available at: https://www.sciencebase.gov/catalog/item/62d59ae5d34e87fffb2dda99;2022
Archips rosana;Tortricidae;Alaska;North America;Nearctic;1889;0;Simpson, A., et al. (2022). United States Register of Introduced and Invasive Species (US-RIIS) (ver. 2.0, November 2022): U.S. Geological Survey data release. Available at: https://www.sciencebase.gov/catalog/item/62d59ae5d34e87fffb2dda99;2022
Archips xylosteana;Tortricidae;Canada;North America;Nearctic;2005;0;CAB International (CABI) (2024). CABI Invasive Species Compendium. Available at: https://www.cabidigitallibrary.org/product/QI;2024
Arcola malloi;Pyralidae;Australia;Australia;Australian;1997;1;Wells, B., Minteer, C. (2021). Alligatorweed Stem Borer (suggested common name) Arcola malloi Pastrana (Insecta: Lepidoptera: Pyralidae: Phycitinae): EENY764/IN1300, 8/2020. EDIS. 2021(1): 4-4;2021
Arcola malloi;Pyralidae;New Zealand;Oceania;Australian;1984;1;Wells, B., Minteer, C. (2021). Alligatorweed Stem Borer (suggested common name) Arcola malloi Pastrana (Insecta: Lepidoptera: Pyralidae: Phycitinae): EENY764/IN1300, 8/2020. EDIS. 2021(1): 4-4;2021
Arcola malloi;Pyralidae;United States;North America;Nearctic;1972;1;Wells, B., Minteer, C. (2021). Alligatorweed Stem Borer (suggested common name) Arcola malloi Pastrana (Insecta: Lepidoptera: Pyralidae: Phycitinae): EENY764/IN1300, 8/2020. EDIS. 2021(1): 4-4;2021
Arcte coerula;Erebidae;Hawaii;Oceania;Nearctic;2018;0;Turner, R., et al. (2024). International Non-native Insect Establishment Data (0.2.1) [Data set]. Zenodo.;2024
Arenipses sabella;Pyralidae;Spain;Europe;Palearctic;1999;0;Roy, D., et al. (2020). DAISIE - Delivering Alien Invasive Species Inventories for Europe. Available at: http://www.europe-aliens.org/;2020
Arenipses sabella;Pyralidae;France;Europe;Palearctic;;0;Roy, D., et al. (2020). DAISIE - Delivering Alien Invasive Species Inventories for Europe. Available at: http://www.europe-aliens.org/;2020
Argyresthia conjugella;Argyresthiidae;United States;North America;Nearctic;1896;0;Simpson, A., et al. (2022). United States Register of Introduced and Invasive Species (US-RIIS) (ver. 2.0, November 2022): U.S. Geological Survey data release. Available at: https://www.sciencebase.gov/catalog/item/62d59ae5d34e87fffb2dda99;2022
Argyresthia cupressella;Argyresthiidae;United Kingdom;Europe;Palearctic;1997;0;Turner, R., et al. (2024). International Non-native Insect Establishment Data (0.2.1) [Data set]. Zenodo.;2024
Argyresthia laevigatella;Argyresthiidae;Lithuania;Europe;Palearctic;;0;Lopez-Vaamonde, C., et al. (2010). Lepidoptera. Chapter 11. BioRisk. 4: 603-668;2010
Argyresthia pruniella;Argyresthiidae;Canada;North America;Nearctic;2007;;CAB International (CABI) (2024). CABI Invasive Species Compendium. Available at: https://www.cabidigitallibrary.org/product/QI;2024
Argyresthia pruniella;Argyresthiidae;United States;North America;Nearctic;2011;0;CAB International (CABI) (2024). CABI Invasive Species Compendium. Available at: https://www.cabidigitallibrary.org/product/QI;2024
Argyresthia thuiella;Argyresthiidae;Austria;Europe;Palearctic;;0;Invasive Species Specialist Group ISSG (2020). Global Register of Introduced and Invasive Species GRIIS. Available at: https://griis.org;2020
Argyresthia thuiella;Argyresthiidae;Belgium;Europe;Palearctic;;0;Roy, D., et al. (2020). DAISIE - Delivering Alien Invasive Species Inventories for Europe. Available at: http://www.europe-aliens.org/;2020
Argyresthia thuiella;Argyresthiidae;Bulgaria;Europe;Palearctic;;0;Roy, D., et al. (2020). DAISIE - Delivering Alien Invasive Species Inventories for Europe. Available at: http://www.europe-aliens.org/;2020
Argyresthia thuiella;Argyresthiidae;Switzerland;Europe;Palearctic;1993;0;Roy, D., et al. (2020). DAISIE - Delivering Alien Invasive Species Inventories for Europe. Available at: http://www.europe-aliens.org/;2020
Argyresthia thuiella;Argyresthiidae;Czechia;Europe;Palearctic;;0;Invasive Species Specialist Group ISSG (2020). Global Register of Introduced and Invasive Species GRIIS. Available at: https://griis.org;2020
Argyresthia thuiella;Argyresthiidae;Germany;Europe;Palearctic;;0;Roy, D., et al. (2020). DAISIE - Delivering Alien Invasive Species Inventories for Europe. Available at: http://www.europe-aliens.org/;2020
Argyresthia thuiella;Argyresthiidae;Croatia;Europe;Palearctic;;;Invasive Species Specialist Group ISSG (2020). Global Register of Introduced and Invasive Species GRIIS. Available at: https://griis.org;2020
Argyresthia thuiella;Argyresthiidae;Hungary;Europe;Palearctic;;0;Roy, D., et al. (2020). DAISIE - Delivering Alien Invasive Species Inventories for Europe. Available at: http://www.europe-aliens.org/;2020
Argyresthia thuiella;Argyresthiidae;Netherlands;Europe;Palearctic;;0;Roy, D., et al. (2020). DAISIE - Delivering Alien Invasive Species Inventories for Europe. Available at: http://www.europe-aliens.org/;2020
Argyresthia thuiella;Argyresthiidae;Poland;Europe;Palearctic;;0;Invasive Species Specialist Group ISSG (2020). Global Register of Introduced and Invasive Species GRIIS. Available at: https://griis.org;2020
Argyresthia thuiella;Argyresthiidae;Romania;Europe;Palearctic;2000;0;Invasive Species Specialist Group ISSG (2020). Global Register of Introduced and Invasive Species GRIIS. Available at: https://griis.org;2020
Argyresthia thuiella;Argyresthiidae;Slovakia;Europe;Palearctic;;0;Roy, D., et al. (2020). DAISIE - Delivering Alien Invasive Species Inventories for Europe. Available at: http://www.europe-aliens.org/;2020
Argyresthia thuiella;Argyresthiidae;Slovenia;Europe;Palearctic;;0;Roy, D., et al. (2020). DAISIE - Delivering Alien Invasive Species Inventories for Europe. Available at: http://www.europe-aliens.org/;2020
Argyresthia trifasciata;Argyresthiidae;Belgium;Europe;Palearctic;;0;CAB International (CABI) (2024). CABI Invasive Species Compendium. Available at: https://www.cabidigitallibrary.org/product/QI;2024
Argyresthia trifasciata;Argyresthiidae;Czechia;Europe;Palearctic;1995;0;CAB International (CABI) (2024). CABI Invasive Species Compendium. Available at: https://www.cabidigitallibrary.org/product/QI;2024
Argyresthia trifasciata;Argyresthiidae;Germany;Europe;Palearctic;1985;0;CAB International (CABI) (2024). CABI Invasive Species Compendium. Available at: https://www.cabidigitallibrary.org/product/QI;2024
Argyresthia trifasciata;Argyresthiidae;Denmark;Europe;Palearctic;;0;CAB International (CABI) (2024). CABI Invasive Species Compendium. Available at: https://www.cabidigitallibrary.org/product/QI;2024
Argyresthia trifasciata;Argyresthiidae;United Kingdom;Europe;Palearctic;1982;0;CAB International (CABI) (2024). CABI Invasive Species Compendium. Available at: https://www.cabidigitallibrary.org/product/QI;2024
Argyresthia trifasciata;Argyresthiidae;Hungary;Europe;Palearctic;;0;CAB International (CABI) (2024). CABI Invasive Species Compendium. Available at: https://www.cabidigitallibrary.org/product/QI;2024
Argyresthia trifasciata;Argyresthiidae;Latvia;Europe;Palearctic;;0;Lopez-Vaamonde, C., et al. (2010). Lepidoptera. Chapter 11. BioRisk. 4: 603-668;2010
Argyresthia trifasciata;Argyresthiidae;Netherlands;Europe;Palearctic;;0;CAB International (CABI) (2024). CABI Invasive Species Compendium. Available at: https://www.cabidigitallibrary.org/product/QI;2024
Argyresthia trifasciata;Argyresthiidae;Norway;Europe;Palearctic;1848;0;CAB International (CABI) (2024). CABI Invasive Species Compendium. Available at: https://www.cabidigitallibrary.org/product/QI;2024
Argyresthia trifasciata;Argyresthiidae;Poland;Europe;Palearctic;;0;Invasive Species Specialist Group ISSG (2020). Global Register of Introduced and Invasive Species GRIIS. Available at: https://griis.org;2020
Argyresthia trifasciata;Argyresthiidae;Slovakia;Europe;Palearctic;;0;CAB International (CABI) (2024). CABI Invasive Species Compendium. Available at: https://www.cabidigitallibrary.org/product/QI;2024
Argyresthia trifasciata;Argyresthiidae;Slovenia;Europe;Palearctic;;0;CAB International (CABI) (2024). CABI Invasive Species Compendium. Available at: https://www.cabidigitallibrary.org/product/QI;2024
Argyresthia trifasciata;Argyresthiidae;Sweden;Europe;Palearctic;;0;CAB International (CABI) (2024). CABI Invasive Species Compendium. Available at: https://www.cabidigitallibrary.org/product/QI;2024
Argyrogramma verruca;Noctuidae;Hawaii;Oceania;Nearctic;1999;0;Simpson, A., et al. (2022). United States Register of Introduced and Invasive Species (US-RIIS) (ver. 2.0, November 2022): U.S. Geological Survey data release. Available at: https://www.sciencebase.gov/catalog/item/62d59ae5d34e87fffb2dda99;2022
Ariadne ariadne;Nymphalidae;Japan;Asia;Oriental;1983;0;Turner, R., et al. (2024). International Non-native Insect Establishment Data (0.2.1) [Data set]. Zenodo.;2024
Aristaea thalassias;Gracillariidae;South Africa;Africa;Afrotropical;;1;Turner, R., et al. (2024). International Non-native Insect Establishment Data (0.2.1) [Data set]. Zenodo.;2024
Aristotelia ivae;Gelechiidae;Australia;Australia;Australian;1969;1;Mally, R., et al. (2022), Moths and butterflies on alien shores - global biogeography of non-native Lepidoptera. Dryad, Dataset. Available at: https://doi.org/10.5061/dryad.31zcrjdnw;2022
Artigisa melanephele;Erebidae;New Zealand;Oceania;Australian;1926;;Turner, R., et al. (2024). International Non-native Insect Establishment Data (0.2.1) [Data set]. Zenodo.;2024
Artona martini;Zygaenidae;New Zealand;Oceania;Australian;1996;0;Turner, R., et al. (2024). International Non-native Insect Establishment Data (0.2.1) [Data set]. Zenodo.;2024
Ascalapha odorata;Erebidae;Denmark;Europe;Palearctic;;;CAB International (CABI) (2024). CABI Invasive Species Compendium. Available at: https://www.cabidigitallibrary.org/product/QI;2024
Ascalapha odorata;Erebidae;France;Europe;Palearctic;;;Invasive Species Specialist Group ISSG (2020). Global Register of Introduced and Invasive Species GRIIS. Available at: https://griis.org;2020
Ascalapha odorata;Erebidae;Hawaii;Oceania;Nearctic;1928;0;Turner, R., et al. (2024). International Non-native Insect Establishment Data (0.2.1) [Data set]. Zenodo.;2024
Ascalenia acaciella;Cosmopterigidae;Malta;Europe;Saharo-Arabian;2001;;CAB International (CABI) (2024). CABI Invasive Species Compendium. Available at: https://www.cabidigitallibrary.org/product/QI;2024
Ascalenia acaciella;Cosmopterigidae;Montenegro;Europe;Palearctic;;0;Lopez-Vaamonde, C., et al. (2010). Lepidoptera. Chapter 11. BioRisk. 4: 603-668;2010
Asciodes gordialis;Crambidae;Galapagos;South America;Neotropical;1906;;Turner, R., et al. (2024). International Non-native Insect Establishment Data (0.2.1) [Data set]. Zenodo.;2024
Asciodes gordialis;Crambidae;Hawaii;Oceania;Nearctic;2017;0;Simpson, A., et al. (2022). United States Register of Introduced and Invasive Species (US-RIIS) (ver. 2.0, November 2022): U.S. Geological Survey data release. Available at: https://www.sciencebase.gov/catalog/item/62d59ae5d34e87fffb2dda99;2022
Asota ficus;Erebidae;Japan;Asia;Oriental;1964;0;Yamanaka, T., et al. (2015). Comparison of insect invasions in North America, Japan and their Islands. Biological Invasions. 17(10): 3049-3061;2015
Asota ficus;Erebidae;Japan;Asia;Sino-Japanese;1962;0;Turner, R., et al. (2024). International Non-native Insect Establishment Data (0.2.1) [Data set]. Zenodo.;2024
Assara seminivale;Pyralidae;Hawaii;Oceania;Nearctic;1982;0;Turner, R., et al. (2024). International Non-native Insect Establishment Data (0.2.1) [Data set]. Zenodo.;2024
Ategumia adipalis;Crambidae;Hawaii;Oceania;Nearctic;1965;1;Turner, R., et al. (2024). International Non-native Insect Establishment Data (0.2.1) [Data set]. Zenodo.;2024
Ategumia ebulealis;Crambidae;Hawaii;Oceania;Nearctic;1969;1;Turner, R., et al. (2024). International Non-native Insect Establishment Data (0.2.1) [Data set]. Zenodo.;2024
Athetis nonagrica;Noctuidae;Hawaii;Oceania;Nearctic;1903;0;Turner, R., et al. (2024). International Non-native Insect Establishment Data (0.2.1) [Data set]. Zenodo.;2024
Athetis tenuis;Noctuidae;New Zealand;Oceania;Australian;1973;;Turner, R., et al. (2024). International Non-native Insect Establishment Data (0.2.1) [Data set]. Zenodo.;2024
Athetis thoracica;Noctuidae;Hawaii;Oceania;Nearctic;1906;0;Turner, R., et al. (2024). International Non-native Insect Establishment Data (0.2.1) [Data set]. Zenodo.;2024
Athrips rancidella;Gelechiidae;United States;North America;Nearctic;1929;0;CAB International (CABI) (2024). CABI Invasive Species Compendium. Available at: https://www.cabidigitallibrary.org/product/QI;2024
Autosticha kyotensis;Autostichidae;United States;North America;Nearctic;1975;0;Simpson, A., et al. (2022). United States Register of Introduced and Invasive Species (US-RIIS) (ver. 2.0, November 2022): U.S. Geological Survey data release. Available at: https://www.sciencebase.gov/catalog/item/62d59ae5d34e87fffb2dda99;2022
Autosticha modicella;Autostichidae;France;Europe;Palearctic;;;Invasive Species Specialist Group ISSG (2020). Global Register of Introduced and Invasive Species GRIIS. Available at: https://griis.org;2020
Autosticha pelodes;Autostichidae;Hawaii;Oceania;Nearctic;1877;0;Turner, R., et al. (2024). International Non-native Insect Establishment Data (0.2.1) [Data set]. Zenodo.;2024
Azeta repugnalis;Erebidae;Saint Lucia;North America;Neotropical;2001;;CAB International (CABI) (2024). CABI Invasive Species Compendium. Available at: https://www.cabidigitallibrary.org/product/QI;2024
Bactra philocherda;Tortricidae;Galapagos;South America;Neotropical;1989;0;Turner, R., et al. (2024). International Non-native Insect Establishment Data (0.2.1) [Data set]. Zenodo.;2024
Bactra straminea;Tortricidae;Hawaii;Oceania;Nearctic;1885;0;Turner, R., et al. (2024). International Non-native Insect Establishment Data (0.2.1) [Data set]. Zenodo.;2024
Bactra venosana;Tortricidae;Hawaii;Oceania;Nearctic;1922;1;Turner, R., et al. (2024). International Non-native Insect Establishment Data (0.2.1) [Data set]. Zenodo.;2024
Bagisara repanda;Noctuidae;Galapagos;South America;Neotropical;1970;;Turner, R., et al. (2024). International Non-native Insect Establishment Data (0.2.1) [Data set]. Zenodo.;2024
Balanomis encyclia;Pyralidae;New Zealand;Oceania;Australian;1984;;Turner, R., et al. (2024). International Non-native Insect Establishment Data (0.2.1) [Data set]. Zenodo.;2024
Barea asbolaea;Oecophoridae;United Kingdom;Europe;Palearctic;2004;0;Turner, R., et al. (2024). International Non-native Insect Establishment Data (0.2.1) [Data set]. Zenodo.;2024
Barea codrella;Oecophoridae;New Zealand;Oceania;Australian;1979;0;Turner, R., et al. (2024). International Non-native Insect Establishment Data (0.2.1) [Data set]. Zenodo.;2024
Barea confusella;Oecophoridae;New Zealand;Oceania;Australian;1908;;Turner, R., et al. (2024). International Non-native Insect Establishment Data (0.2.1) [Data set]. Zenodo.;2024
Barea consignatella;Oecophoridae;New Zealand;Oceania;Australian;1909;0;Turner, R., et al. (2024). International Non-native Insect Establishment Data (0.2.1) [Data set]. Zenodo.;2024
Barea exarcha;Oecophoridae;New Zealand;Oceania;Australian;1928;0;Turner, R., et al. (2024). International Non-native Insect Establishment Data (0.2.1) [Data set]. Zenodo.;2024
Batia lunaris;Oecophoridae;United States;North America;Nearctic;1931;0;Simpson, A., et al. (2022). United States Register of Introduced and Invasive Species (US-RIIS) (ver. 2.0, November 2022): U.S. Geological Survey data release. Available at: https://www.sciencebase.gov/catalog/item/62d59ae5d34e87fffb2dda99;2022
Batrachedra amydraula;Batrachedridae;Israel;Asia;Saharo-Arabian;;0;Blumberg, D. (2008). Review: Date Palm Arthropod Pests and Their Management in Israel. Phytoparasitica. 36(5): 411-448;2008
Batrachedra knabi;Batrachedridae;France;Europe;Palearctic;;;Invasive Species Specialist Group ISSG (2020). Global Register of Introduced and Invasive Species GRIIS. Available at: https://griis.org;2020
Bedellia orchilella;Bedelliidae;United States;North America;Nearctic;;0;Simpson, A., et al. (2022). United States Register of Introduced and Invasive Species (US-RIIS) (ver. 2.0, November 2022): U.S. Geological Survey data release. Available at: https://www.sciencebase.gov/catalog/item/62d59ae5d34e87fffb2dda99;2022
Bedellia somnulentella;Bedelliidae;Australia;Australia;Australian;;;Mally, R., et al. (2022), Moths and butterflies on alien shores - global biogeography of non-native Lepidoptera. Dryad, Dataset. Available at: https://doi.org/10.5061/dryad.31zcrjdnw;2022
Bedellia somnulentella;Bedelliidae;Brazil;South America;Neotropical;2018;0;Cabral, M., et al. (2023) Bedellia somnulentella (Lepidoptera: Bedelliidae): New hosts of the genus Ipomoea (Convolvulaceae) in Brazil. Journal of Plant Diseases and Protection. 130(1): 205-209;2023
Bedellia somnulentella;Bedelliidae;Ireland;Europe;Palearctic;;;Invasive Species Specialist Group ISSG (2020). Global Register of Introduced and Invasive Species GRIIS. Available at: https://griis.org;2020
Bedellia somnulentella;Bedelliidae;United States;North America;Nearctic;1865;0;Simpson, A., et al. (2022). United States Register of Introduced and Invasive Species (US-RIIS) (ver. 2.0, November 2022): U.S. Geological Survey data release. Available at: https://www.sciencebase.gov/catalog/item/62d59ae5d34e87fffb2dda99;2022
Bema neuricella;Pyralidae;United States;North America;Nearctic;1984;0;Simpson, A., et al. (2022). United States Register of Introduced and Invasive Species (US-RIIS) (ver. 2.0, November 2022): U.S. Geological Survey data release. Available at: https://www.sciencebase.gov/catalog/item/62d59ae5d34e87fffb2dda99;2022
Bifascioides leucomelanella;Cosmopterigidae;Malta;Europe;Saharo-Arabian;;;CAB International (CABI) (2024). CABI Invasive Species Compendium. Available at: https://www.cabidigitallibrary.org/product/QI;2024
Bifascioides leucomelanella;Cosmopterigidae;Montenegro;Europe;Palearctic;;0;Lopez-Vaamonde, C., et al. (2010). Lepidoptera. Chapter 11. BioRisk. 4: 603-668;2010
Bilobata subsecivella;Gelechiidae;New Zealand;Oceania;Australian;1923;;Turner, R., et al. (2024). International Non-native Insect Establishment Data (0.2.1) [Data set]. Zenodo.;2024
Blastobasis adustella;Blastobasidae;Belgium;Europe;Palearctic;;0;Lopez-Vaamonde, C., et al. (2010). Lepidoptera. Chapter 11. BioRisk. 4: 603-668;2010
Blastobasis adustella;Blastobasidae;France;Europe;Palearctic;;0;Invasive Species Specialist Group ISSG (2020). Global Register of Introduced and Invasive Species GRIIS. Available at: https://griis.org;2020
Blastobasis adustella;Blastobasidae;United Kingdom;Europe;Palearctic;;0;Roy, D., et al. (2020). DAISIE - Delivering Alien Invasive Species Inventories for Europe. Available at: http://www.europe-aliens.org/;2020
Blastobasis adustella;Blastobasidae;Ireland;Europe;Palearctic;1902;0;Roy, D., et al. (2020). DAISIE - Delivering Alien Invasive Species Inventories for Europe. Available at: http://www.europe-aliens.org/;2020
Blastobasis adustella;Blastobasidae;Netherlands;Europe;Palearctic;;0;Roy, D., et al. (2020). DAISIE - Delivering Alien Invasive Species Inventories for Europe. Available at: http://www.europe-aliens.org/;2020
Blastobasis decolorella;Blastobasidae;Ireland;Europe;Palearctic;;;Invasive Species Specialist Group ISSG (2020). Global Register of Introduced and Invasive Species GRIIS. Available at: https://griis.org;2020
Blastobasis glandulella;Blastobasidae;France;Europe;Palearctic;;;Invasive Species Specialist Group ISSG (2020). Global Register of Introduced and Invasive Species GRIIS. Available at: https://griis.org;2020
Blastobasis inana;Blastobasidae;Hawaii;Oceania;Nearctic;1907;0;Turner, R., et al. (2024). International Non-native Insect Establishment Data (0.2.1) [Data set]. Zenodo.;2024
Blastobasis lacticolella;Blastobasidae;Denmark;Europe;Palearctic;;;Invasive Species Specialist Group ISSG (2020). Global Register of Introduced and Invasive Species GRIIS. Available at: https://griis.org;2020
Blastobasis lacticolella;Blastobasidae;United Kingdom;Europe;Palearctic;1946;0;Roy, D., et al. (2020). DAISIE - Delivering Alien Invasive Species Inventories for Europe. Available at: http://www.europe-aliens.org/;2020
Blastobasis lacticolella;Blastobasidae;Ireland;Europe;Palearctic;;0;Roy, D., et al. (2020). DAISIE - Delivering Alien Invasive Species Inventories for Europe. Available at: http://www.europe-aliens.org/;2020
Blastobasis marmorosella;Blastobasidae;New Zealand;Oceania;Australian;1988;;Turner, R., et al. (2024). International Non-native Insect Establishment Data (0.2.1) [Data set]. Zenodo.;2024
Blastobasis maroccanella;Blastobasidae;France;Europe;Palearctic;;0;Invasive Species Specialist Group ISSG (2020). Global Register of Introduced and Invasive Species GRIIS. Available at: https://griis.org;2020
Blastobasis maroccanella;Blastobasidae;United Kingdom;Europe;Palearctic;2014;;CAB International (CABI) (2024). CABI Invasive Species Compendium. Available at: https://www.cabidigitallibrary.org/product/QI;2024
Blastobasis maroccanella;Blastobasidae;United States;North America;Nearctic;2000;0;Simpson, A., et al. (2022). United States Register of Introduced and Invasive Species (US-RIIS) (ver. 2.0, November 2022): U.S. Geological Survey data release. Available at: https://www.sciencebase.gov/catalog/item/62d59ae5d34e87fffb2dda99;2022
Blastobasis rebeli;Blastobasidae;United Kingdom;Europe;Palearctic;1998;0;Roy, D., et al. (2020). DAISIE - Delivering Alien Invasive Species Inventories for Europe. Available at: http://www.europe-aliens.org/;2020
Blastobasis tarda;Blastobasidae;France;Europe;Palearctic;;;Invasive Species Specialist Group ISSG (2020). Global Register of Introduced and Invasive Species GRIIS. Available at: https://griis.org;2020
Blastobasis tarda;Blastobasidae;New Zealand;Oceania;Australian;;;Turner, R., et al. (2024). International Non-native Insect Establishment Data (0.2.1) [Data set]. Zenodo.;2024
Blastobasis tarda;Blastobasidae;United States;North America;Nearctic;2009;0;Simpson, A., et al. (2022). United States Register of Introduced and Invasive Species (US-RIIS) (ver. 2.0, November 2022): U.S. Geological Survey data release. Available at: https://www.sciencebase.gov/catalog/item/62d59ae5d34e87fffb2dda99;2022
Blastobasis vittata;Blastobasidae;Ireland;Europe;Palearctic;;;CAB International (CABI) (2024). CABI Invasive Species Compendium. Available at: https://www.cabidigitallibrary.org/product/QI;2024
Bleptina araealis;Erebidae;United States;North America;Nearctic;1986;0;Simpson, A., et al. (2022). United States Register of Introduced and Invasive Species (US-RIIS) (ver. 2.0, November 2022): U.S. Geological Survey data release. Available at: https://www.sciencebase.gov/catalog/item/62d59ae5d34e87fffb2dda99;2022
Bleszynskia malacelloides;Crambidae;New Zealand;Oceania;Australian;1927;;Turner, R., et al. (2024). International Non-native Insect Establishment Data (0.2.1) [Data set]. Zenodo.;2024
Bocana manifestalis;Erebidae;Hawaii;Oceania;Nearctic;1910;0;Turner, R., et al. (2024). International Non-native Insect Establishment Data (0.2.1) [Data set]. Zenodo.;2024
Bocchoris fatualis;Crambidae;Hawaii;Oceania;Nearctic;1958;1;Turner, R., et al. (2024). International Non-native Insect Establishment Data (0.2.1) [Data set]. Zenodo.;2024
Bombyx mori;Bombycidae;Australia;Australia;Australian;;;Mally, R., et al. (2022), Moths and butterflies on alien shores - global biogeography of non-native Lepidoptera. Dryad, Dataset. Available at: https://doi.org/10.5061/dryad.31zcrjdnw;2022
Bombyx mori;Bombycidae;Canada;North America;Nearctic;;;Invasive Species Specialist Group ISSG (2020). Global Register of Introduced and Invasive Species GRIIS. Available at: https://griis.org;2020
Bombyx mori;Bombycidae;Denmark;Europe;Palearctic;;;Invasive Species Specialist Group ISSG (2020). Global Register of Introduced and Invasive Species GRIIS. Available at: https://griis.org;2020
Bombyx mori;Bombycidae;Nepal;Asia;Sino-Japanese;;;Invasive Species Specialist Group ISSG (2020). Global Register of Introduced and Invasive Species GRIIS. Available at: https://griis.org;2020
Bombyx mori;Bombycidae;United States;North America;Nearctic;;1;Simpson, A., et al. (2022). United States Register of Introduced and Invasive Species (US-RIIS) (ver. 2.0, November 2022): U.S. Geological Survey data release. Available at: https://www.sciencebase.gov/catalog/item/62d59ae5d34e87fffb2dda99;2022
Borbo cinnara;Hesperiidae;Japan;Asia;Oriental;;0;Turner, R., et al. (2024). International Non-native Insect Establishment Data (0.2.1) [Data set]. Zenodo.;2024
Borkhausenia nefrax;Oecophoridae;Spain;Europe;Palearctic;1981;0;CAB International (CABI) (2024). CABI Invasive Species Compendium. Available at: https://www.cabidigitallibrary.org/product/QI;2024
Borkhausenia nefrax;Oecophoridae;France;Europe;Palearctic;1978;0;CAB International (CABI) (2024). CABI Invasive Species Compendium. Available at: https://www.cabidigitallibrary.org/product/QI;2024
Borkhausenia nefrax;Oecophoridae;Netherlands;Europe;Palearctic;1987;0;CAB International (CABI) (2024). CABI Invasive Species Compendium. Available at: https://www.cabidigitallibrary.org/product/QI;2024
Borkhausenia nefrax;Oecophoridae;Poland;Europe;Palearctic;1961;0;CAB International (CABI) (2024). CABI Invasive Species Compendium. Available at: https://www.cabidigitallibrary.org/product/QI;2024
Brachycyttarus griseus;Psychidae;Hawaii;Oceania;Nearctic;1986;0;Turner, R., et al. (2024). International Non-native Insect Establishment Data (0.2.1) [Data set]. Zenodo.;2024
Bradyrrhoa gilveolella;Pyralidae;Australia;Australia;Australian;;;Mally, R., et al. (2022), Moths and butterflies on alien shores - global biogeography of non-native Lepidoptera. Dryad, Dataset. Available at: https://doi.org/10.5061/dryad.31zcrjdnw;2022
Bradyrrhoa gilveolella;Pyralidae;United States;North America;Nearctic;2002;1;Simpson, A., et al. (2022). United States Register of Introduced and Invasive Species (US-RIIS) (ver. 2.0, November 2022): U.S. Geological Survey data release. Available at: https://www.sciencebase.gov/catalog/item/62d59ae5d34e87fffb2dda99;2022
Brephidium exilis;Lycaenidae;United Arab Emirates;Asia;Saharo-Arabian;1990;0;Markhasiov, M. (2023). First record of Western Pygmy-Blue Brephidium exilis (Boisduval, 1852) in Iran. Atalanta. 54(1): 116-118;2023
Brephidium exilis;Lycaenidae;Iran;Asia;Saharo-Arabian;2023;0;Markhasiov, M. (2023). First record of Western Pygmy-Blue Brephidium exilis (Boisduval, 1852) in Iran. Atalanta. 54(1): 116-118;2023
Brephidium exilis;Lycaenidae;Oman;Asia;Saharo-Arabian;1990;0;Markhasiov, M. (2023). First record of Western Pygmy-Blue Brephidium exilis (Boisduval, 1852) in Iran. Atalanta. 54(1): 116-118;2023
Brephidium exilis;Lycaenidae;Saudi Arabia;Asia;Saharo-Arabian;1990;0;Markhasiov, M. (2023). First record of Western Pygmy-Blue Brephidium exilis (Boisduval, 1852) in Iran. Atalanta. 54(1): 116-118;2023
Brephidium exilis;Lycaenidae;Hawaii;Oceania;Nearctic;1978;0;Turner, R., et al. (2024). International Non-native Insect Establishment Data (0.2.1) [Data set]. Zenodo.;2024
Bucculatrix ainsliella;Bucculatricidae;Belgium;Europe;Palearctic;2006;0;van Nieukerken, E., et al. (2012). Bucculatrix ainsliella Murtfeldt, a new North American invader already widespread on northern red oaks (Quercus rubra) in Western Europe (Bucculatricidae). Nota Lepidopterologica. 35(2): 135-159;2012
Bucculatrix ainsliella;Bucculatricidae;Germany;Europe;Palearctic;2011;0;van Nieukerken, E., et al. (2012). Bucculatrix ainsliella Murtfeldt, a new North American invader already widespread on northern red oaks (Quercus rubra) in Western Europe (Bucculatricidae). Nota Lepidopterologica. 35(2): 135-159;2012
Bucculatrix ainsliella;Bucculatricidae;Netherlands;Europe;Palearctic;2006;0;Invasive Species Specialist Group ISSG (2020). Global Register of Introduced and Invasive Species GRIIS. Available at: https://griis.org;2020
Bucculatrix chrysanthemella;Bucculatricidae;Finland;Europe;Palearctic;;0;Roy, D., et al. (2020). DAISIE - Delivering Alien Invasive Species Inventories for Europe. Available at: http://www.europe-aliens.org/;2020
Bucculatrix chrysanthemella;Bucculatricidae;France;Europe;Palearctic;;0;Roy, D., et al. (2020). DAISIE - Delivering Alien Invasive Species Inventories for Europe. Available at: http://www.europe-aliens.org/;2020
Bucculatrix chrysanthemella;Bucculatricidae;Italy;Europe;Palearctic;2007;0;CAB International (CABI) (2024). CABI Invasive Species Compendium. Available at: https://www.cabidigitallibrary.org/product/QI;2024
Bucculatrix chrysanthemella;Bucculatricidae;Netherlands;Europe;Palearctic;;;Invasive Species Specialist Group ISSG (2020). Global Register of Introduced and Invasive Species GRIIS. Available at: https://griis.org;2020
Bucculatrix ivella;Bucculatricidae;Australia;Australia;Australian;;;Mally, R., et al. (2022), Moths and butterflies on alien shores - global biogeography of non-native Lepidoptera. Dryad, Dataset. Available at: https://doi.org/10.5061/dryad.31zcrjdnw;2022
Bucculatrix parthenica;Bucculatricidae;Australia;Australia;Australian;;1;Mally, R., et al. (2022), Moths and butterflies on alien shores - global biogeography of non-native Lepidoptera. Dryad, Dataset. Available at: https://doi.org/10.5061/dryad.31zcrjdnw;2022
Bucculatrix thurberiella;Bucculatricidae;Hawaii;Oceania;Nearctic;1971;0;Turner, R., et al. (2024). International Non-native Insect Establishment Data (0.2.1) [Data set]. Zenodo.;2024
Cacoecimorpha pronubana;Tortricidae;Belgium;Europe;Palearctic;;0;CAB International (CABI) (2024). CABI Invasive Species Compendium. Available at: https://www.cabidigitallibrary.org/product/QI;2024
Cacoecimorpha pronubana;Tortricidae;Canada;North America;Nearctic;2021;0;European and Mediterranean Plant Protection Organization (EPPO) (2024). EPPO Global Database. Available at: https://gd.eppo.int;2024
Cacoecimorpha pronubana;Tortricidae;Switzerland;Europe;Palearctic;;0;CAB International (CABI) (2024). CABI Invasive Species Compendium. Available at: https://www.cabidigitallibrary.org/product/QI;2024
Cacoecimorpha pronubana;Tortricidae;Germany;Europe;Palearctic;;0;CAB International (CABI) (2024). CABI Invasive Species Compendium. Available at: https://www.cabidigitallibrary.org/product/QI;2024
Cacoecimorpha pronubana;Tortricidae;Denmark;Europe;Palearctic;;0;CAB International (CABI) (2024). CABI Invasive Species Compendium. Available at: https://www.cabidigitallibrary.org/product/QI;2024
Cacoecimorpha pronubana;Tortricidae;United Kingdom;Europe;Palearctic;;0;CAB International (CABI) (2024). CABI Invasive Species Compendium. Available at: https://www.cabidigitallibrary.org/product/QI;2024
Cacoecimorpha pronubana;Tortricidae;Hungary;Europe;Palearctic;;0;European and Mediterranean Plant Protection Organization (EPPO) (2024). EPPO Global Database. Available at: https://gd.eppo.int;2024
Cacoecimorpha pronubana;Tortricidae;Ireland;Europe;Palearctic;;0;CAB International (CABI) (2024). CABI Invasive Species Compendium. Available at: https://www.cabidigitallibrary.org/product/QI;2024
Cacoecimorpha pronubana;Tortricidae;Lithuania;Europe;Palearctic;;0;European and Mediterranean Plant Protection Organization (EPPO) (2024). EPPO Global Database. Available at: https://gd.eppo.int;2024
Cacoecimorpha pronubana;Tortricidae;Luxembourg;Europe;Palearctic;;0;CAB International (CABI) (2024). CABI Invasive Species Compendium. Available at: https://www.cabidigitallibrary.org/product/QI;2024
Cacoecimorpha pronubana;Tortricidae;Netherlands;Europe;Palearctic;;0;European and Mediterranean Plant Protection Organization (EPPO) (2024). EPPO Global Database. Available at: https://gd.eppo.int;2024
Cacoecimorpha pronubana;Tortricidae;Russia Asia;Asia;Palearctic;;;European and Mediterranean Plant Protection Organization (EPPO) (2024). EPPO Global Database. Available at: https://gd.eppo.int;2024
Cacoecimorpha pronubana;Tortricidae;Serbia;Europe;Palearctic;;0;European and Mediterranean Plant Protection Organization (EPPO) (2024). EPPO Global Database. Available at: https://gd.eppo.int;2024
Cactoblastis cactorum;Pyralidae;Antigua and Barbuda;North America;Panamanian;1960;1;CAB International (CABI) (2024). CABI Invasive Species Compendium. Available at: https://www.cabidigitallibrary.org/product/QI;2024
Cactoblastis cactorum;Pyralidae;Australia;Australia;Australian;1933;1;European and Mediterranean Plant Protection Organization (EPPO) (2024). EPPO Global Database. Available at: https://gd.eppo.int;2024
Cactoblastis cactorum;Pyralidae;Bahamas;North America;Panamanian;;;European and Mediterranean Plant Protection Organization (EPPO) (2024). EPPO Global Database. Available at: https://gd.eppo.int;2024
Cactoblastis cactorum;Pyralidae;Cuba;North America;Panamanian;;;European and Mediterranean Plant Protection Organization (EPPO) (2024). EPPO Global Database. Available at: https://gd.eppo.int;2024
Cactoblastis cactorum;Pyralidae;Dominican Republic;North America;Panamanian;;;European and Mediterranean Plant Protection Organization (EPPO) (2024). EPPO Global Database. Available at: https://gd.eppo.int;2024
Cactoblastis cactorum;Pyralidae;New Caledonia;Oceania;Oceanina;;;CAB International (CABI) (2024). CABI Invasive Species Compendium. Available at: https://www.cabidigitallibrary.org/product/QI;2024
Cactoblastis cactorum;Pyralidae;British African Islands;Africa;Afrotropical;1971;1;European and Mediterranean Plant Protection Organization (EPPO) (2024). EPPO Global Database. Available at: https://gd.eppo.int;2024
Cactoblastis cactorum;Pyralidae;British North American Islands;North America;Panamanian;;;CAB International (CABI) (2024). CABI Invasive Species Compendium. Available at: https://www.cabidigitallibrary.org/product/QI;2024
Cactoblastis cactorum;Pyralidae;India;Asia;Oriental;1956;1;European and Mediterranean Plant Protection Organization (EPPO) (2024). EPPO Global Database. Available at: https://gd.eppo.int;2024
Cactoblastis cactorum;Pyralidae;Jamaica;North America;Panamanian;;;CAB International (CABI) (2024). CABI Invasive Species Compendium. Available at: https://www.cabidigitallibrary.org/product/QI;2024
Cactoblastis cactorum;Pyralidae;Kenya;Africa;Afrotropical;;;European and Mediterranean Plant Protection Organization (EPPO) (2024). EPPO Global Database. Available at: https://gd.eppo.int;2024
Cactoblastis cactorum;Pyralidae;Saint Kitts and Nevis;North America;Panamanian;1957;1;European and Mediterranean Plant Protection Organization (EPPO) (2024). EPPO Global Database. Available at: https://gd.eppo.int;2024
Cactoblastis cactorum;Pyralidae;Mauritius;Africa;Oceanina;;;European and Mediterranean Plant Protection Organization (EPPO) (2024). EPPO Global Database. Available at: https://gd.eppo.int;2024
Cactoblastis cactorum;Pyralidae;Pakistan;Asia;Oriental;;;European and Mediterranean Plant Protection Organization (EPPO) (2024). EPPO Global Database. Available at: https://gd.eppo.int;2024
Cactoblastis cactorum;Pyralidae;United States;North America;Nearctic;1989;0;CAB International (CABI) (2024). CABI Invasive Species Compendium. Available at: https://www.cabidigitallibrary.org/product/QI;2024
Cactoblastis cactorum;Pyralidae;Hawaii;Oceania;Nearctic;1950;1;European and Mediterranean Plant Protection Organization (EPPO) (2024). EPPO Global Database. Available at: https://gd.eppo.int;2024
Cactoblastis cactorum;Pyralidae;US North American Islands;North America;Panamanian;;;CAB International (CABI) (2024). CABI Invasive Species Compendium. Available at: https://www.cabidigitallibrary.org/product/QI;2024
Cactoblastis cactorum;Pyralidae;South Africa;Africa;Afrotropical;1932;1;Turner, R., et al. (2024). International Non-native Insect Establishment Data (0.2.1) [Data set]. Zenodo.;2024
Cacyreus marshalli;Lycaenidae;Albania;Europe;Palearctic;2009;0;European and Mediterranean Plant Protection Organization (EPPO) (2024). EPPO Global Database. Available at: https://gd.eppo.int;2024
Cacyreus marshalli;Lycaenidae;Austria;Europe;Palearctic;2009;0;Martelli, F., Paradiso, F. (2022). Invasion patterns and niche comparison of the butterfly Cacyreus marshalli among native and non-native range. Biological Invasions. 24: 3935-3952;2022
Cacyreus marshalli;Lycaenidae;Belgium;Europe;Palearctic;1991;0;CAB International (CABI) (2024). CABI Invasive Species Compendium. Available at: https://www.cabidigitallibrary.org/product/QI;2024
Cacyreus marshalli;Lycaenidae;Bulgaria;Europe;Palearctic;2013;0;CAB International (CABI) (2024). CABI Invasive Species Compendium. Available at: https://www.cabidigitallibrary.org/product/QI;2024
Cacyreus marshalli;Lycaenidae;Bosnia and Herzegovina;Europe;Palearctic;2016;0;CAB International (CABI) (2024). CABI Invasive Species Compendium. Available at: https://www.cabidigitallibrary.org/product/QI;2024
Cacyreus marshalli;Lycaenidae;Switzerland;Europe;Palearctic;2002;0;CAB International (CABI) (2024). CABI Invasive Species Compendium. Available at: https://www.cabidigitallibrary.org/product/QI;2024
Cacyreus marshalli;Lycaenidae;Czechia;Europe;Palearctic;2015;0;CAB International (CABI) (2024). CABI Invasive Species Compendium. Available at: https://www.cabidigitallibrary.org/product/QI;2024
Cacyreus marshalli;Lycaenidae;Germany;Europe;Palearctic;2016;0;CAB International (CABI) (2024). CABI Invasive Species Compendium. Available at: https://www.cabidigitallibrary.org/product/QI;2024
Cacyreus marshalli;Lycaenidae;Denmark;Europe;Palearctic;2011;0;Martelli, F., Paradiso, F. (2022). Invasion patterns and niche comparison of the butterfly Cacyreus marshalli among native and non-native range. Biological Invasions. 24: 3935-3952;2022
Cacyreus marshalli;Lycaenidae;Spain;Europe;Palearctic;1989;0;CAB International (CABI) (2024). CABI Invasive Species Compendium. Available at: https://www.cabidigitallibrary.org/product/QI;2024
Cacyreus marshalli;Lycaenidae;Spanish European Islands;Europe;Palearctic;1989;0;CAB International (CABI) (2024). CABI Invasive Species Compendium. Available at: https://www.cabidigitallibrary.org/product/QI;2024
Cacyreus marshalli;Lycaenidae;France;Europe;Palearctic;1994;0;European and Mediterranean Plant Protection Organization (EPPO) (2024). EPPO Global Database. Available at: https://gd.eppo.int;2024
Cacyreus marshalli;Lycaenidae;French European Islands;Europe;Palearctic;;0;CAB International (CABI) (2024). CABI Invasive Species Compendium. Available at: https://www.cabidigitallibrary.org/product/QI;2024
Cacyreus marshalli;Lycaenidae;Greece;Europe;Palearctic;2015;0;CAB International (CABI) (2024). CABI Invasive Species Compendium. Available at: https://www.cabidigitallibrary.org/product/QI;2024
Cacyreus marshalli;Lycaenidae;Croatia;Europe;Palearctic;2008;0;European and Mediterranean Plant Protection Organization (EPPO) (2024). EPPO Global Database. Available at: https://gd.eppo.int;2024
Cacyreus marshalli;Lycaenidae;Italy;Europe;Palearctic;1996;0;CAB International (CABI) (2024). CABI Invasive Species Compendium. Available at: https://www.cabidigitallibrary.org/product/QI;2024
Cacyreus marshalli;Lycaenidae;Sicily and Sardinia;Europe;Palearctic;2003;0;CAB International (CABI) (2024). CABI Invasive Species Compendium. Available at: https://www.cabidigitallibrary.org/product/QI;2024
Cacyreus marshalli;Lycaenidae;Morocco;Africa;Saharo-Arabian;1994;0;CAB International (CABI) (2024). CABI Invasive Species Compendium. Available at: https://www.cabidigitallibrary.org/product/QI;2024
Cacyreus marshalli;Lycaenidae;Malta;Europe;Saharo-Arabian;2006;0;CAB International (CABI) (2024). CABI Invasive Species Compendium. Available at: https://www.cabidigitallibrary.org/product/QI;2024
Cacyreus marshalli;Lycaenidae;Montenegro;Europe;Palearctic;2016;0;CAB International (CABI) (2024). CABI Invasive Species Compendium. Available at: https://www.cabidigitallibrary.org/product/QI;2024
Cacyreus marshalli;Lycaenidae;Netherlands;Europe;Palearctic;1999;0;CAB International (CABI) (2024). CABI Invasive Species Compendium. Available at: https://www.cabidigitallibrary.org/product/QI;2024
Cacyreus marshalli;Lycaenidae;Portugal;Europe;Palearctic;1994;0;European and Mediterranean Plant Protection Organization (EPPO) (2024). EPPO Global Database. Available at: https://gd.eppo.int;2024
Cacyreus marshalli;Lycaenidae;Slovenia;Europe;Palearctic;2008;0;European and Mediterranean Plant Protection Organization (EPPO) (2024). EPPO Global Database. Available at: https://gd.eppo.int;2024
Cadra calidella;Pyralidae;Austria;Europe;Palearctic;;0;Invasive Species Specialist Group ISSG (2020). Global Register of Introduced and Invasive Species GRIIS. Available at: https://griis.org;2020
Cadra calidella;Pyralidae;Belgium;Europe;Palearctic;;0;Lopez-Vaamonde, C., et al. (2010). Lepidoptera. Chapter 11. BioRisk. 4: 603-668;2010
Cadra calidella;Pyralidae;Switzerland;Europe;Palearctic;;0;Lopez-Vaamonde, C., et al. (2010). Lepidoptera. Chapter 11. BioRisk. 4: 603-668;2010
Cadra calidella;Pyralidae;Czechia;Europe;Palearctic;;0;Lopez-Vaamonde, C., et al. (2010). Lepidoptera. Chapter 11. BioRisk. 4: 603-668;2010
Cadra calidella;Pyralidae;Germany;Europe;Palearctic;;0;Invasive Species Specialist Group ISSG (2020). Global Register of Introduced and Invasive Species GRIIS. Available at: https://griis.org;2020
Cadra calidella;Pyralidae;Denmark;Europe;Palearctic;;0;Lopez-Vaamonde, C., et al. (2010). Lepidoptera. Chapter 11. BioRisk. 4: 603-668;2010
Cadra calidella;Pyralidae;Finland;Europe;Palearctic;;0;Lopez-Vaamonde, C., et al. (2010). Lepidoptera. Chapter 11. BioRisk. 4: 603-668;2010
Cadra calidella;Pyralidae;United Kingdom;Europe;Palearctic;;0;Lopez-Vaamonde, C., et al. (2010). Lepidoptera. Chapter 11. BioRisk. 4: 603-668;2010
Cadra calidella;Pyralidae;Ireland;Europe;Palearctic;;0;Invasive Species Specialist Group ISSG (2020). Global Register of Introduced and Invasive Species GRIIS. Available at: https://griis.org;2020
Cadra calidella;Pyralidae;Netherlands;Europe;Palearctic;;0;Lopez-Vaamonde, C., et al. (2010). Lepidoptera. Chapter 11. BioRisk. 4: 603-668;2010
Cadra calidella;Pyralidae;Norway;Europe;Palearctic;;0;Lopez-Vaamonde, C., et al. (2010). Lepidoptera. Chapter 11. BioRisk. 4: 603-668;2010
Cadra calidella;Pyralidae;Romania;Europe;Palearctic;;0;Lopez-Vaamonde, C., et al. (2010). Lepidoptera. Chapter 11. BioRisk. 4: 603-668;2010
Cadra calidella;Pyralidae;Slovakia;Europe;Palearctic;;0;Lopez-Vaamonde, C., et al. (2010). Lepidoptera. Chapter 11. BioRisk. 4: 603-668;2010
Cadra calidella;Pyralidae;Sweden;Europe;Palearctic;;0;Invasive Species Specialist Group ISSG (2020). Global Register of Introduced and Invasive Species GRIIS. Available at: https://griis.org;2020
Cadra cautella;Pyralidae;United Arab Emirates;Asia;Saharo-Arabian;;;Invasive Species Specialist Group ISSG (2020). Global Register of Introduced and Invasive Species GRIIS. Available at: https://griis.org;2020
Cadra cautella;Pyralidae;Australia;Australia;Australian;;0;Mally, R., et al. (2022), Moths and butterflies on alien shores - global biogeography of non-native Lepidoptera. Dryad, Dataset. Available at: https://doi.org/10.5061/dryad.31zcrjdnw;2022
Cadra cautella;Pyralidae;Bulgaria;Europe;Palearctic;1990;0;Invasive Species Specialist Group ISSG (2020). Global Register of Introduced and Invasive Species GRIIS. Available at: https://griis.org;2020
Cadra cautella;Pyralidae;Chile;South America;Neotropical;1944;;Turner, R., et al. (2024). International Non-native Insect Establishment Data (0.2.1) [Data set]. Zenodo.;2024
Cadra cautella;Pyralidae;Galapagos;South America;Neotropical;1975;;Turner, R., et al. (2024). International Non-native Insect Establishment Data (0.2.1) [Data set]. Zenodo.;2024
Cadra cautella;Pyralidae;Greece;Europe;Palearctic;1916;0;Pullaiah, T., Ielmini, M.R. (Eds.) (2021). Invasive Alien Species: Observations and Issues from Around the World. Volume 3: Issues and Invasions in Europe. Wiley. 326pp.;2021
Cadra cautella;Pyralidae;Japan;Asia;Sino-Japanese;1953;0;National Institute for Environmental Studies - Japan (2024). Invasive Species of Japan: Lepidopterans (provisional list);2024
Cadra cautella;Pyralidae;South Korea;Asia;Palearctic;1920;;Turner, R., et al. (2024). International Non-native Insect Establishment Data (0.2.1) [Data set]. Zenodo.;2024
Cadra cautella;Pyralidae;Norway;Europe;Palearctic;1950;0;Roy, D., et al. (2020). DAISIE - Delivering Alien Invasive Species Inventories for Europe. Available at: http://www.europe-aliens.org/;2020
Cadra cautella;Pyralidae;New Zealand;Oceania;Australian;1929;;Turner, R., et al. (2024). International Non-native Insect Establishment Data (0.2.1) [Data set]. Zenodo.;2024
Cadra cautella;Pyralidae;Slovenia;Europe;Palearctic;;;Invasive Species Specialist Group ISSG (2020). Global Register of Introduced and Invasive Species GRIIS. Available at: https://griis.org;2020
Cadra cautella;Pyralidae;United States;North America;Nearctic;1884;0;Simpson, A., et al. (2022). United States Register of Introduced and Invasive Species (US-RIIS) (ver. 2.0, November 2022): U.S. Geological Survey data release. Available at: https://www.sciencebase.gov/catalog/item/62d59ae5d34e87fffb2dda99;2022
Cadra cautella;Pyralidae;Hawaii;Oceania;Nearctic;1877;0;Turner, R., et al. (2024). International Non-native Insect Establishment Data (0.2.1) [Data set]. Zenodo.;2024
Cadra cautella;Pyralidae;Venezuela;South America;Neotropical;;0;Pullaiah, T., Ielmini, M.R. (Eds.) (2021). Invasive Alien Species: Observations and Issues from Around the World. Volume 4: Issues and Invasions in the Americas and the Caribbean. Wiley. 384pp.;2021
Cadra figulilella;Pyralidae;Australia;Australia;Australian;;0;Mally, R., et al. (2022), Moths and butterflies on alien shores - global biogeography of non-native Lepidoptera. Dryad, Dataset. Available at: https://doi.org/10.5061/dryad.31zcrjdnw;2022
Cadra figulilella;Pyralidae;Bulgaria;Europe;Palearctic;1970;0;Roy, D., et al. (2020). DAISIE - Delivering Alien Invasive Species Inventories for Europe. Available at: http://www.europe-aliens.org/;2020
Cadra figulilella;Pyralidae;United States;North America;Nearctic;1928;0;Simpson, A., et al. (2022). United States Register of Introduced and Invasive Species (US-RIIS) (ver. 2.0, November 2022): U.S. Geological Survey data release. Available at: https://www.sciencebase.gov/catalog/item/62d59ae5d34e87fffb2dda99;2022
Cadra figulilella;Pyralidae;Hawaii;Oceania;Nearctic;1888;0;Turner, R., et al. (2024). International Non-native Insect Establishment Data (0.2.1) [Data set]. Zenodo.;2024
Callopistria floridensis;Noctuidae;Belgium;Europe;Palearctic;;;Invasive Species Specialist Group ISSG (2020). Global Register of Introduced and Invasive Species GRIIS. Available at: https://griis.org;2020
Callopistria jamaicensis;Noctuidae;United States;North America;Nearctic;1987;0;Simpson, A., et al. (2022). United States Register of Introduced and Invasive Species (US-RIIS) (ver. 2.0, November 2022): U.S. Geological Survey data release. Available at: https://www.sciencebase.gov/catalog/item/62d59ae5d34e87fffb2dda99;2022
Callopistria maillardi;Noctuidae;Austria;Europe;Palearctic;;0;Lopez-Vaamonde, C., et al. (2010). Lepidoptera. Chapter 11. BioRisk. 4: 603-668;2010
Callopistria maillardi;Noctuidae;Germany;Europe;Palearctic;1983;0;CAB International (CABI) (2024). CABI Invasive Species Compendium. Available at: https://www.cabidigitallibrary.org/product/QI;2024
Callopistria maillardi;Noctuidae;Denmark;Europe;Palearctic;1983;0;CAB International (CABI) (2024). CABI Invasive Species Compendium. Available at: https://www.cabidigitallibrary.org/product/QI;2024
Callopistria maillardi;Noctuidae;Spain;Europe;Palearctic;;0;Lopez-Vaamonde, C., et al. (2010). Lepidoptera. Chapter 11. BioRisk. 4: 603-668;2010
Callopistria maillardi;Noctuidae;France;Europe;Palearctic;;0;Lopez-Vaamonde, C., et al. (2010). Lepidoptera. Chapter 11. BioRisk. 4: 603-668;2010
Callopistria maillardi;Noctuidae;United Kingdom;Europe;Palearctic;;0;Lopez-Vaamonde, C., et al. (2010). Lepidoptera. Chapter 11. BioRisk. 4: 603-668;2010
Callopistria maillardi;Noctuidae;Ireland;Europe;Palearctic;;0;Lopez-Vaamonde, C., et al. (2010). Lepidoptera. Chapter 11. BioRisk. 4: 603-668;2010
Callopistria maillardi;Noctuidae;Portugal;Europe;Palearctic;;0;Lopez-Vaamonde, C., et al. (2010). Lepidoptera. Chapter 11. BioRisk. 4: 603-668;2010
Callopistria maillardi;Noctuidae;Hawaii;Oceania;Nearctic;1971;0;Turner, R., et al. (2024). International Non-native Insect Establishment Data (0.2.1) [Data set]. Zenodo.;2024
Calophasia lunula;Noctuidae;United States;North America;Nearctic;1968;1;Simpson, A., et al. (2022). United States Register of Introduced and Invasive Species (US-RIIS) (ver. 2.0, November 2022): U.S. Geological Survey data release. Available at: https://www.sciencebase.gov/catalog/item/62d59ae5d34e87fffb2dda99;2022
Caloptilia azaleella;Gracillariidae;Australia;Australia;Australian;;;Mally, R., et al. (2022), Moths and butterflies on alien shores - global biogeography of non-native Lepidoptera. Dryad, Dataset. Available at: https://doi.org/10.5061/dryad.31zcrjdnw;2022
Caloptilia azaleella;Gracillariidae;Austria;Europe;Palearctic;;0;Roy, D., et al. (2020). DAISIE - Delivering Alien Invasive Species Inventories for Europe. Available at: http://www.europe-aliens.org/;2020
Caloptilia azaleella;Gracillariidae;Belgium;Europe;Palearctic;;0;Roy, D., et al. (2020). DAISIE - Delivering Alien Invasive Species Inventories for Europe. Available at: http://www.europe-aliens.org/;2020
Caloptilia azaleella;Gracillariidae;Switzerland;Europe;Palearctic;;0;Roy, D., et al. (2020). DAISIE - Delivering Alien Invasive Species Inventories for Europe. Available at: http://www.europe-aliens.org/;2020
Caloptilia azaleella;Gracillariidae;Czechia;Europe;Palearctic;;0;Roy, D., et al. (2020). DAISIE - Delivering Alien Invasive Species Inventories for Europe. Available at: http://www.europe-aliens.org/;2020
Caloptilia azaleella;Gracillariidae;Germany;Europe;Palearctic;1952;0;Roy, D., et al. (2020). DAISIE - Delivering Alien Invasive Species Inventories for Europe. Available at: http://www.europe-aliens.org/;2020
Caloptilia azaleella;Gracillariidae;Denmark;Europe;Palearctic;;0;Roy, D., et al. (2020). DAISIE - Delivering Alien Invasive Species Inventories for Europe. Available at: http://www.europe-aliens.org/;2020
Caloptilia azaleella;Gracillariidae;Spain;Europe;Palearctic;;0;Roy, D., et al. (2020). DAISIE - Delivering Alien Invasive Species Inventories for Europe. Available at: http://www.europe-aliens.org/;2020
Caloptilia azaleella;Gracillariidae;France;Europe;Palearctic;;0;Invasive Species Specialist Group ISSG (2020). Global Register of Introduced and Invasive Species GRIIS. Available at: https://griis.org;2020
Caloptilia azaleella;Gracillariidae;United Kingdom;Europe;Palearctic;;0;Invasive Species Specialist Group ISSG (2020). Global Register of Introduced and Invasive Species GRIIS. Available at: https://griis.org;2020
Caloptilia azaleella;Gracillariidae;Croatia;Europe;Palearctic;;;Invasive Species Specialist Group ISSG (2020). Global Register of Introduced and Invasive Species GRIIS. Available at: https://griis.org;2020
Caloptilia azaleella;Gracillariidae;Ireland;Europe;Palearctic;;;Invasive Species Specialist Group ISSG (2020). Global Register of Introduced and Invasive Species GRIIS. Available at: https://griis.org;2020
Caloptilia azaleella;Gracillariidae;Italy;Europe;Palearctic;;0;Roy, D., et al. (2020). DAISIE - Delivering Alien Invasive Species Inventories for Europe. Available at: http://www.europe-aliens.org/;2020
Caloptilia azaleella;Gracillariidae;Netherlands;Europe;Palearctic;;0;Invasive Species Specialist Group ISSG (2020). Global Register of Introduced and Invasive Species GRIIS. Available at: https://griis.org;2020
Caloptilia azaleella;Gracillariidae;Norway;Europe;Palearctic;;0;Roy, D., et al. (2020). DAISIE - Delivering Alien Invasive Species Inventories for Europe. Available at: http://www.europe-aliens.org/;2020
Caloptilia azaleella;Gracillariidae;New Zealand;Oceania;Australian;1952;;Turner, R., et al. (2024). International Non-native Insect Establishment Data (0.2.1) [Data set]. Zenodo.;2024
Caloptilia azaleella;Gracillariidae;Poland;Europe;Palearctic;;0;Invasive Species Specialist Group ISSG (2020). Global Register of Introduced and Invasive Species GRIIS. Available at: https://griis.org;2020
Caloptilia azaleella;Gracillariidae;Portugal;Europe;Palearctic;;0;Roy, D., et al. (2020). DAISIE - Delivering Alien Invasive Species Inventories for Europe. Available at: http://www.europe-aliens.org/;2020
Caloptilia azaleella;Gracillariidae;Madeira;Africa;Palearctic;;0;Roy, D., et al. (2020). DAISIE - Delivering Alien Invasive Species Inventories for Europe. Available at: http://www.europe-aliens.org/;2020
Caloptilia azaleella;Gracillariidae;Russia Europe;Europe;Palearctic;;;Roy, D., et al. (2020). DAISIE - Delivering Alien Invasive Species Inventories for Europe. Available at: http://www.europe-aliens.org/;2020
Caloptilia azaleella;Gracillariidae;Russia Asia;Asia;Palearctic;;0;Lopez-Vaamonde, C., et al. (2010). Lepidoptera. Chapter 11. BioRisk. 4: 603-668;2010
Caloptilia azaleella;Gracillariidae;Slovakia;Europe;Palearctic;;0;Roy, D., et al. (2020). DAISIE - Delivering Alien Invasive Species Inventories for Europe. Available at: http://www.europe-aliens.org/;2020
Caloptilia azaleella;Gracillariidae;Slovenia;Europe;Palearctic;;0;Roy, D., et al. (2020). DAISIE - Delivering Alien Invasive Species Inventories for Europe. Available at: http://www.europe-aliens.org/;2020
Caloptilia azaleella;Gracillariidae;Sweden;Europe;Palearctic;;0;Invasive Species Specialist Group ISSG (2020). Global Register of Introduced and Invasive Species GRIIS. Available at: https://griis.org;2020
Caloptilia azaleella;Gracillariidae;United States;North America;Nearctic;1952;0;Simpson, A., et al. (2022). United States Register of Introduced and Invasive Species (US-RIIS) (ver. 2.0, November 2022): U.S. Geological Survey data release. Available at: https://www.sciencebase.gov/catalog/item/62d59ae5d34e87fffb2dda99;2022
Caloptilia azaleella;Gracillariidae;Hawaii;Oceania;Nearctic;1973;0;Turner, R., et al. (2024). International Non-native Insect Establishment Data (0.2.1) [Data set]. Zenodo.;2024
Caloptilia coruscans;Gracillariidae;Hawaii;Oceania;Nearctic;1991;1;Turner, R., et al. (2024). International Non-native Insect Establishment Data (0.2.1) [Data set]. Zenodo.;2024
Caloptilia roscipennella;Gracillariidae;Bulgaria;Europe;Palearctic;1990;0;CAB International (CABI) (2024). CABI Invasive Species Compendium. Available at: https://www.cabidigitallibrary.org/product/QI;2024
Caloptilia roscipennella;Gracillariidae;French European Islands;Europe;Palearctic;;0;Lopez-Vaamonde, C., et al. (2010). Lepidoptera. Chapter 11. BioRisk. 4: 603-668;2010
Caloptilia roscipennella;Gracillariidae;United Kingdom;Europe;Palearctic;;0;Lopez-Vaamonde, C., et al. (2010). Lepidoptera. Chapter 11. BioRisk. 4: 603-668;2010
Caloptilia roscipennella;Gracillariidae;Croatia;Europe;Palearctic;;;Invasive Species Specialist Group ISSG (2020). Global Register of Introduced and Invasive Species GRIIS. Available at: https://griis.org;2020
Caloptilia roscipennella;Gracillariidae;Hungary;Europe;Palearctic;;0;CAB International (CABI) (2024). CABI Invasive Species Compendium. Available at: https://www.cabidigitallibrary.org/product/QI;2024
Caloptilia triadicae;Gracillariidae;United States;North America;Nearctic;2004;0;Simpson, A., et al. (2022). United States Register of Introduced and Invasive Species (US-RIIS) (ver. 2.0, November 2022): U.S. Geological Survey data release. Available at: https://www.sciencebase.gov/catalog/item/62d59ae5d34e87fffb2dda99;2022
Calpodes ethlius;Hesperiidae;Galapagos;South America;Neotropical;1987;;Turner, R., et al. (2024). International Non-native Insect Establishment Data (0.2.1) [Data set]. Zenodo.;2024
Cameraria gaultheriella;Gracillariidae;Belgium;Europe;Palearctic;;;Invasive Species Specialist Group ISSG (2020). Global Register of Introduced and Invasive Species GRIIS. Available at: https://griis.org;2020
Cameraria ohridella;Gracillariidae;Armenia;Asia;Palearctic;2019;0;CAB International (CABI) (2024). CABI Invasive Species Compendium. Available at: https://www.cabidigitallibrary.org/product/QI;2024
Cameraria ohridella;Gracillariidae;Austria;Europe;Palearctic;1989;0;CAB International (CABI) (2024). CABI Invasive Species Compendium. Available at: https://www.cabidigitallibrary.org/product/QI;2024
Cameraria ohridella;Gracillariidae;Belgium;Europe;Palearctic;2000;0;European and Mediterranean Plant Protection Organization (EPPO) (2024). EPPO Global Database. Available at: https://gd.eppo.int;2024
Cameraria ohridella;Gracillariidae;Bulgaria;Europe;Palearctic;1983;0;CAB International (CABI) (2024). CABI Invasive Species Compendium. Available at: https://www.cabidigitallibrary.org/product/QI;2024
Cameraria ohridella;Gracillariidae;Bosnia and Herzegovina;Europe;Palearctic;1993;0;CAB International (CABI) (2024). CABI Invasive Species Compendium. Available at: https://www.cabidigitallibrary.org/product/QI;2024
Cameraria ohridella;Gracillariidae;Belarus;Europe;Palearctic;2003;0;CAB International (CABI) (2024). CABI Invasive Species Compendium. Available at: https://www.cabidigitallibrary.org/product/QI;2024
Cameraria ohridella;Gracillariidae;Switzerland;Europe;Palearctic;1998;0;CAB International (CABI) (2024). CABI Invasive Species Compendium. Available at: https://www.cabidigitallibrary.org/product/QI;2024
Cameraria ohridella;Gracillariidae;Czechia;Europe;Palearctic;1997;0;CAB International (CABI) (2024). CABI Invasive Species Compendium. Available at: https://www.cabidigitallibrary.org/product/QI;2024
Cameraria ohridella;Gracillariidae;Germany;Europe;Palearctic;1994;0;European and Mediterranean Plant Protection Organization (EPPO) (2024). EPPO Global Database. Available at: https://gd.eppo.int;2024
Cameraria ohridella;Gracillariidae;Denmark;Europe;Palearctic;2002;0;CAB International (CABI) (2024). CABI Invasive Species Compendium. Available at: https://www.cabidigitallibrary.org/product/QI;2024
Cameraria ohridella;Gracillariidae;Spain;Europe;Palearctic;2002;0;CAB International (CABI) (2024). CABI Invasive Species Compendium. Available at: https://www.cabidigitallibrary.org/product/QI;2024
Cameraria ohridella;Gracillariidae;Estonia;Europe;Palearctic;2016;0;CAB International (CABI) (2024). CABI Invasive Species Compendium. Available at: https://www.cabidigitallibrary.org/product/QI;2024
Cameraria ohridella;Gracillariidae;Finland;Europe;Palearctic;2006;0;CAB International (CABI) (2024). CABI Invasive Species Compendium. Available at: https://www.cabidigitallibrary.org/product/QI;2024
Cameraria ohridella;Gracillariidae;France;Europe;Palearctic;1998;0;CAB International (CABI) (2024). CABI Invasive Species Compendium. Available at: https://www.cabidigitallibrary.org/product/QI;2024
Cameraria ohridella;Gracillariidae;French European Islands;Europe;Palearctic;;0;Lopez-Vaamonde, C., et al. (2010). Lepidoptera. Chapter 11. BioRisk. 4: 603-668;2010
Cameraria ohridella;Gracillariidae;United Kingdom;Europe;Palearctic;2002;0;European and Mediterranean Plant Protection Organization (EPPO) (2024). EPPO Global Database. Available at: https://gd.eppo.int;2024
Cameraria ohridella;Gracillariidae;Greece;Europe;Palearctic;1879;0;CAB International (CABI) (2024). CABI Invasive Species Compendium. Available at: https://www.cabidigitallibrary.org/product/QI;2024
Cameraria ohridella;Gracillariidae;Croatia;Europe;Palearctic;1995;0;CAB International (CABI) (2024). CABI Invasive Species Compendium. Available at: https://www.cabidigitallibrary.org/product/QI;2024
Cameraria ohridella;Gracillariidae;Hungary;Europe;Palearctic;1993;0;European and Mediterranean Plant Protection Organization (EPPO) (2024). EPPO Global Database. Available at: https://gd.eppo.int;2024
Cameraria ohridella;Gracillariidae;Ireland;Europe;Palearctic;2013;0;CAB International (CABI) (2024). CABI Invasive Species Compendium. Available at: https://www.cabidigitallibrary.org/product/QI;2024
Cameraria ohridella;Gracillariidae;Italy;Europe;Palearctic;1992;0;European and Mediterranean Plant Protection Organization (EPPO) (2024). EPPO Global Database. Available at: https://gd.eppo.int;2024
Cameraria ohridella;Gracillariidae;Kazakhstan;Asia;Palearctic;2016;0;CAB International (CABI) (2024). CABI Invasive Species Compendium. Available at: https://www.cabidigitallibrary.org/product/QI;2024
Cameraria ohridella;Gracillariidae;Kyrgyzstan;Asia;Palearctic;2015;0;European and Mediterranean Plant Protection Organization (EPPO) (2024). EPPO Global Database. Available at: https://gd.eppo.int;2024
Cameraria ohridella;Gracillariidae;Liechtenstein;Europe;Palearctic;;;CAB International (CABI) (2024). CABI Invasive Species Compendium. Available at: https://www.cabidigitallibrary.org/product/QI;2024
Cameraria ohridella;Gracillariidae;Lithuania;Europe;Palearctic;2002;0;European and Mediterranean Plant Protection Organization (EPPO) (2024). EPPO Global Database. Available at: https://gd.eppo.int;2024
Cameraria ohridella;Gracillariidae;Luxembourg;Europe;Palearctic;2003;0;European and Mediterranean Plant Protection Organization (EPPO) (2024). EPPO Global Database. Available at: https://gd.eppo.int;2024
Cameraria ohridella;Gracillariidae;Latvia;Europe;Palearctic;2002;0;CAB International (CABI) (2024). CABI Invasive Species Compendium. Available at: https://www.cabidigitallibrary.org/product/QI;2024
Cameraria ohridella;Gracillariidae;Moldova;Europe;Palearctic;2003;0;European and Mediterranean Plant Protection Organization (EPPO) (2024). EPPO Global Database. Available at: https://gd.eppo.int;2024
Cameraria ohridella;Gracillariidae;Montenegro;Europe;Palearctic;1987;0;Krivosheina, M., Ozerova, N. (2020). Horse-chestnut leafminer Cameraria ohridella: invasion history and prognosis. IOP Conference Services: Earth Environmental Sciences. 579: 012071;2020
Cameraria ohridella;Gracillariidae;Netherlands;Europe;Palearctic;1999;0;European and Mediterranean Plant Protection Organization (EPPO) (2024). EPPO Global Database. Available at: https://gd.eppo.int;2024
Cameraria ohridella;Gracillariidae;Norway;Europe;Palearctic;2013;0;CAB International (CABI) (2024). CABI Invasive Species Compendium. Available at: https://www.cabidigitallibrary.org/product/QI;2024
Cameraria ohridella;Gracillariidae;Poland;Europe;Palearctic;1990;0;European and Mediterranean Plant Protection Organization (EPPO) (2024). EPPO Global Database. Available at: https://gd.eppo.int;2024
Cameraria ohridella;Gracillariidae;Romania;Europe;Palearctic;1998;0;European and Mediterranean Plant Protection Organization (EPPO) (2024). EPPO Global Database. Available at: https://gd.eppo.int;2024
Cameraria ohridella;Gracillariidae;Russia Europe;Europe;Palearctic;2003;0;CAB International (CABI) (2024). CABI Invasive Species Compendium. Available at: https://www.cabidigitallibrary.org/product/QI;2024
Cameraria ohridella;Gracillariidae;Russia Asia;Asia;Palearctic;2003;0;CAB International (CABI) (2024). CABI Invasive Species Compendium. Available at: https://www.cabidigitallibrary.org/product/QI;2024
Cameraria ohridella;Gracillariidae;Serbia;Europe;Palearctic;;0;European and Mediterranean Plant Protection Organization (EPPO) (2024). EPPO Global Database. Available at: https://gd.eppo.int;2024
Cameraria ohridella;Gracillariidae;Slovakia;Europe;Palearctic;1996;0;CAB International (CABI) (2024). CABI Invasive Species Compendium. Available at: https://www.cabidigitallibrary.org/product/QI;2024
Cameraria ohridella;Gracillariidae;Slovenia;Europe;Palearctic;1995;0;CAB International (CABI) (2024). CABI Invasive Species Compendium. Available at: https://www.cabidigitallibrary.org/product/QI;2024
Cameraria ohridella;Gracillariidae;Sweden;Europe;Palearctic;2002;0;European and Mediterranean Plant Protection Organization (EPPO) (2024). EPPO Global Database. Available at: https://gd.eppo.int;2024
Cameraria ohridella;Gracillariidae;Turkey;Asia;Palearctic;2004;0;European and Mediterranean Plant Protection Organization (EPPO) (2024). EPPO Global Database. Available at: https://gd.eppo.int;2024
Cameraria ohridella;Gracillariidae;Ukraine;Europe;Palearctic;2002;0;CAB International (CABI) (2024). CABI Invasive Species Compendium. Available at: https://www.cabidigitallibrary.org/product/QI;2024
Caphys biliniata;Pyralidae;Denmark;Europe;Palearctic;;;Invasive Species Specialist Group ISSG (2020). Global Register of Introduced and Invasive Species GRIIS. Available at: https://griis.org;2020
Capua intractana;Tortricidae;New Zealand;Oceania;Australian;1906;;Turner, R., et al. (2024). International Non-native Insect Establishment Data (0.2.1) [Data set]. Zenodo.;2024
Caradrina clavipalpis;Noctuidae;United States;North America;Nearctic;;0;Simpson, A., et al. (2022). United States Register of Introduced and Invasive Species (US-RIIS) (ver. 2.0, November 2022): U.S. Geological Survey data release. Available at: https://www.sciencebase.gov/catalog/item/62d59ae5d34e87fffb2dda99;2022
Caradrina kadenii;Noctuidae;United Kingdom;Europe;Palearctic;2002;;Turner, R., et al. (2024). International Non-native Insect Establishment Data (0.2.1) [Data set]. Zenodo.;2024
Caradrina morpheus;Noctuidae;United States;North America;Nearctic;1944;0;Simpson, A., et al. (2022). United States Register of Introduced and Invasive Species (US-RIIS) (ver. 2.0, November 2022): U.S. Geological Survey data release. Available at: https://www.sciencebase.gov/catalog/item/62d59ae5d34e87fffb2dda99;2022
Carcina quercana;Peleopodidae;United States;North America;Nearctic;1920;0;Simpson, A., et al. (2022). United States Register of Introduced and Invasive Species (US-RIIS) (ver. 2.0, November 2022): U.S. Geological Survey data release. Available at: https://www.sciencebase.gov/catalog/item/62d59ae5d34e87fffb2dda99;2022
Carmenta mimosa;Sesiidae;Australia;Australia;Australian;1989;1;Mally, R., et al. (2022), Moths and butterflies on alien shores - global biogeography of non-native Lepidoptera. Dryad, Dataset. Available at: https://doi.org/10.5061/dryad.31zcrjdnw;2022
Carmenta mimosa;Sesiidae;Vietnam;Asia;Oriental;2012;0;Vang, L., et al. (2021). Female sex pheromone secreted by Carmenta mimosa (Lepidoptera: Sesiidae), a biological control agent for an invasive weed in Vietnam. Bioscience, Biotechnology and Biochemestry. 76(11): 2153-2155;2021
Carposina autologa;Carposinidae;South Africa;Africa;Afrotropical;;1;Turner, R., et al. (2024). International Non-native Insect Establishment Data (0.2.1) [Data set]. Zenodo.;2024
Carposina neurophorella;Carposinidae;New Zealand;Oceania;Australian;2017;;Turner, R., et al. (2024). International Non-native Insect Establishment Data (0.2.1) [Data set]. Zenodo.;2024
Carposina sasakii;Carposinidae;China;Asia;Sino-Japanese;1987;;European and Mediterranean Plant Protection Organization (EPPO) (2024). EPPO Global Database. Available at: https://gd.eppo.int;2024
Catocala fraxini;Erebidae;United Kingdom;Europe;Palearctic;2005;;Turner, R., et al. (2024). International Non-native Insect Establishment Data (0.2.1) [Data set]. Zenodo.;2024
Cebysa leucotelus;Psychidae;New Zealand;Oceania;Australian;1981;;Turner, R., et al. (2024). International Non-native Insect Establishment Data (0.2.1) [Data set]. Zenodo.;2024
Cerapteryx graminis;Noctuidae;United States;North America;Nearctic;1966;0;Simpson, A., et al. (2022). United States Register of Introduced and Invasive Species (US-RIIS) (ver. 2.0, November 2022): U.S. Geological Survey data release. Available at: https://www.sciencebase.gov/catalog/item/62d59ae5d34e87fffb2dda99;2022
Chaliopsis junodi;Psychidae;Lesotho;Africa;Afrotropical;;;Invasive Species Specialist Group ISSG (2020). Global Register of Introduced and Invasive Species GRIIS. Available at: https://griis.org;2020
Chamaesphecia mysiniformis;Sesiidae;Australia;Australia;Australian;1997;1;Mally, R., et al. (2022), Moths and butterflies on alien shores - global biogeography of non-native Lepidoptera. Dryad, Dataset. Available at: https://doi.org/10.5061/dryad.31zcrjdnw;2022
Chiasmia aestimaria;Geometridae;Germany;Europe;Palearctic;;;Invasive Species Specialist Group ISSG (2020). Global Register of Introduced and Invasive Species GRIIS. Available at: https://griis.org;2020
Chilo partellus;Crambidae;Botswana;Africa;Afrotropical;;0;European and Mediterranean Plant Protection Organization (EPPO) (2024). EPPO Global Database. Available at: https://gd.eppo.int;2024
Chilo partellus;Crambidae;Cameroon;Africa;Afrotropical;;0;European and Mediterranean Plant Protection Organization (EPPO) (2024). EPPO Global Database. Available at: https://gd.eppo.int;2024
Chilo partellus;Crambidae;Comoros;Africa;Madagascan;;0;European and Mediterranean Plant Protection Organization (EPPO) (2024). EPPO Global Database. Available at: https://gd.eppo.int;2024
Chilo partellus;Crambidae;Cyprus;Asia;Saharo-Arabian;2013;0;Demetriou, J., et al. (2023). The Alien to Cyprus Entomofauna (ACE) database: a review of the current status of alien insects (Arthropoda, Insecta) including an updated species checklist, discussion on impacts and recommendations for informing management. NeoBiota. 83: 11-42;2023
Chilo partellus;Crambidae;Eritrea;Africa;Afrotropical;;0;CAB International (CABI) (2024). CABI Invasive Species Compendium. Available at: https://www.cabidigitallibrary.org/product/QI;2024
Chilo partellus;Crambidae;Ethiopia;Africa;Afrotropical;;0;European and Mediterranean Plant Protection Organization (EPPO) (2024). EPPO Global Database. Available at: https://gd.eppo.int;2024
Chilo partellus;Crambidae;Israel;Asia;Saharo-Arabian;2010;0;CAB International (CABI) (2024). CABI Invasive Species Compendium. Available at: https://www.cabidigitallibrary.org/product/QI;2024
Chilo partellus;Crambidae;Kenya;Africa;Afrotropical;;0;CAB International (CABI) (2024). CABI Invasive Species Compendium. Available at: https://www.cabidigitallibrary.org/product/QI;2024
Chilo partellus;Crambidae;Lesotho;Africa;Afrotropical;;0;CAB International (CABI) (2024). CABI Invasive Species Compendium. Available at: https://www.cabidigitallibrary.org/product/QI;2024
Chilo partellus;Crambidae;Mozambique;Africa;Afrotropical;;0;CAB International (CABI) (2024). CABI Invasive Species Compendium. Available at: https://www.cabidigitallibrary.org/product/QI;2024
Chilo partellus;Crambidae;Malawi;Africa;Afrotropical;1930;0;European and Mediterranean Plant Protection Organization (EPPO) (2024). EPPO Global Database. Available at: https://gd.eppo.int;2024
Chilo partellus;Crambidae;Sudan;Africa;Afrotropical;;0;European and Mediterranean Plant Protection Organization (EPPO) (2024). EPPO Global Database. Available at: https://gd.eppo.int;2024
Chilo partellus;Crambidae;Somalia;Africa;Afrotropical;;0;CAB International (CABI) (2024). CABI Invasive Species Compendium. Available at: https://www.cabidigitallibrary.org/product/QI;2024
Chilo partellus;Crambidae;Swaziland;Africa;Afrotropical;;0;CAB International (CABI) (2024). CABI Invasive Species Compendium. Available at: https://www.cabidigitallibrary.org/product/QI;2024
Chilo partellus;Crambidae;Turkey;Asia;Palearctic;2014;0;CAB International (CABI) (2024). CABI Invasive Species Compendium. Available at: https://www.cabidigitallibrary.org/product/QI;2024
Chilo partellus;Crambidae;Tanzania;Africa;Afrotropical;;0;European and Mediterranean Plant Protection Organization (EPPO) (2024). EPPO Global Database. Available at: https://gd.eppo.int;2024
Chilo partellus;Crambidae;Uganda;Africa;Afrotropical;1953;0;CAB International (CABI) (2024). CABI Invasive Species Compendium. Available at: https://www.cabidigitallibrary.org/product/QI;2024
Chilo partellus;Crambidae;South Africa;Africa;Afrotropical;1950;0;European and Mediterranean Plant Protection Organization (EPPO) (2024). EPPO Global Database. Available at: https://gd.eppo.int;2024
Chilo partellus;Crambidae;Zambia;Africa;Afrotropical;;0;European and Mediterranean Plant Protection Organization (EPPO) (2024). EPPO Global Database. Available at: https://gd.eppo.int;2024
Chilo partellus;Crambidae;Zimbabwe;Africa;Afrotropical;;0;European and Mediterranean Plant Protection Organization (EPPO) (2024). EPPO Global Database. Available at: https://gd.eppo.int;2024
Chilo sacchariphagus;Crambidae;Mozambique;Africa;Afrotropical;1998;0;Way, M., Turner, P. (1999). The spotted borer Chilo sacchariphagus (Lepidoptera: Pyralidae: Crambidae), in Mozambique. Proceedings of the South African Sugar Technologists Association. 73: 112-113;1999
Chilo sacchariphagus;Crambidae;Mauritius;Africa;Oceanina;1850;0;European and Mediterranean Plant Protection Organization (EPPO) (2024). EPPO Global Database. Available at: https://gd.eppo.int;2024
Chilo sacchariphagus;Crambidae;South Africa;Africa;Afrotropical;;;Turner, R., et al. (2024). International Non-native Insect Establishment Data (0.2.1) [Data set]. Zenodo.;2024
Chilo suppressalis;Crambidae;Australia;Australia;Australian;;;CAB International (CABI) (2024). CABI Invasive Species Compendium. Available at: https://www.cabidigitallibrary.org/product/QI;2024
Chilo suppressalis;Crambidae;Spain;Europe;Palearctic;1949;0;European and Mediterranean Plant Protection Organization (EPPO) (2024). EPPO Global Database. Available at: https://gd.eppo.int;2024
Chilo suppressalis;Crambidae;France;Europe;Palearctic;;0;CAB International (CABI) (2024). CABI Invasive Species Compendium. Available at: https://www.cabidigitallibrary.org/product/QI;2024
Chilo suppressalis;Crambidae;French European Islands;Europe;Palearctic;;0;Roy, D., et al. (2020). DAISIE - Delivering Alien Invasive Species Inventories for Europe. Available at: http://www.europe-aliens.org/;2020
Chilo suppressalis;Crambidae;Papua New Guinea;Oceania;Oceanina;;;European and Mediterranean Plant Protection Organization (EPPO) (2024). EPPO Global Database. Available at: https://gd.eppo.int;2024
Chilo suppressalis;Crambidae;Portugal;Europe;Palearctic;;;CAB International (CABI) (2024). CABI Invasive Species Compendium. Available at: https://www.cabidigitallibrary.org/product/QI;2024
Chilo suppressalis;Crambidae;Russia Europe;Europe;Palearctic;;;Roy, D., et al. (2020). DAISIE - Delivering Alien Invasive Species Inventories for Europe. Available at: http://www.europe-aliens.org/;2020
Chilo suppressalis;Crambidae;Russia Asia;Asia;Palearctic;;0;European and Mediterranean Plant Protection Organization (EPPO) (2024). EPPO Global Database. Available at: https://gd.eppo.int;2024
Chilo suppressalis;Crambidae;United States;North America;Nearctic;;0;European and Mediterranean Plant Protection Organization (EPPO) (2024). EPPO Global Database. Available at: https://gd.eppo.int;2024
Chilo suppressalis;Crambidae;Hawaii;Oceania;Nearctic;1928;0;Turner, R., et al. (2024). International Non-native Insect Establishment Data (0.2.1) [Data set]. Zenodo.;2024
Chloantha hyperici;Noctuidae;Australia;Australia;Australian;;;Mally, R., et al. (2022), Moths and butterflies on alien shores - global biogeography of non-native Lepidoptera. Dryad, Dataset. Available at: https://doi.org/10.5061/dryad.31zcrjdnw;2022
Chloridea virescens;Noctuidae;Hawaii;Oceania;Nearctic;1956;0;Turner, R., et al. (2024). International Non-native Insect Establishment Data (0.2.1) [Data set]. Zenodo.;2024
Chloroclystis filata;Geometridae;New Zealand;Oceania;Australian;1960;;Turner, R., et al. (2024). International Non-native Insect Establishment Data (0.2.1) [Data set]. Zenodo.;2024
Chloroclystis insigillata;Geometridae;New Zealand;Oceania;Australian;2003;;Turner, R., et al. (2024). International Non-native Insect Establishment Data (0.2.1) [Data set]. Zenodo.;2024
Chloroclystis latifasciata;Geometridae;New Zealand;Oceania;Australian;1920;;Turner, R., et al. (2024). International Non-native Insect Establishment Data (0.2.1) [Data set]. Zenodo.;2024
Chlumetia brevisigna;Euteliidae;Japan;Asia;Oriental;1992;0;Turner, R., et al. (2024). International Non-native Insect Establishment Data (0.2.1) [Data set]. Zenodo.;2024
Chlumetia brevisigna;Euteliidae;Japan;Asia;Sino-Japanese;1992;0;National Institute for Environmental Studies - Japan (2024). Invasive Species of Japan: Lepidopterans (provisional list);2024
Choreutis pariana;Choreutidae;South Korea;Asia;Palearctic;2021;0;Park, K., Heppner, J. (2021). The apple-and-thorn skeletonizer, Choreutis pariana (Clerck), new for Korea (Lepidoptera: Choreutidae). Journal of Asia-Pacific Biodiversity. 14: 267-270;2021
Choreutis pariana;Choreutidae;United States;North America;Nearctic;1917;0;Simpson, A., et al. (2022). United States Register of Introduced and Invasive Species (US-RIIS) (ver. 2.0, November 2022): U.S. Geological Survey data release. Available at: https://www.sciencebase.gov/catalog/item/62d59ae5d34e87fffb2dda99;2022
Choristoneura freemani;Tortricidae;Netherlands;Europe;Palearctic;;;Invasive Species Specialist Group ISSG (2020). Global Register of Introduced and Invasive Species GRIIS. Available at: https://griis.org;2020
Choristoneura rosaceana;Tortricidae;Mexico;North America;Nearctic;;0;European and Mediterranean Plant Protection Organization (EPPO) (2024). EPPO Global Database. Available at: https://gd.eppo.int;2024
Chrysaster hagicola;Gracillariidae;China;Asia;Oriental;2012;0;Liu T., et al. (2015). Biology of Chrysaster ostensackenella (Fitch), a new invasive pest of black locust Robinia pseudoacacia L. plantations, and a new record of a related species, in China. Chinese Journal of Applied Entomology. 52(4): 942-950;2015
Chrysaster hagicola;Gracillariidae;China;Asia;Palearctic;2012;0;Liu T., et al. (2015). Biology of Chrysaster ostensackenella (Fitch), a new invasive pest of black locust Robinia pseudoacacia L. plantations, and a new record of a related species, in China. Chinese Journal of Applied Entomology. 52(4): 942-950;2015
Chrysaster hagicola;Gracillariidae;China;Asia;Sino-Japanese;2012;0;Liu T., et al. (2015). Biology of Chrysaster ostensackenella (Fitch), a new invasive pest of black locust Robinia pseudoacacia L. plantations, and a new record of a related species, in China. Chinese Journal of Applied Entomology. 52(4): 942-950;2015
Chrysaster ostensackenella;Gracillariidae;China;Asia;Palearctic;2012;0;Liu T., et al. (2015). Biology of Chrysaster ostensackenella (Fitch), a new invasive pest of black locust Robinia pseudoacacia L. plantations, and a new record of a related species, in China. Chinese Journal of Applied Entomology. 52(4): 942-950;2015
Chrysaster ostensackenella;Gracillariidae;China;Asia;Sino-Japanese;2012;0;Liu T., et al. (2015). Biology of Chrysaster ostensackenella (Fitch), a new invasive pest of black locust Robinia pseudoacacia L. plantations, and a new record of a related species, in China. Chinese Journal of Applied Entomology. 52(4): 942-950;2015
Chrysaster ostensackenella;Gracillariidae;Italy;Europe;Palearctic;2022;0;Huemer P., Mayr, T. (2022) Chrysaster ostensackenella (Fitch, 1859), a potentially invasive species newly recorded from Europe (Lepidoptera, Gracillariidae). CheckList. 18(6): 1237-1242;2022
Chrysaster ostensackenella;Gracillariidae;Japan;Asia;Sino-Japanese;2021;0;Kirichenko, N., et al. (2023). First Discovery of the North American Leaf-Mining Moth Chrysaster ostensackenella (Lepidoptera: Gracillariidae) in Russia: The Genetic Diversity of a Novel Pest in Invaded vs Native Range. Insects. 14: 642;2023
Chrysaster ostensackenella;Gracillariidae;South Korea;Asia;Palearctic;2017;0;Koo, J., et al. (2019). Chrysaster ostensackenella (Fitch, 1859) (Lepidoptera: Gracillariidae) new to Korea. Korean Journal of Applied Entomology. 58 (3): 225-228;2019
Chrysaster ostensackenella;Gracillariidae;Russia Asia;Asia;Palearctic;2016;0;Kirichenko, N., et al. (2023). First Discovery of the North American Leaf-Mining Moth Chrysaster ostensackenella (Lepidoptera: Gracillariidae) in Russia: The Genetic Diversity of a Novel Pest in Invaded vs Native Range. Insects. 14: 642;2023
Chrysoclista linneela;Elachistidae;Canada;North America;Nearctic;1993;0;Majka, C. (2005). The linden bark borer (Lepidoptera: Agonoxenidae) infesting European linden in Nova Scotia. Canadian Entomologist. 137: 620-621;2005
Chrysoclista linneela;Elachistidae;United States;North America;Nearctic;1928;0;Simpson, A., et al. (2022). United States Register of Introduced and Invasive Species (US-RIIS) (ver. 2.0, November 2022): U.S. Geological Survey data release. Available at: https://www.sciencebase.gov/catalog/item/62d59ae5d34e87fffb2dda99;2022
Chrysodeixis chalcites;Noctuidae;Canada;North America;Nearctic;2008;0;CAB International (CABI) (2024). CABI Invasive Species Compendium. Available at: https://www.cabidigitallibrary.org/product/QI;2024
Chrysodeixis chalcites;Noctuidae;Czechia;Europe;Palearctic;1999;0;CAB International (CABI) (2024). CABI Invasive Species Compendium. Available at: https://www.cabidigitallibrary.org/product/QI;2024
Chrysodeixis chalcites;Noctuidae;United Kingdom;Europe;Palearctic;;;CAB International (CABI) (2024). CABI Invasive Species Compendium. Available at: https://www.cabidigitallibrary.org/product/QI;2024
Chrysodeixis chalcites;Noctuidae;Poland;Europe;Palearctic;;0;CAB International (CABI) (2024). CABI Invasive Species Compendium. Available at: https://www.cabidigitallibrary.org/product/QI;2024
Chrysodeixis chalcites;Noctuidae;Sweden;Europe;Palearctic;;0;CAB International (CABI) (2024). CABI Invasive Species Compendium. Available at: https://www.cabidigitallibrary.org/product/QI;2024
Chrysodeixis eriosoma;Noctuidae;United States;North America;Nearctic;;0;European and Mediterranean Plant Protection Organization (EPPO) (2024). EPPO Global Database. Available at: https://gd.eppo.int;2024
Chrysodeixis eriosoma;Noctuidae;Hawaii;Oceania;Nearctic;1877;0;European and Mediterranean Plant Protection Organization (EPPO) (2024). EPPO Global Database. Available at: https://gd.eppo.int;2024
Chrysoesthia drurella;Gelechiidae;New Zealand;Oceania;Australian;1963;;Turner, R., et al. (2024). International Non-native Insect Establishment Data (0.2.1) [Data set]. Zenodo.;2024
Chrysoesthia sexguttella;Gelechiidae;Azores;Europe;Palearctic;;0;Lopez-Vaamonde, C., et al. (2010). Lepidoptera. Chapter 11. BioRisk. 4: 603-668;2010
Chrysoesthia sexguttella;Gelechiidae;United States;North America;Nearctic;1926;0;Simpson, A., et al. (2022). United States Register of Introduced and Invasive Species (US-RIIS) (ver. 2.0, November 2022): U.S. Geological Survey data release. Available at: https://www.sciencebase.gov/catalog/item/62d59ae5d34e87fffb2dda99;2022
Citripestis eutraphera;Pyralidae;Australia;Australia;Australian;;;Mally, R., et al. (2022), Moths and butterflies on alien shores - global biogeography of non-native Lepidoptera. Dryad, Dataset. Available at: https://doi.org/10.5061/dryad.31zcrjdnw;2022
Clavigesta sylvestrana;Tortricidae;Ireland;Europe;Palearctic;;;Invasive Species Specialist Group ISSG (2020). Global Register of Introduced and Invasive Species GRIIS. Available at: https://griis.org;2020
Clepsis consimilana;Tortricidae;Canada;North America;Nearctic;;0;Gilligan, T., et al. (2020). Immigrant Tortricidae: Holarctic versus Introduced Species in North America. Insects. 11(9):594;2020
Clepsis consimilana;Tortricidae;United States;North America;Nearctic;1939;0;Simpson, A., et al. (2022). United States Register of Introduced and Invasive Species (US-RIIS) (ver. 2.0, November 2022): U.S. Geological Survey data release. Available at: https://www.sciencebase.gov/catalog/item/62d59ae5d34e87fffb2dda99;2022
Clepsis peritana;Tortricidae;Germany;Europe;Palearctic;1979;0;CAB International (CABI) (2024). CABI Invasive Species Compendium. Available at: https://www.cabidigitallibrary.org/product/QI;2024
Clepsis peritana;Tortricidae;Denmark;Europe;Palearctic;1987;0;CAB International (CABI) (2024). CABI Invasive Species Compendium. Available at: https://www.cabidigitallibrary.org/product/QI;2024
Clepsis peritana;Tortricidae;Spain;Europe;Palearctic;2000;0;Pinzari, M., et al. (2018). Is the alien species Clepsis peritana (Lepidoptera: Tortricidae) settling in Italy? Journal of Entomological and Arachnological Research. 50: 7551;2018
Clepsis peritana;Tortricidae;United Kingdom;Europe;Palearctic;;0;CAB International (CABI) (2024). CABI Invasive Species Compendium. Available at: https://www.cabidigitallibrary.org/product/QI;2024
Clepsis peritana;Tortricidae;Gibraltar;Africa;Palearctic;2006;0;Pinzari, M., et al. (2018). Is the alien species Clepsis peritana (Lepidoptera: Tortricidae) settling in Italy? Journal of Entomological and Arachnological Research. 50: 7551;2018
Clepsis peritana;Tortricidae;Italy;Europe;Palearctic;2015;0;Pinzari, M., et al. (2018). Is the alien species Clepsis peritana (Lepidoptera: Tortricidae) settling in Italy? Journal of Entomological and Arachnological Research. 50: 7551;2018
Clepsis peritana;Tortricidae;Madeira;Africa;Palearctic;;0;Roy, D., et al. (2020). DAISIE - Delivering Alien Invasive Species Inventories for Europe. Available at: http://www.europe-aliens.org/;2020
Clepsis spectrana;Tortricidae;United States;North America;Nearctic;1997;0;Simpson, A., et al. (2022). United States Register of Introduced and Invasive Species (US-RIIS) (ver. 2.0, November 2022): U.S. Geological Survey data release. Available at: https://www.sciencebase.gov/catalog/item/62d59ae5d34e87fffb2dda99;2022
Clethrogyna turbata;Erebidae;Denmark;Europe;Palearctic;;;Invasive Species Specialist Group ISSG (2020). Global Register of Introduced and Invasive Species GRIIS. Available at: https://griis.org;2020
Cnaphalocrocis medinalis;Crambidae;Australia;Australia;Australian;;;Mally, R., et al. (2022), Moths and butterflies on alien shores - global biogeography of non-native Lepidoptera. Dryad, Dataset. Available at: https://doi.org/10.5061/dryad.31zcrjdnw;2022
Cnaphalocrocis poeyalis;Crambidae;Australia;Australia;Australian;;;Mally, R., et al. (2022), Moths and butterflies on alien shores - global biogeography of non-native Lepidoptera. Dryad, Dataset. Available at: https://doi.org/10.5061/dryad.31zcrjdnw;2022
Cnaphalocrocis trapezalis;Crambidae;Galapagos;South America;Neotropical;1992;;Turner, R., et al. (2024). International Non-native Insect Establishment Data (0.2.1) [Data set]. Zenodo.;2024
Cnephasia asseclana;Tortricidae;United States;North America;Nearctic;1915;0;Simpson, A., et al. (2022). United States Register of Introduced and Invasive Species (US-RIIS) (ver. 2.0, November 2022): U.S. Geological Survey data release. Available at: https://www.sciencebase.gov/catalog/item/62d59ae5d34e87fffb2dda99;2022
Cnephasia longana;Tortricidae;United States;North America;Nearctic;1929;0;Simpson, A., et al. (2022). United States Register of Introduced and Invasive Species (US-RIIS) (ver. 2.0, November 2022): U.S. Geological Survey data release. Available at: https://www.sciencebase.gov/catalog/item/62d59ae5d34e87fffb2dda99;2022
Cnephasia stephensiana;Tortricidae;United States;North America;Nearctic;1978;0;Simpson, A., et al. (2022). United States Register of Introduced and Invasive Species (US-RIIS) (ver. 2.0, November 2022): U.S. Geological Survey data release. Available at: https://www.sciencebase.gov/catalog/item/62d59ae5d34e87fffb2dda99;2022
Cochylis atricapitana;Tortricidae;Australia;Australia;Australian;;;Mally, R., et al. (2022), Moths and butterflies on alien shores - global biogeography of non-native Lepidoptera. Dryad, Dataset. Available at: https://doi.org/10.5061/dryad.31zcrjdnw;2022
Cochylis atricapitana;Tortricidae;United States;North America;Nearctic;1990;1;Simpson, A., et al. (2022). United States Register of Introduced and Invasive Species (US-RIIS) (ver. 2.0, November 2022): U.S. Geological Survey data release. Available at: https://www.sciencebase.gov/catalog/item/62d59ae5d34e87fffb2dda99;2022
Coleophora alcyonipennella;Coleophoridae;Australia;Australia;Australian;;;Mally, R., et al. (2022), Moths and butterflies on alien shores - global biogeography of non-native Lepidoptera. Dryad, Dataset. Available at: https://doi.org/10.5061/dryad.31zcrjdnw;2022
Coleophora alcyonipennella;Coleophoridae;New Zealand;Oceania;Australian;1930;;Turner, R., et al. (2024). International Non-native Insect Establishment Data (0.2.1) [Data set]. Zenodo.;2024
Coleophora badiipennella;Coleophoridae;United States;North America;Nearctic;;0;Simpson, A., et al. (2022). United States Register of Introduced and Invasive Species (US-RIIS) (ver. 2.0, November 2022): U.S. Geological Survey data release. Available at: https://www.sciencebase.gov/catalog/item/62d59ae5d34e87fffb2dda99;2022
Coleophora colutella;Coleophoridae;United States;North America;Nearctic;1987;0;Simpson, A., et al. (2022). United States Register of Introduced and Invasive Species (US-RIIS) (ver. 2.0, November 2022): U.S. Geological Survey data release. Available at: https://www.sciencebase.gov/catalog/item/62d59ae5d34e87fffb2dda99;2022
Coleophora coracipennella;Coleophoridae;Madeira;Africa;Palearctic;;0;Lopez-Vaamonde, C., et al. (2010). Lepidoptera. Chapter 11. BioRisk. 4: 603-668;2010
Coleophora deauratella;Coleophoridae;Canada;North America;Nearctic;1970;0;CAB International (CABI) (2024). CABI Invasive Species Compendium. Available at: https://www.cabidigitallibrary.org/product/QI;2024
Coleophora deauratella;Coleophoridae;New Zealand;Oceania;Australian;2015;0;Dorman, S., et al. (2024). Flight phenology and landscape predictors of invasive Coleophora deauratella populations in Oregon and New Zealand red clover. Journal of Pest Science. 97: 631-643;2024
Coleophora deauratella;Coleophoridae;United States;North America;Nearctic;1987;0;CAB International (CABI) (2024). CABI Invasive Species Compendium. Available at: https://www.cabidigitallibrary.org/product/QI;2024
Coleophora frischella;Coleophoridae;Australia;Australia;Australian;1923;0;Hardy, R. (1983). The Biology and Behaviour of the Clover Seed Moth Coleophora frischella (Lepidoptera: Coleophoridae) in Tasmania. Journal of the Australian Entomological Society. 22: 7-14;1983
Coleophora frischella;Coleophoridae;New Zealand;Oceania;Australian;1952;0;Hardy, R. (1983). The Biology and Behaviour of the Clover Seed Moth Coleophora frischella (Lepidoptera: Coleophoridae) in Tasmania. Journal of the Australian Entomological Society. 22: 7-14;1983
Coleophora klimeschiella;Coleophoridae;United States;North America;Nearctic;1981;1;Simpson, A., et al. (2022). United States Register of Introduced and Invasive Species (US-RIIS) (ver. 2.0, November 2022): U.S. Geological Survey data release. Available at: https://www.sciencebase.gov/catalog/item/62d59ae5d34e87fffb2dda99;2022
Coleophora klimeschiella;Coleophoridae;Hawaii;Oceania;Nearctic;1981;1;Turner, R., et al. (2024). International Non-native Insect Establishment Data (0.2.1) [Data set]. Zenodo.;2024
Coleophora laricella;Coleophoridae;Belgium;Europe;Palearctic;;0;Lopez-Vaamonde, C., et al. (2010). Lepidoptera. Chapter 11. BioRisk. 4: 603-668;2010
Coleophora laricella;Coleophoridae;Canada;North America;Nearctic;;;Invasive Species Specialist Group ISSG (2020). Global Register of Introduced and Invasive Species GRIIS. Available at: https://griis.org;2020
Coleophora laricella;Coleophoridae;Denmark;Europe;Palearctic;;0;Lopez-Vaamonde, C., et al. (2010). Lepidoptera. Chapter 11. BioRisk. 4: 603-668;2010
Coleophora laricella;Coleophoridae;Estonia;Europe;Palearctic;;0;Lopez-Vaamonde, C., et al. (2010). Lepidoptera. Chapter 11. BioRisk. 4: 603-668;2010
Coleophora laricella;Coleophoridae;Finland;Europe;Palearctic;;0;Lopez-Vaamonde, C., et al. (2010). Lepidoptera. Chapter 11. BioRisk. 4: 603-668;2010
Coleophora laricella;Coleophoridae;United Kingdom;Europe;Palearctic;;0;Invasive Species Specialist Group ISSG (2020). Global Register of Introduced and Invasive Species GRIIS. Available at: https://griis.org;2020
Coleophora laricella;Coleophoridae;Croatia;Europe;Palearctic;;0;Lopez-Vaamonde, C., et al. (2010). Lepidoptera. Chapter 11. BioRisk. 4: 603-668;2010
Coleophora laricella;Coleophoridae;Ireland;Europe;Palearctic;;0;Invasive Species Specialist Group ISSG (2020). Global Register of Introduced and Invasive Species GRIIS. Available at: https://griis.org;2020
Coleophora laricella;Coleophoridae;Lithuania;Europe;Palearctic;;0;Lopez-Vaamonde, C., et al. (2010). Lepidoptera. Chapter 11. BioRisk. 4: 603-668;2010
Coleophora laricella;Coleophoridae;Latvia;Europe;Palearctic;;0;Lopez-Vaamonde, C., et al. (2010). Lepidoptera. Chapter 11. BioRisk. 4: 603-668;2010
Coleophora laricella;Coleophoridae;North Macedonia;Europe;Palearctic;;0;Lopez-Vaamonde, C., et al. (2010). Lepidoptera. Chapter 11. BioRisk. 4: 603-668;2010
Coleophora laricella;Coleophoridae;Netherlands;Europe;Palearctic;;0;Lopez-Vaamonde, C., et al. (2010). Lepidoptera. Chapter 11. BioRisk. 4: 603-668;2010
Coleophora laricella;Coleophoridae;Norway;Europe;Palearctic;;0;Lopez-Vaamonde, C., et al. (2010). Lepidoptera. Chapter 11. BioRisk. 4: 603-668;2010
Coleophora laricella;Coleophoridae;Serbia;Europe;Palearctic;;0;Pullaiah, T., Ielmini, M.R. (Eds.) (2021). Invasive Alien Species: Observations and Issues from Around the World. Volume 3: Issues and Invasions in Europe. Wiley. 326pp.;2021
Coleophora laricella;Coleophoridae;Sweden;Europe;Palearctic;;0;Invasive Species Specialist Group ISSG (2020). Global Register of Introduced and Invasive Species GRIIS. Available at: https://griis.org;2020
Coleophora laricella;Coleophoridae;United States;North America;Nearctic;1886;0;Simpson, A., et al. (2022). United States Register of Introduced and Invasive Species (US-RIIS) (ver. 2.0, November 2022): U.S. Geological Survey data release. Available at: https://www.sciencebase.gov/catalog/item/62d59ae5d34e87fffb2dda99;2022
Coleophora limosipennella;Coleophoridae;United States;North America;Nearctic;1901;0;Simpson, A., et al. (2022). United States Register of Introduced and Invasive Species (US-RIIS) (ver. 2.0, November 2022): U.S. Geological Survey data release. Available at: https://www.sciencebase.gov/catalog/item/62d59ae5d34e87fffb2dda99;2022
Coleophora mayrella;Coleophoridae;Canada;North America;Nearctic;;0;Landry, J., Wright, B. (1993). Systematics of the Nearctic species of metallic-green Coleophora (Lepidoptera: Coleophoridae). The Canadian Entomologist. 125(3): 549-618;1993
Coleophora mayrella;Coleophoridae;Chile;South America;Neotropical;1979;;Turner, R., et al. (2024). International Non-native Insect Establishment Data (0.2.1) [Data set]. Zenodo.;2024
Coleophora mayrella;Coleophoridae;New Zealand;Oceania;Australian;1922;;Turner, R., et al. (2024). International Non-native Insect Establishment Data (0.2.1) [Data set]. Zenodo.;2024
Coleophora mayrella;Coleophoridae;United States;North America;Nearctic;1860;0;Landry, J., Wright, B. (1993). Systematics of the Nearctic species of metallic-green Coleophora (Lepidoptera: Coleophoridae). The Canadian Entomologist. 125(3): 549-618;1993
Coleophora mayrella;Coleophoridae;Alaska;North America;Nearctic;;0;Landry, J., Wright, B. (1993). Systematics of the Nearctic species of metallic-green Coleophora (Lepidoptera: Coleophoridae). The Canadian Entomologist. 125(3): 549-618;1993
Coleophora parthenica;Coleophoridae;United States;North America;Nearctic;1981;1;Simpson, A., et al. (2022). United States Register of Introduced and Invasive Species (US-RIIS) (ver. 2.0, November 2022): U.S. Geological Survey data release. Available at: https://www.sciencebase.gov/catalog/item/62d59ae5d34e87fffb2dda99;2022
Coleophora serratella;Coleophoridae;Canada;North America;Nearctic;;;Invasive Species Specialist Group ISSG (2020). Global Register of Introduced and Invasive Species GRIIS. Available at: https://griis.org;2020
Coleophora serratella;Coleophoridae;United States;North America;Nearctic;1885;0;Simpson, A., et al. (2022). United States Register of Introduced and Invasive Species (US-RIIS) (ver. 2.0, November 2022): U.S. Geological Survey data release. Available at: https://www.sciencebase.gov/catalog/item/62d59ae5d34e87fffb2dda99;2022
Coleophora spiraeella;Coleophoridae;Germany;Europe;Palearctic;;0;Lopez-Vaamonde, C., et al. (2010). Lepidoptera. Chapter 11. BioRisk. 4: 603-668;2010
Coleophora spiraeella;Coleophoridae;Hungary;Europe;Palearctic;;0;Lopez-Vaamonde, C., et al. (2010). Lepidoptera. Chapter 11. BioRisk. 4: 603-668;2010
Coleophora spiraeella;Coleophoridae;Italy;Europe;Palearctic;;0;Invasive Species Specialist Group ISSG (2020). Global Register of Introduced and Invasive Species GRIIS. Available at: https://griis.org;2020
Coleophora spiraeella;Coleophoridae;Lithuania;Europe;Palearctic;;0;CAB International (CABI) (2024). CABI Invasive Species Compendium. Available at: https://www.cabidigitallibrary.org/product/QI;2024
Coleophora spiraeella;Coleophoridae;Netherlands;Europe;Palearctic;;;Invasive Species Specialist Group ISSG (2020). Global Register of Introduced and Invasive Species GRIIS. Available at: https://griis.org;2020
Coleophora spiraeella;Coleophoridae;Slovakia;Europe;Palearctic;;0;CAB International (CABI) (2024). CABI Invasive Species Compendium. Available at: https://www.cabidigitallibrary.org/product/QI;2024
Coleophora spiraeella;Coleophoridae;Slovenia;Europe;Palearctic;;;Invasive Species Specialist Group ISSG (2020). Global Register of Introduced and Invasive Species GRIIS. Available at: https://griis.org;2020
Coleophora spiraeella;Coleophoridae;Sweden;Europe;Palearctic;;0;CAB International (CABI) (2024). CABI Invasive Species Compendium. Available at: https://www.cabidigitallibrary.org/product/QI;2024
Coleophora striatipennella;Coleophoridae;New Zealand;Oceania;Australian;1969;0;Turner, R., et al. (2024). International Non-native Insect Establishment Data (0.2.1) [Data set]. Zenodo.;2024
Coleophora texanella;Coleophoridae;France;Europe;Palearctic;;;Invasive Species Specialist Group ISSG (2020). Global Register of Introduced and Invasive Species GRIIS. Available at: https://griis.org;2020
Coleophora versurella;Coleophoridae;Chile;South America;Neotropical;1987;;Turner, R., et al. (2024). International Non-native Insect Establishment Data (0.2.1) [Data set]. Zenodo.;2024
Coleophora versurella;Coleophoridae;Ireland;Europe;Palearctic;;;Invasive Species Specialist Group ISSG (2020). Global Register of Introduced and Invasive Species GRIIS. Available at: https://griis.org;2020
Coleophora versurella;Coleophoridae;New Zealand;Oceania;Australian;1969;;Turner, R., et al. (2024). International Non-native Insect Establishment Data (0.2.1) [Data set]. Zenodo.;2024
Coleophora versurella;Coleophoridae;Azores;Europe;Palearctic;;0;Lopez-Vaamonde, C., et al. (2010). Lepidoptera. Chapter 11. BioRisk. 4: 603-668;2010
Coleotechnites piceaella;Gelechiidae;Austria;Europe;Palearctic;;0;Invasive Species Specialist Group ISSG (2020). Global Register of Introduced and Invasive Species GRIIS. Available at: https://griis.org;2020
Coleotechnites piceaella;Gelechiidae;Czechia;Europe;Palearctic;;0;Roy, D., et al. (2020). DAISIE - Delivering Alien Invasive Species Inventories for Europe. Available at: http://www.europe-aliens.org/;2020
Coleotechnites piceaella;Gelechiidae;Germany;Europe;Palearctic;;0;Roy, D., et al. (2020). DAISIE - Delivering Alien Invasive Species Inventories for Europe. Available at: http://www.europe-aliens.org/;2020
Coleotechnites piceaella;Gelechiidae;France;Europe;Palearctic;;0;Roy, D., et al. (2020). DAISIE - Delivering Alien Invasive Species Inventories for Europe. Available at: http://www.europe-aliens.org/;2020
Coleotechnites piceaella;Gelechiidae;United Kingdom;Europe;Palearctic;;0;Roy, D., et al. (2020). DAISIE - Delivering Alien Invasive Species Inventories for Europe. Available at: http://www.europe-aliens.org/;2020
Coleotechnites piceaella;Gelechiidae;Hungary;Europe;Palearctic;;0;Roy, D., et al. (2020). DAISIE - Delivering Alien Invasive Species Inventories for Europe. Available at: http://www.europe-aliens.org/;2020
Coleotechnites piceaella;Gelechiidae;Italy;Europe;Palearctic;1975;0;Roy, D., et al. (2020). DAISIE - Delivering Alien Invasive Species Inventories for Europe. Available at: http://www.europe-aliens.org/;2020
Coleotechnites piceaella;Gelechiidae;Slovakia;Europe;Palearctic;;0;Invasive Species Specialist Group ISSG (2020). Global Register of Introduced and Invasive Species GRIIS. Available at: https://griis.org;2020
Comostolopsis germana;Geometridae;Australia;Australia;Australian;;1;Mally, R., et al. (2022), Moths and butterflies on alien shores - global biogeography of non-native Lepidoptera. Dryad, Dataset. Available at: https://doi.org/10.5061/dryad.31zcrjdnw;2022
Comotia torsicornis;Pyralidae;France;Europe;Palearctic;;;Invasive Species Specialist Group ISSG (2020). Global Register of Introduced and Invasive Species GRIIS. Available at: https://griis.org;2020
Condica dolorosa;Noctuidae;Hawaii;Oceania;Nearctic;1977;0;Turner, R., et al. (2024). International Non-native Insect Establishment Data (0.2.1) [Data set]. Zenodo.;2024
Conistra rubiginosa;Noctuidae;United Kingdom;Europe;Palearctic;2011;0;Turner, R., et al. (2024). International Non-native Insect Establishment Data (0.2.1) [Data set]. Zenodo.;2024
Conogethes punctiferalis;Crambidae;Australia;Australia;Australian;;;CAB International (CABI) (2024). CABI Invasive Species Compendium. Available at: https://www.cabidigitallibrary.org/product/QI;2024
Conopomorpha cramerella;Gracillariidae;Samoa;Oceania;Oceanina;;0;CAB International (CABI) (2024). CABI Invasive Species Compendium. Available at: https://www.cabidigitallibrary.org/product/QI;2024
Conopomorpha litchiella;Gracillariidae;Japan;Asia;Oriental;1989;0;Turner, R., et al. (2024). International Non-native Insect Establishment Data (0.2.1) [Data set]. Zenodo.;2024
Conopomorpha litchiella;Gracillariidae;Japan;Asia;Sino-Japanese;1980;0;National Institute for Environmental Studies - Japan (2024). Invasive Species of Japan: Lepidopterans (provisional list);2024
Conopomorpha sinensis;Gracillariidae;Japan;Asia;Oriental;1990;0;Turner, R., et al. (2024). International Non-native Insect Establishment Data (0.2.1) [Data set]. Zenodo.;2024
Conopomorpha sinensis;Gracillariidae;Japan;Asia;Sino-Japanese;;0;National Institute for Environmental Studies - Japan (2024). Invasive Species of Japan: Lepidopterans (provisional list);2024
Copaxa lavendera;Saturniidae;Netherlands;Europe;Palearctic;;;Invasive Species Specialist Group ISSG (2020). Global Register of Introduced and Invasive Species GRIIS. Available at: https://griis.org;2020
Coptodisca juglandiella;Heliozelidae;Hungary;Europe;Palearctic;2018;0;Takacs, A., et al. (2020). Nearctic walnut leafminers invade Europe: first Coptodisca lucifluella (Clemens, 1860) and now Coptodisca juglandiella (Chambers, 1874)(Lepidoptera, Heliozelidae). Nota Lepidopterologica. 43: 77-93;2020
Coptodisca lucifluella;Heliozelidae;Italy;Europe;Palearctic;2010;0;Bernardo, U., et al. (2015). Characterization, distribution, biology and impact on Italian walnut orchards of the invasive North-American leafminer Coptodisca lucifluella (Lepidoptera: Heliozelidae). Bulletin of Entomological Research. 105: 210-224;2015
Corcyra cephalonica;Pyralidae;Australia;Australia;Australian;;;Mally, R., et al. (2022), Moths and butterflies on alien shores - global biogeography of non-native Lepidoptera. Dryad, Dataset. Available at: https://doi.org/10.5061/dryad.31zcrjdnw;2022
Corcyra cephalonica;Pyralidae;Bulgaria;Europe;Palearctic;1930;0;Roy, D., et al. (2020). DAISIE - Delivering Alien Invasive Species Inventories for Europe. Available at: http://www.europe-aliens.org/;2020
Corcyra cephalonica;Pyralidae;Galapagos;South America;Neotropical;2002;;Turner, R., et al. (2024). International Non-native Insect Establishment Data (0.2.1) [Data set]. Zenodo.;2024
Corcyra cephalonica;Pyralidae;Greece;Europe;Palearctic;1866;0;Pullaiah, T., Ielmini, M.R. (Eds.) (2021). Invasive Alien Species: Observations and Issues from Around the World. Volume 3: Issues and Invasions in Europe. Wiley. 326pp.;2021
Corcyra cephalonica;Pyralidae;Japan;Asia;Oriental;1920;0;Turner, R., et al. (2024). International Non-native Insect Establishment Data (0.2.1) [Data set]. Zenodo.;2024
Corcyra cephalonica;Pyralidae;Japan;Asia;Sino-Japanese;;0;National Institute for Environmental Studies - Japan (2024). Invasive Species of Japan: Lepidopterans (provisional list);2024
Corcyra cephalonica;Pyralidae;United States;North America;Nearctic;;0;Simpson, A., et al. (2022). United States Register of Introduced and Invasive Species (US-RIIS) (ver. 2.0, November 2022): U.S. Geological Survey data release. Available at: https://www.sciencebase.gov/catalog/item/62d59ae5d34e87fffb2dda99;2022
Corcyra cephalonica;Pyralidae;Hawaii;Oceania;Nearctic;1913;0;Turner, R., et al. (2024). International Non-native Insect Establishment Data (0.2.1) [Data set]. Zenodo.;2024
Corcyra cephalonica;Pyralidae;Venezuela;South America;Neotropical;;0;Pullaiah, T., Ielmini, M.R. (Eds.) (2021). Invasive Alien Species: Observations and Issues from Around the World. Volume 4: Issues and Invasions in the Americas and the Caribbean. Wiley. 384pp.;2021
Coscinoptycha improbana;Carposinidae;New Zealand;Oceania;Australian;1999;0;Turner, R., et al. (2024). International Non-native Insect Establishment Data (0.2.1) [Data set]. Zenodo.;2024
Cosmodes elegans;Noctuidae;New Zealand;Oceania;Australian;1922;;Turner, R., et al. (2024). International Non-native Insect Establishment Data (0.2.1) [Data set]. Zenodo.;2024
Cosmopterix attenuatella;Cosmopterigidae;New Zealand;Oceania;Australian;2006;;Turner, R., et al. (2024). International Non-native Insect Establishment Data (0.2.1) [Data set]. Zenodo.;2024
Cosmopterix feminella;Cosmopterigidae;Italy;Europe;Palearctic;2015;0;Koster, S., et al. (2019). The Eastern Palaearctic Cosmopterix feminella Sinev, 1988, introduced in Italy: taxonomy, biology and a new synonymy (Lepidoptera, Cosmopterigidae). Nota Lepidopterologica. 42: 49-61;2019
Crasimorpha infuscata;Gelechiidae;Hawaii;Oceania;Nearctic;;1;Turner, R., et al. (2024). International Non-native Insect Establishment Data (0.2.1) [Data set]. Zenodo.;2024
Cremastobombycia lantanella;Gracillariidae;Hawaii;Oceania;Nearctic;1902;1;Turner, R., et al. (2024). International Non-native Insect Establishment Data (0.2.1) [Data set]. Zenodo.;2024
Cremastobombycia lantanella;Gracillariidae;South Africa;Africa;Afrotropical;;;Invasive Species Specialist Group ISSG (2020). Global Register of Introduced and Invasive Species GRIIS. Available at: https://griis.org;2020
Crocidolomia pavonana;Crambidae;Japan;Asia;Oriental;1989;0;Turner, R., et al. (2024). International Non-native Insect Establishment Data (0.2.1) [Data set]. Zenodo.;2024
Crocidolomia pavonana;Crambidae;Japan;Asia;Sino-Japanese;1989;0;Turner, R., et al. (2024). International Non-native Insect Establishment Data (0.2.1) [Data set]. Zenodo.;2024
Crocidophora butleri;Crambidae;France;Europe;Palearctic;;;Invasive Species Specialist Group ISSG (2020). Global Register of Introduced and Invasive Species GRIIS. Available at: https://griis.org;2020
Crocidosema aporema;Tortricidae;Chile;South America;Neotropical;1930;;Turner, R., et al. (2024). International Non-native Insect Establishment Data (0.2.1) [Data set]. Zenodo.;2024
Crocidosema aporema;Tortricidae;United States;North America;Nearctic;1998;0;CAB International (CABI) (2024). CABI Invasive Species Compendium. Available at: https://www.cabidigitallibrary.org/product/QI;2024
Crocidosema lantana;Tortricidae;Australia;Australia;Australian;1914;1;Mally, R., et al. (2022), Moths and butterflies on alien shores - global biogeography of non-native Lepidoptera. Dryad, Dataset. Available at: https://doi.org/10.5061/dryad.31zcrjdnw;2022
Crocidosema lantana;Tortricidae;Galapagos;South America;Neotropical;;;Turner, R., et al. (2024). International Non-native Insect Establishment Data (0.2.1) [Data set]. Zenodo.;2024
Crocidosema lantana;Tortricidae;Kenya;Africa;Afrotropical;;0;Gilligan, T., et al. (2020). Immigrant Tortricidae: Holarctic versus Introduced Species in North America. Insects. 11(9):594;2020
Crocidosema lantana;Tortricidae;Madagascar;Africa;Madagascan;;0;Gilligan, T., et al. (2020). Immigrant Tortricidae: Holarctic versus Introduced Species in North America. Insects. 11(9):594;2020
Crocidosema lantana;Tortricidae;Hawaii;Oceania;Nearctic;1902;1;Turner, R., et al. (2024). International Non-native Insect Establishment Data (0.2.1) [Data set]. Zenodo.;2024
Crocidosema lantana;Tortricidae;South Africa;Africa;Afrotropical;;1;Turner, R., et al. (2024). International Non-native Insect Establishment Data (0.2.1) [Data set]. Zenodo.;2024
Crocidosema plebejana;Tortricidae;United Arab Emirates;Asia;Saharo-Arabian;;;CAB International (CABI) (2024). CABI Invasive Species Compendium. Available at: https://www.cabidigitallibrary.org/product/QI;2024
Crocidosema plebejana;Tortricidae;Australia;Australia;Australian;;;CAB International (CABI) (2024). CABI Invasive Species Compendium. Available at: https://www.cabidigitallibrary.org/product/QI;2024
Crocidosema plebejana;Tortricidae;Austria;Europe;Palearctic;;;CAB International (CABI) (2024). CABI Invasive Species Compendium. Available at: https://www.cabidigitallibrary.org/product/QI;2024
Crocidosema plebejana;Tortricidae;Democratic Republic of the Congo;Africa;Afrotropical;;;CAB International (CABI) (2024). CABI Invasive Species Compendium. Available at: https://www.cabidigitallibrary.org/product/QI;2024
Crocidosema plebejana;Tortricidae;Costa Rica;North America;Panamanian;;;CAB International (CABI) (2024). CABI Invasive Species Compendium. Available at: https://www.cabidigitallibrary.org/product/QI;2024
Crocidosema plebejana;Tortricidae;Cuba;North America;Panamanian;;;CAB International (CABI) (2024). CABI Invasive Species Compendium. Available at: https://www.cabidigitallibrary.org/product/QI;2024
Crocidosema plebejana;Tortricidae;Germany;Europe;Palearctic;;;CAB International (CABI) (2024). CABI Invasive Species Compendium. Available at: https://www.cabidigitallibrary.org/product/QI;2024
Crocidosema plebejana;Tortricidae;Galapagos;South America;Neotropical;1923;;CAB International (CABI) (2024). CABI Invasive Species Compendium. Available at: https://www.cabidigitallibrary.org/product/QI;2024
Crocidosema plebejana;Tortricidae;Egypt;Africa;Saharo-Arabian;;;CAB International (CABI) (2024). CABI Invasive Species Compendium. Available at: https://www.cabidigitallibrary.org/product/QI;2024
Crocidosema plebejana;Tortricidae;Spain;Europe;Palearctic;;;CAB International (CABI) (2024). CABI Invasive Species Compendium. Available at: https://www.cabidigitallibrary.org/product/QI;2024
Crocidosema plebejana;Tortricidae;Canary Islands;Africa;Palearctic;;;CAB International (CABI) (2024). CABI Invasive Species Compendium. Available at: https://www.cabidigitallibrary.org/product/QI;2024
Crocidosema plebejana;Tortricidae;France;Europe;Palearctic;;;CAB International (CABI) (2024). CABI Invasive Species Compendium. Available at: https://www.cabidigitallibrary.org/product/QI;2024
Crocidosema plebejana;Tortricidae;French Polynesia;Oceania;Oceanina;;;CAB International (CABI) (2024). CABI Invasive Species Compendium. Available at: https://www.cabidigitallibrary.org/product/QI;2024
Crocidosema plebejana;Tortricidae;United Kingdom;Europe;Palearctic;1900;;CAB International (CABI) (2024). CABI Invasive Species Compendium. Available at: https://www.cabidigitallibrary.org/product/QI;2024
Crocidosema plebejana;Tortricidae;British African Islands;Africa;Afrotropical;;;CAB International (CABI) (2024). CABI Invasive Species Compendium. Available at: https://www.cabidigitallibrary.org/product/QI;2024
Crocidosema plebejana;Tortricidae;British North American Islands;North America;Nearctic;1980;;CAB International (CABI) (2024). CABI Invasive Species Compendium. Available at: https://www.cabidigitallibrary.org/product/QI;2024
Crocidosema plebejana;Tortricidae;British North American Islands;North America;Panamanian;;;CAB International (CABI) (2024). CABI Invasive Species Compendium. Available at: https://www.cabidigitallibrary.org/product/QI;2024
Crocidosema plebejana;Tortricidae;Grenada;North America;Neotropical;;;CAB International (CABI) (2024). CABI Invasive Species Compendium. Available at: https://www.cabidigitallibrary.org/product/QI;2024
Crocidosema plebejana;Tortricidae;India;Asia;Oriental;;;CAB International (CABI) (2024). CABI Invasive Species Compendium. Available at: https://www.cabidigitallibrary.org/product/QI;2024
Crocidosema plebejana;Tortricidae;Ireland;Europe;Palearctic;;;CAB International (CABI) (2024). CABI Invasive Species Compendium. Available at: https://www.cabidigitallibrary.org/product/QI;2024
Crocidosema plebejana;Tortricidae;Italy;Europe;Palearctic;1847;;European and Mediterranean Plant Protection Organization (EPPO) (2024). EPPO Global Database. Available at: https://gd.eppo.int;2024
Crocidosema plebejana;Tortricidae;Japan;Asia;Oriental;;;CAB International (CABI) (2024). CABI Invasive Species Compendium. Available at: https://www.cabidigitallibrary.org/product/QI;2024
Crocidosema plebejana;Tortricidae;Japan;Asia;Sino-Japanese;;;CAB International (CABI) (2024). CABI Invasive Species Compendium. Available at: https://www.cabidigitallibrary.org/product/QI;2024
Crocidosema plebejana;Tortricidae;Kenya;Africa;Afrotropical;;;CAB International (CABI) (2024). CABI Invasive Species Compendium. Available at: https://www.cabidigitallibrary.org/product/QI;2024
Crocidosema plebejana;Tortricidae;Cambodia;Asia;Oriental;;;CAB International (CABI) (2024). CABI Invasive Species Compendium. Available at: https://www.cabidigitallibrary.org/product/QI;2024
Crocidosema plebejana;Tortricidae;Sri Lanka;Asia;Oriental;;;CAB International (CABI) (2024). CABI Invasive Species Compendium. Available at: https://www.cabidigitallibrary.org/product/QI;2024
Crocidosema plebejana;Tortricidae;Mexico;North America;Nearctic;;;CAB International (CABI) (2024). CABI Invasive Species Compendium. Available at: https://www.cabidigitallibrary.org/product/QI;2024
Crocidosema plebejana;Tortricidae;Netherlands;Europe;Palearctic;;;CAB International (CABI) (2024). CABI Invasive Species Compendium. Available at: https://www.cabidigitallibrary.org/product/QI;2024
Crocidosema plebejana;Tortricidae;New Zealand;Oceania;Australian;;;CAB International (CABI) (2024). CABI Invasive Species Compendium. Available at: https://www.cabidigitallibrary.org/product/QI;2024
Crocidosema plebejana;Tortricidae;Philippines;Asia;Oriental;;;CAB International (CABI) (2024). CABI Invasive Species Compendium. Available at: https://www.cabidigitallibrary.org/product/QI;2024
Crocidosema plebejana;Tortricidae;Madeira;Africa;Palearctic;;;CAB International (CABI) (2024). CABI Invasive Species Compendium. Available at: https://www.cabidigitallibrary.org/product/QI;2024
Crocidosema plebejana;Tortricidae;Sudan;Africa;Afrotropical;;;European and Mediterranean Plant Protection Organization (EPPO) (2024). EPPO Global Database. Available at: https://gd.eppo.int;2024
Crocidosema plebejana;Tortricidae;Solomon Islands;Oceania;Oceanina;;;CAB International (CABI) (2024). CABI Invasive Species Compendium. Available at: https://www.cabidigitallibrary.org/product/QI;2024
Crocidosema plebejana;Tortricidae;Sao Tome and Principe;Africa;Afrotropical;;;CAB International (CABI) (2024). CABI Invasive Species Compendium. Available at: https://www.cabidigitallibrary.org/product/QI;2024
Crocidosema plebejana;Tortricidae;Seychelles;Africa;Oceanina;;;CAB International (CABI) (2024). CABI Invasive Species Compendium. Available at: https://www.cabidigitallibrary.org/product/QI;2024
Crocidosema plebejana;Tortricidae;Syria;Asia;Saharo-Arabian;;;CAB International (CABI) (2024). CABI Invasive Species Compendium. Available at: https://www.cabidigitallibrary.org/product/QI;2024
Crocidosema plebejana;Tortricidae;Taiwan;Asia;Oriental;;;CAB International (CABI) (2024). CABI Invasive Species Compendium. Available at: https://www.cabidigitallibrary.org/product/QI;2024
Crocidosema plebejana;Tortricidae;Uganda;Africa;Afrotropical;;;CAB International (CABI) (2024). CABI Invasive Species Compendium. Available at: https://www.cabidigitallibrary.org/product/QI;2024
Crocidosema plebejana;Tortricidae;United States;North America;Nearctic;1911;;European and Mediterranean Plant Protection Organization (EPPO) (2024). EPPO Global Database. Available at: https://gd.eppo.int;2024
Crocidosema plebejana;Tortricidae;Hawaii;Oceania;Nearctic;1986;0;Turner, R., et al. (2024). International Non-native Insect Establishment Data (0.2.1) [Data set]. Zenodo.;2024
Crocidosema plebejana;Tortricidae;US North American Islands;North America;Panamanian;;;CAB International (CABI) (2024). CABI Invasive Species Compendium. Available at: https://www.cabidigitallibrary.org/product/QI;2024
Crocidosema plebejana;Tortricidae;US Oceania Micronesia Islands;North America;Oceanina;;;CAB International (CABI) (2024). CABI Invasive Species Compendium. Available at: https://www.cabidigitallibrary.org/product/QI;2024
Crocidosema plebejana;Tortricidae;US Oceania Micronesia Islands;Oceania;Oceanina;;;CAB International (CABI) (2024). CABI Invasive Species Compendium. Available at: https://www.cabidigitallibrary.org/product/QI;2024
Crocidosema plebejana;Tortricidae;Saint Vincent and the Grenadines;North America;Neotropical;;;CAB International (CABI) (2024). CABI Invasive Species Compendium. Available at: https://www.cabidigitallibrary.org/product/QI;2024
Crocidosema plebejana;Tortricidae;Samoa;Oceania;Oceanina;;;CAB International (CABI) (2024). CABI Invasive Species Compendium. Available at: https://www.cabidigitallibrary.org/product/QI;2024
Crocidosema plebejana;Tortricidae;South Africa;Africa;Afrotropical;;;CAB International (CABI) (2024). CABI Invasive Species Compendium. Available at: https://www.cabidigitallibrary.org/product/QI;2024
Crocidosema plebejana;Tortricidae;Zimbabwe;Africa;Afrotropical;;;CAB International (CABI) (2024). CABI Invasive Species Compendium. Available at: https://www.cabidigitallibrary.org/product/QI;2024
Crocidosema synneurota;Tortricidae;Galapagos;South America;Neotropical;;;Mally, R., et al. (2022), Moths and butterflies on alien shores - global biogeography of non-native Lepidoptera. Dryad, Dataset. Available at: https://doi.org/10.5061/dryad.31zcrjdnw;2022
Cryphia algae;Noctuidae;United Kingdom;Europe;Palearctic;2000;;CAB International (CABI) (2024). CABI Invasive Species Compendium. Available at: https://www.cabidigitallibrary.org/product/QI;2024
Cryptoblabes gnidiella;Pyralidae;Albania;Europe;Palearctic;;;CAB International (CABI) (2024). CABI Invasive Species Compendium. Available at: https://www.cabidigitallibrary.org/product/QI;2024
Cryptoblabes gnidiella;Pyralidae;Australia;Australia;Australian;;;CAB International (CABI) (2024). CABI Invasive Species Compendium. Available at: https://www.cabidigitallibrary.org/product/QI;2024
Cryptoblabes gnidiella;Pyralidae;Austria;Europe;Palearctic;;;CAB International (CABI) (2024). CABI Invasive Species Compendium. Available at: https://www.cabidigitallibrary.org/product/QI;2024
Cryptoblabes gnidiella;Pyralidae;Bosnia and Herzegovina;Europe;Palearctic;;;CAB International (CABI) (2024). CABI Invasive Species Compendium. Available at: https://www.cabidigitallibrary.org/product/QI;2024
Cryptoblabes gnidiella;Pyralidae;Brazil;South America;Neotropical;;;CAB International (CABI) (2024). CABI Invasive Species Compendium. Available at: https://www.cabidigitallibrary.org/product/QI;2024
Cryptoblabes gnidiella;Pyralidae;Cote dIvoire;Africa;Afrotropical;;;CAB International (CABI) (2024). CABI Invasive Species Compendium. Available at: https://www.cabidigitallibrary.org/product/QI;2024
Cryptoblabes gnidiella;Pyralidae;Democratic Republic of the Congo;Africa;Afrotropical;;;CAB International (CABI) (2024). CABI Invasive Species Compendium. Available at: https://www.cabidigitallibrary.org/product/QI;2024
Cryptoblabes gnidiella;Pyralidae;Republic of the Congo;Africa;Afrotropical;;;CAB International (CABI) (2024). CABI Invasive Species Compendium. Available at: https://www.cabidigitallibrary.org/product/QI;2024
Cryptoblabes gnidiella;Pyralidae;Cabo Verde;Africa;Afrotropical;;;CAB International (CABI) (2024). CABI Invasive Species Compendium. Available at: https://www.cabidigitallibrary.org/product/QI;2024
Cryptoblabes gnidiella;Pyralidae;Cuba;North America;Panamanian;;;CAB International (CABI) (2024). CABI Invasive Species Compendium. Available at: https://www.cabidigitallibrary.org/product/QI;2024
Cryptoblabes gnidiella;Pyralidae;Germany;Europe;Palearctic;;;CAB International (CABI) (2024). CABI Invasive Species Compendium. Available at: https://www.cabidigitallibrary.org/product/QI;2024
Cryptoblabes gnidiella;Pyralidae;Denmark;Europe;Palearctic;;;CAB International (CABI) (2024). CABI Invasive Species Compendium. Available at: https://www.cabidigitallibrary.org/product/QI;2024
Cryptoblabes gnidiella;Pyralidae;Dominican Republic;North America;Panamanian;;;CAB International (CABI) (2024). CABI Invasive Species Compendium. Available at: https://www.cabidigitallibrary.org/product/QI;2024
Cryptoblabes gnidiella;Pyralidae;Eritrea;Africa;Afrotropical;;;CAB International (CABI) (2024). CABI Invasive Species Compendium. Available at: https://www.cabidigitallibrary.org/product/QI;2024
Cryptoblabes gnidiella;Pyralidae;French African Islands;Africa;Madagascan;;;CAB International (CABI) (2024). CABI Invasive Species Compendium. Available at: https://www.cabidigitallibrary.org/product/QI;2024
Cryptoblabes gnidiella;Pyralidae;British North American Islands;North America;Nearctic;;;European and Mediterranean Plant Protection Organization (EPPO) (2024). EPPO Global Database. Available at: https://gd.eppo.int;2024
Cryptoblabes gnidiella;Pyralidae;Georgia;Asia;Palearctic;;;CAB International (CABI) (2024). CABI Invasive Species Compendium. Available at: https://www.cabidigitallibrary.org/product/QI;2024
Cryptoblabes gnidiella;Pyralidae;Croatia;Europe;Palearctic;;;CAB International (CABI) (2024). CABI Invasive Species Compendium. Available at: https://www.cabidigitallibrary.org/product/QI;2024
Cryptoblabes gnidiella;Pyralidae;Haiti;North America;Panamanian;;;CAB International (CABI) (2024). CABI Invasive Species Compendium. Available at: https://www.cabidigitallibrary.org/product/QI;2024
Cryptoblabes gnidiella;Pyralidae;India;Asia;Oriental;;;CAB International (CABI) (2024). CABI Invasive Species Compendium. Available at: https://www.cabidigitallibrary.org/product/QI;2024
Cryptoblabes gnidiella;Pyralidae;Iran;Asia;Saharo-Arabian;;;CAB International (CABI) (2024). CABI Invasive Species Compendium. Available at: https://www.cabidigitallibrary.org/product/QI;2024
Cryptoblabes gnidiella;Pyralidae;Iraq;Asia;Saharo-Arabian;;;CAB International (CABI) (2024). CABI Invasive Species Compendium. Available at: https://www.cabidigitallibrary.org/product/QI;2024
Cryptoblabes gnidiella;Pyralidae;Jordan;Asia;Saharo-Arabian;;;CAB International (CABI) (2024). CABI Invasive Species Compendium. Available at: https://www.cabidigitallibrary.org/product/QI;2024
Cryptoblabes gnidiella;Pyralidae;Japan;Asia;Oriental;1970;;Turner, R., et al. (2024). International Non-native Insect Establishment Data (0.2.1) [Data set]. Zenodo.;2024
Cryptoblabes gnidiella;Pyralidae;South Korea;Asia;Palearctic;;;CAB International (CABI) (2024). CABI Invasive Species Compendium. Available at: https://www.cabidigitallibrary.org/product/QI;2024
Cryptoblabes gnidiella;Pyralidae;Kuwait;Asia;Saharo-Arabian;;;CAB International (CABI) (2024). CABI Invasive Species Compendium. Available at: https://www.cabidigitallibrary.org/product/QI;2024
Cryptoblabes gnidiella;Pyralidae;Liberia;Africa;Afrotropical;;;CAB International (CABI) (2024). CABI Invasive Species Compendium. Available at: https://www.cabidigitallibrary.org/product/QI;2024
Cryptoblabes gnidiella;Pyralidae;Madagascar;Africa;Madagascan;;;CAB International (CABI) (2024). CABI Invasive Species Compendium. Available at: https://www.cabidigitallibrary.org/product/QI;2024
Cryptoblabes gnidiella;Pyralidae;Mexico;North America;Nearctic;;;CAB International (CABI) (2024). CABI Invasive Species Compendium. Available at: https://www.cabidigitallibrary.org/product/QI;2024
Cryptoblabes gnidiella;Pyralidae;North Macedonia;Europe;Palearctic;;;CAB International (CABI) (2024). CABI Invasive Species Compendium. Available at: https://www.cabidigitallibrary.org/product/QI;2024
Cryptoblabes gnidiella;Pyralidae;Malawi;Africa;Afrotropical;;;CAB International (CABI) (2024). CABI Invasive Species Compendium. Available at: https://www.cabidigitallibrary.org/product/QI;2024
Cryptoblabes gnidiella;Pyralidae;Malaysia;Asia;Oriental;;;CAB International (CABI) (2024). CABI Invasive Species Compendium. Available at: https://www.cabidigitallibrary.org/product/QI;2024
Cryptoblabes gnidiella;Pyralidae;Nigeria;Africa;Afrotropical;;;CAB International (CABI) (2024). CABI Invasive Species Compendium. Available at: https://www.cabidigitallibrary.org/product/QI;2024
Cryptoblabes gnidiella;Pyralidae;Netherlands;Europe;Palearctic;;;CAB International (CABI) (2024). CABI Invasive Species Compendium. Available at: https://www.cabidigitallibrary.org/product/QI;2024
Cryptoblabes gnidiella;Pyralidae;New Zealand;Oceania;Australian;;;European and Mediterranean Plant Protection Organization (EPPO) (2024). EPPO Global Database. Available at: https://gd.eppo.int;2024
Cryptoblabes gnidiella;Pyralidae;Papua New Guinea;Oceania;Oceanina;;;CAB International (CABI) (2024). CABI Invasive Species Compendium. Available at: https://www.cabidigitallibrary.org/product/QI;2024
Cryptoblabes gnidiella;Pyralidae;Azores;Europe;Palearctic;;;CAB International (CABI) (2024). CABI Invasive Species Compendium. Available at: https://www.cabidigitallibrary.org/product/QI;2024
Cryptoblabes gnidiella;Pyralidae;Qatar;Asia;Saharo-Arabian;;;CAB International (CABI) (2024). CABI Invasive Species Compendium. Available at: https://www.cabidigitallibrary.org/product/QI;2024
Cryptoblabes gnidiella;Pyralidae;Romania;Europe;Palearctic;;;CAB International (CABI) (2024). CABI Invasive Species Compendium. Available at: https://www.cabidigitallibrary.org/product/QI;2024
Cryptoblabes gnidiella;Pyralidae;Russia Asia;Asia;Palearctic;;;CAB International (CABI) (2024). CABI Invasive Species Compendium. Available at: https://www.cabidigitallibrary.org/product/QI;2024
Cryptoblabes gnidiella;Pyralidae;Saudi Arabia;Asia;Saharo-Arabian;;;CAB International (CABI) (2024). CABI Invasive Species Compendium. Available at: https://www.cabidigitallibrary.org/product/QI;2024
Cryptoblabes gnidiella;Pyralidae;Sierra Leone;Africa;Afrotropical;;;CAB International (CABI) (2024). CABI Invasive Species Compendium. Available at: https://www.cabidigitallibrary.org/product/QI;2024
Cryptoblabes gnidiella;Pyralidae;Syria;Asia;Saharo-Arabian;;;CAB International (CABI) (2024). CABI Invasive Species Compendium. Available at: https://www.cabidigitallibrary.org/product/QI;2024
Cryptoblabes gnidiella;Pyralidae;Thailand;Asia;Oriental;;;CAB International (CABI) (2024). CABI Invasive Species Compendium. Available at: https://www.cabidigitallibrary.org/product/QI;2024
Cryptoblabes gnidiella;Pyralidae;Tunisia;Africa;Saharo-Arabian;;;CAB International (CABI) (2024). CABI Invasive Species Compendium. Available at: https://www.cabidigitallibrary.org/product/QI;2024
Cryptoblabes gnidiella;Pyralidae;Uruguay;South America;Neotropical;1983;;European and Mediterranean Plant Protection Organization (EPPO) (2024). EPPO Global Database. Available at: https://gd.eppo.int;2024
Cryptoblabes gnidiella;Pyralidae;United States;North America;Nearctic;;0;CAB International (CABI) (2024). CABI Invasive Species Compendium. Available at: https://www.cabidigitallibrary.org/product/QI;2024
Cryptoblabes gnidiella;Pyralidae;Hawaii;Oceania;Nearctic;1905;0;CAB International (CABI) (2024). CABI Invasive Species Compendium. Available at: https://www.cabidigitallibrary.org/product/QI;2024
Cryptoblabes gnidiella;Pyralidae;Venezuela;South America;Neotropical;;;CAB International (CABI) (2024). CABI Invasive Species Compendium. Available at: https://www.cabidigitallibrary.org/product/QI;2024
Cryptoblabes gnidiella;Pyralidae;South Africa;Africa;Afrotropical;;;European and Mediterranean Plant Protection Organization (EPPO) (2024). EPPO Global Database. Available at: https://gd.eppo.int;2024
Cryptoblabes gnidiella;Pyralidae;Zimbabwe;Africa;Afrotropical;;;CAB International (CABI) (2024). CABI Invasive Species Compendium. Available at: https://www.cabidigitallibrary.org/product/QI;2024
Cryptographis nitidalis;Crambidae;Galapagos;South America;Neotropical;1964;;Turner, R., et al. (2024). International Non-native Insect Establishment Data (0.2.1) [Data set]. Zenodo.;2024
Cryptographis nitidalis;Crambidae;Hawaii;Oceania;Nearctic;2003;0;Turner, R., et al. (2024). International Non-native Insect Establishment Data (0.2.1) [Data set]. Zenodo.;2024
Cryptophlebia illepida;Tortricidae;South Africa;Africa;Afrotropical;;;Turner, R., et al. (2024). International Non-native Insect Establishment Data (0.2.1) [Data set]. Zenodo.;2024
Cryptophlebia ombrodelta;Tortricidae;Hawaii;Oceania;Nearctic;1953;0;Turner, R., et al. (2024). International Non-native Insect Establishment Data (0.2.1) [Data set]. Zenodo.;2024
Ctenoplusia albostriata;Noctuidae;Hawaii;Oceania;Nearctic;1996;0;Turner, R., et al. (2024). International Non-native Insect Establishment Data (0.2.1) [Data set]. Zenodo.;2024
Ctenoplusia limbirena;Noctuidae;New Zealand;Oceania;Australian;2011;;Turner, R., et al. (2024). International Non-native Insect Establishment Data (0.2.1) [Data set]. Zenodo.;2024
Cucullia umbratica;Noctuidae;Canada;North America;Nearctic;1998;0;Handfield, L., Handfield, D. (2010). Cucullia umbratica (Lepidoptera, Noctuidae), a new European noctuid in North America. ZooKeys. 39: 183-186;2010
Cucullia umbratica;Noctuidae;United States;North America;Nearctic;1998;0;Simpson, A., et al. (2022). United States Register of Introduced and Invasive Species (US-RIIS) (ver. 2.0, November 2022): U.S. Geological Survey data release. Available at: https://www.sciencebase.gov/catalog/item/62d59ae5d34e87fffb2dda99;2022
Culladia cuneiferellus;Crambidae;New Zealand;Oceania;Australian;1999;0;Turner, R., et al. (2024). International Non-native Insect Establishment Data (0.2.1) [Data set]. Zenodo.;2024
Cupha erymanthis;Nymphalidae;Japan;Asia;Oriental;1973;0;Turner, R., et al. (2024). International Non-native Insect Establishment Data (0.2.1) [Data set]. Zenodo.;2024
Cupha erymanthis;Nymphalidae;Japan;Asia;Sino-Japanese;;0;National Institute for Environmental Studies - Japan (2024). Invasive Species of Japan: Lepidopterans (provisional list);2024
Curetis acuta;Lycaenidae;South Korea;Asia;Palearctic;;;Turner, R., et al. (2024). International Non-native Insect Establishment Data (0.2.1) [Data set]. Zenodo.;2024
Cyclargus ammon;Lycaenidae;United States;North America;Nearctic;1998;0;Simpson, A., et al. (2022). United States Register of Introduced and Invasive Species (US-RIIS) (ver. 2.0, November 2022): U.S. Geological Survey data release. Available at: https://www.sciencebase.gov/catalog/item/62d59ae5d34e87fffb2dda99;2022
Cyclophora nanaria;Geometridae;Chile;South America;Neotropical;1976;;Turner, R., et al. (2024). International Non-native Insect Establishment Data (0.2.1) [Data set]. Zenodo.;2024
Cyclophora nanaria;Geometridae;Hawaii;Oceania;Nearctic;1965;0;Turner, R., et al. (2024). International Non-native Insect Establishment Data (0.2.1) [Data set]. Zenodo.;2024
Cyclophora obstataria;Geometridae;New Zealand;Oceania;Australian;2020;;Turner, R., et al. (2024). International Non-native Insect Establishment Data (0.2.1) [Data set]. Zenodo.;2024
Cydalima perspectalis;Crambidae;Albania;Europe;Palearctic;2017;0;CAB International (CABI) (2024). CABI Invasive Species Compendium. Available at: https://www.cabidigitallibrary.org/product/QI;2024
Cydalima perspectalis;Crambidae;Austria;Europe;Palearctic;2008;0;CAB International (CABI) (2024). CABI Invasive Species Compendium. Available at: https://www.cabidigitallibrary.org/product/QI;2024
Cydalima perspectalis;Crambidae;Belgium;Europe;Palearctic;2010;0;CAB International (CABI) (2024). CABI Invasive Species Compendium. Available at: https://www.cabidigitallibrary.org/product/QI;2024
Cydalima perspectalis;Crambidae;Bulgaria;Europe;Palearctic;2014;0;CAB International (CABI) (2024). CABI Invasive Species Compendium. Available at: https://www.cabidigitallibrary.org/product/QI;2024
Cydalima perspectalis;Crambidae;Bosnia and Herzegovina;Europe;Palearctic;2015;0;CAB International (CABI) (2024). CABI Invasive Species Compendium. Available at: https://www.cabidigitallibrary.org/product/QI;2024
Cydalima perspectalis;Crambidae;Canada;North America;Nearctic;2018;0;CAB International (CABI) (2024). CABI Invasive Species Compendium. Available at: https://www.cabidigitallibrary.org/product/QI;2024
Cydalima perspectalis;Crambidae;Switzerland;Europe;Palearctic;2007;0;CAB International (CABI) (2024). CABI Invasive Species Compendium. Available at: https://www.cabidigitallibrary.org/product/QI;2024
Cydalima perspectalis;Crambidae;Czechia;Europe;Palearctic;2011;0;CAB International (CABI) (2024). CABI Invasive Species Compendium. Available at: https://www.cabidigitallibrary.org/product/QI;2024
Cydalima perspectalis;Crambidae;Germany;Europe;Palearctic;2005;0;CAB International (CABI) (2024). CABI Invasive Species Compendium. Available at: https://www.cabidigitallibrary.org/product/QI;2024
Cydalima perspectalis;Crambidae;Denmark;Europe;Palearctic;2013;0;CAB International (CABI) (2024). CABI Invasive Species Compendium. Available at: https://www.cabidigitallibrary.org/product/QI;2024
Cydalima perspectalis;Crambidae;Algeria;Africa;Saharo-Arabian;2018;0;CAB International (CABI) (2024). CABI Invasive Species Compendium. Available at: https://www.cabidigitallibrary.org/product/QI;2024
Cydalima perspectalis;Crambidae;Spain;Europe;Palearctic;2014;0;CAB International (CABI) (2024). CABI Invasive Species Compendium. Available at: https://www.cabidigitallibrary.org/product/QI;2024
Cydalima perspectalis;Crambidae;France;Europe;Palearctic;2008;0;CAB International (CABI) (2024). CABI Invasive Species Compendium. Available at: https://www.cabidigitallibrary.org/product/QI;2024
Cydalima perspectalis;Crambidae;United Kingdom;Europe;Palearctic;2007;0;Turner, R., et al. (2024). International Non-native Insect Establishment Data (0.2.1) [Data set]. Zenodo.;2024
Cydalima perspectalis;Crambidae;Georgia;Asia;Palearctic;2012;0;CAB International (CABI) (2024). CABI Invasive Species Compendium. Available at: https://www.cabidigitallibrary.org/product/QI;2024
Cydalima perspectalis;Crambidae;Greece;Europe;Palearctic;2007;0;CAB International (CABI) (2024). CABI Invasive Species Compendium. Available at: https://www.cabidigitallibrary.org/product/QI;2024
Cydalima perspectalis;Crambidae;Croatia;Europe;Palearctic;2012;0;CAB International (CABI) (2024). CABI Invasive Species Compendium. Available at: https://www.cabidigitallibrary.org/product/QI;2024
Cydalima perspectalis;Crambidae;Hungary;Europe;Palearctic;2011;0;CAB International (CABI) (2024). CABI Invasive Species Compendium. Available at: https://www.cabidigitallibrary.org/product/QI;2024
Cydalima perspectalis;Crambidae;Ireland;Europe;Palearctic;2008;0;CAB International (CABI) (2024). CABI Invasive Species Compendium. Available at: https://www.cabidigitallibrary.org/product/QI;2024
Cydalima perspectalis;Crambidae;Iran;Asia;Saharo-Arabian;2016;0;CAB International (CABI) (2024). CABI Invasive Species Compendium. Available at: https://www.cabidigitallibrary.org/product/QI;2024
Cydalima perspectalis;Crambidae;Italy;Europe;Palearctic;2010;0;CAB International (CABI) (2024). CABI Invasive Species Compendium. Available at: https://www.cabidigitallibrary.org/product/QI;2024
Cydalima perspectalis;Crambidae;Sicily and Sardinia;Europe;Palearctic;;;CAB International (CABI) (2024). CABI Invasive Species Compendium. Available at: https://www.cabidigitallibrary.org/product/QI;2024
Cydalima perspectalis;Crambidae;Liechtenstein;Europe;Palearctic;2009;0;CAB International (CABI) (2024). CABI Invasive Species Compendium. Available at: https://www.cabidigitallibrary.org/product/QI;2024
Cydalima perspectalis;Crambidae;Luxembourg;Europe;Palearctic;;;CAB International (CABI) (2024). CABI Invasive Species Compendium. Available at: https://www.cabidigitallibrary.org/product/QI;2024
Cydalima perspectalis;Crambidae;Moldova;Europe;Palearctic;;;CAB International (CABI) (2024). CABI Invasive Species Compendium. Available at: https://www.cabidigitallibrary.org/product/QI;2024
Cydalima perspectalis;Crambidae;Montenegro;Europe;Palearctic;2014;0;CAB International (CABI) (2024). CABI Invasive Species Compendium. Available at: https://www.cabidigitallibrary.org/product/QI;2024
Cydalima perspectalis;Crambidae;Netherlands;Europe;Palearctic;2007;0;CAB International (CABI) (2024). CABI Invasive Species Compendium. Available at: https://www.cabidigitallibrary.org/product/QI;2024
Cydalima perspectalis;Crambidae;Poland;Europe;Palearctic;2012;0;CAB International (CABI) (2024). CABI Invasive Species Compendium. Available at: https://www.cabidigitallibrary.org/product/QI;2024
Cydalima perspectalis;Crambidae;Romania;Europe;Palearctic;2011;0;CAB International (CABI) (2024). CABI Invasive Species Compendium. Available at: https://www.cabidigitallibrary.org/product/QI;2024
Cydalima perspectalis;Crambidae;Russia Europe;Europe;Palearctic;2012;0;CAB International (CABI) (2024). CABI Invasive Species Compendium. Available at: https://www.cabidigitallibrary.org/product/QI;2024
Cydalima perspectalis;Crambidae;Russia Asia;Asia;Palearctic;2012;0;CAB International (CABI) (2024). CABI Invasive Species Compendium. Available at: https://www.cabidigitallibrary.org/product/QI;2024
Cydalima perspectalis;Crambidae;Serbia;Europe;Palearctic;2015;0;CAB International (CABI) (2024). CABI Invasive Species Compendium. Available at: https://www.cabidigitallibrary.org/product/QI;2024
Cydalima perspectalis;Crambidae;Slovakia;Europe;Palearctic;2012;0;CAB International (CABI) (2024). CABI Invasive Species Compendium. Available at: https://www.cabidigitallibrary.org/product/QI;2024
Cydalima perspectalis;Crambidae;Slovenia;Europe;Palearctic;2008;0;CAB International (CABI) (2024). CABI Invasive Species Compendium. Available at: https://www.cabidigitallibrary.org/product/QI;2024
Cydalima perspectalis;Crambidae;Turkey;Asia;Palearctic;2011;0;CAB International (CABI) (2024). CABI Invasive Species Compendium. Available at: https://www.cabidigitallibrary.org/product/QI;2024
Cydalima perspectalis;Crambidae;Ukraine;Europe;Palearctic;;0;CAB International (CABI) (2024). CABI Invasive Species Compendium. Available at: https://www.cabidigitallibrary.org/product/QI;2024
Cydalima perspectalis;Crambidae;United States;North America;Nearctic;2020;0;CAB International (CABI) (2024). CABI Invasive Species Compendium. Available at: https://www.cabidigitallibrary.org/product/QI;2024
Cydia coniferana;Tortricidae;Canada;North America;Nearctic;2005;0;Gilligan, T., et al. (2020). Immigrant Tortricidae: Holarctic versus Introduced Species in North America. Insects. 11(9):594;2020
Cydia coniferana;Tortricidae;United States;North America;Nearctic;2000;0;Simpson, A., et al. (2022). United States Register of Introduced and Invasive Species (US-RIIS) (ver. 2.0, November 2022): U.S. Geological Survey data release. Available at: https://www.sciencebase.gov/catalog/item/62d59ae5d34e87fffb2dda99;2022
Cydia grunertiana;Tortricidae;Belgium;Europe;Palearctic;;0;CAB International (CABI) (2024). CABI Invasive Species Compendium. Available at: https://www.cabidigitallibrary.org/product/QI;2024
Cydia grunertiana;Tortricidae;Denmark;Europe;Palearctic;;0;Lopez-Vaamonde, C., et al. (2010). Lepidoptera. Chapter 11. BioRisk. 4: 603-668;2010
Cydia grunertiana;Tortricidae;Sweden;Europe;Palearctic;1800;0;CAB International (CABI) (2024). CABI Invasive Species Compendium. Available at: https://www.cabidigitallibrary.org/product/QI;2024
Cydia illutana;Tortricidae;United Kingdom;Europe;Palearctic;1975;0;Turner, R., et al. (2024). International Non-native Insect Establishment Data (0.2.1) [Data set]. Zenodo.;2024
Cydia interscindana;Tortricidae;Belgium;Europe;Palearctic;2016;0;Takacs, A., et al. (2022). Bionomics and host plants of the invasive Cydia interscindana (Moschler, 1866) (Lepidoptera, Tortricidae), an emerging pest in the Carpathian Lowlands. Nota Lepidopterologica. 45: 53-64;2022
Cydia interscindana;Tortricidae;Switzerland;Europe;Palearctic;2010;0;Takacs, A., et al. (2022). Bionomics and host plants of the invasive Cydia interscindana (Moschler, 1866) (Lepidoptera, Tortricidae), an emerging pest in the Carpathian Lowlands. Nota Lepidopterologica. 45: 53-64;2022
Cydia interscindana;Tortricidae;Croatia;Europe;Palearctic;2013;0;Matosevic, D. (2013). Box tree moth (Cydalima perspectalis, Lepidoptera, Crambidae), new invasive insect pest in Croatia. South-east European forestry: SEEFOR. 4(2): 89-94;2013
Cydia interscindana;Tortricidae;Hungary;Europe;Palearctic;2014;0;Takacs, A., et al. (2022). Bionomics and host plants of the invasive Cydia interscindana (Moschler, 1866) (Lepidoptera, Tortricidae), an emerging pest in the Carpathian Lowlands. Nota Lepidopterologica. 45: 53-64;2022
Cydia interscindana;Tortricidae;Russia Europe;Europe;Palearctic;2017;0;Takacs, A., et al. (2022). Bionomics and host plants of the invasive Cydia interscindana (Moschler, 1866) (Lepidoptera, Tortricidae), an emerging pest in the Carpathian Lowlands. Nota Lepidopterologica. 45: 53-64;2022
Cydia interscindana;Tortricidae;Slovakia;Europe;Palearctic;2018;0;Takacs, A., et al. (2022). Bionomics and host plants of the invasive Cydia interscindana (Moschler, 1866) (Lepidoptera, Tortricidae), an emerging pest in the Carpathian Lowlands. Nota Lepidopterologica. 45: 53-64;2022
Cydia medicaginis;Tortricidae;France;Europe;Palearctic;;;Invasive Species Specialist Group ISSG (2020). Global Register of Introduced and Invasive Species GRIIS. Available at: https://griis.org;2020
Cydia medicaginis;Tortricidae;United Kingdom;Europe;Palearctic;1970;;Turner, R., et al. (2024). International Non-native Insect Establishment Data (0.2.1) [Data set]. Zenodo.;2024
Cydia millenniana;Tortricidae;Belgium;Europe;Palearctic;;0;Lopez-Vaamonde, C., et al. (2010). Lepidoptera. Chapter 11. BioRisk. 4: 603-668;2010
Cydia millenniana;Tortricidae;Denmark;Europe;Palearctic;;0;Lopez-Vaamonde, C., et al. (2010). Lepidoptera. Chapter 11. BioRisk. 4: 603-668;2010
Cydia millenniana;Tortricidae;United Kingdom;Europe;Palearctic;;0;CAB International (CABI) (2024). CABI Invasive Species Compendium. Available at: https://www.cabidigitallibrary.org/product/QI;2024
Cydia nigricana;Tortricidae;Canada;North America;Nearctic;1933;0;Gilligan, T., et al. (2020). Immigrant Tortricidae: Holarctic versus Introduced Species in North America. Insects. 11(9):594;2020
Cydia nigricana;Tortricidae;Japan;Asia;Oriental;;0;Thoming, G., Norli, H. (2015). Olfactory cues from different plant species in host selection by female pea moths. Journal of Agricultural and Food Chemistry. 63(8): 2127-2136;2015
Cydia nigricana;Tortricidae;Japan;Asia;Sino-Japanese;;0;Thoming, G., Norli, H. (2015). Olfactory cues from different plant species in host selection by female pea moths. Journal of Agricultural and Food Chemistry. 63(8): 2127-2136;2015
Cydia nigricana;Tortricidae;United States;North America;Nearctic;1907;0;Simpson, A., et al. (2022). United States Register of Introduced and Invasive Species (US-RIIS) (ver. 2.0, November 2022): U.S. Geological Survey data release. Available at: https://www.sciencebase.gov/catalog/item/62d59ae5d34e87fffb2dda99;2022
Cydia pactolana;Tortricidae;United Kingdom;Europe;Palearctic;;0;Invasive Species Specialist Group ISSG (2020). Global Register of Introduced and Invasive Species GRIIS. Available at: https://griis.org;2020
Cydia pomonella;Tortricidae;Australia;Australia;Australian;;;European and Mediterranean Plant Protection Organization (EPPO) (2024). EPPO Global Database. Available at: https://gd.eppo.int;2024
Cydia pomonella;Tortricidae;Chile;South America;Neotropical;1890;0;European and Mediterranean Plant Protection Organization (EPPO) (2024). EPPO Global Database. Available at: https://gd.eppo.int;2024
Cydia pomonella;Tortricidae;China;Asia;Oriental;;0;Chen, X., et al. (2022). Factors affecting the geographical distribution of invasive species in China. Journal of Integrative Agriculture. 21(4): 1116-1125;2022
Cydia pomonella;Tortricidae;China;Asia;Palearctic;1953;0;European and Mediterranean Plant Protection Organization (EPPO) (2024). EPPO Global Database. Available at: https://gd.eppo.int;2024
Cydia pomonella;Tortricidae;Ireland;Europe;Palearctic;;;European and Mediterranean Plant Protection Organization (EPPO) (2024). EPPO Global Database. Available at: https://gd.eppo.int;2024
Cydia pomonella;Tortricidae;Morocco;Africa;Saharo-Arabian;;0;European and Mediterranean Plant Protection Organization (EPPO) (2024). EPPO Global Database. Available at: https://gd.eppo.int;2024
Cydia pomonella;Tortricidae;New Zealand;Oceania;Australian;1922;;European and Mediterranean Plant Protection Organization (EPPO) (2024). EPPO Global Database. Available at: https://gd.eppo.int;2024
Cydia pomonella;Tortricidae;Azores;Europe;Palearctic;;0;European and Mediterranean Plant Protection Organization (EPPO) (2024). EPPO Global Database. Available at: https://gd.eppo.int;2024
Cydia pomonella;Tortricidae;Madeira;Africa;Palearctic;;0;European and Mediterranean Plant Protection Organization (EPPO) (2024). EPPO Global Database. Available at: https://gd.eppo.int;2024
Cydia pomonella;Tortricidae;United States;North America;Nearctic;1819;0;European and Mediterranean Plant Protection Organization (EPPO) (2024). EPPO Global Database. Available at: https://gd.eppo.int;2024
Cydia pomonella;Tortricidae;South Africa;Africa;Afrotropical;1892;0;European and Mediterranean Plant Protection Organization (EPPO) (2024). EPPO Global Database. Available at: https://gd.eppo.int;2024
Cydia saltitans;Tortricidae;Netherlands;Europe;Palearctic;;;Invasive Species Specialist Group ISSG (2020). Global Register of Introduced and Invasive Species GRIIS. Available at: https://griis.org;2020
Cydia splendana;Tortricidae;Ireland;Europe;Palearctic;;;Invasive Species Specialist Group ISSG (2020). Global Register of Introduced and Invasive Species GRIIS. Available at: https://griis.org;2020
Cydia splendana;Tortricidae;Portugal;Europe;Palearctic;;0;European and Mediterranean Plant Protection Organization (EPPO) (2024). EPPO Global Database. Available at: https://gd.eppo.int;2024
Cydia strobilella;Tortricidae;Netherlands;Europe;Palearctic;;0;Lopez-Vaamonde, C., et al. (2010). Lepidoptera. Chapter 11. BioRisk. 4: 603-668;2010
Cydia succedana;Tortricidae;New Zealand;Oceania;Australian;1988;1;Mally, R., et al. (2022), Moths and butterflies on alien shores - global biogeography of non-native Lepidoptera. Dryad, Dataset. Available at: https://doi.org/10.5061/dryad.31zcrjdnw;2022
Cymolomia hartigiana;Tortricidae;United States;North America;Nearctic;2007;0;Simpson, A., et al. (2022). United States Register of Introduced and Invasive Species (US-RIIS) (ver. 2.0, November 2022): U.S. Geological Survey data release. Available at: https://www.sciencebase.gov/catalog/item/62d59ae5d34e87fffb2dda99;2022
Danaus chrysippus;Nymphalidae;Canary Islands;Africa;Palearctic;;0;Lopez-Vaamonde, C., et al. (2010). Lepidoptera. Chapter 11. BioRisk. 4: 603-668;2010
Danaus chrysippus;Nymphalidae;Sicily and Sardinia;Europe;Palearctic;;0;Roy, D., et al. (2020). DAISIE - Delivering Alien Invasive Species Inventories for Europe. Available at: http://www.europe-aliens.org/;2020
Danaus plexippus;Nymphalidae;Spain;Europe;Palearctic;1887;0;Roy, D., et al. (2020). DAISIE - Delivering Alien Invasive Species Inventories for Europe. Available at: http://www.europe-aliens.org/;2020
Danaus plexippus;Nymphalidae;Canary Islands;Africa;Palearctic;;0;Lopez-Vaamonde, C., et al. (2010). Lepidoptera. Chapter 11. BioRisk. 4: 603-668;2010
Danaus plexippus;Nymphalidae;Portugal;Europe;Palearctic;;0;Roy, D., et al. (2020). DAISIE - Delivering Alien Invasive Species Inventories for Europe. Available at: http://www.europe-aliens.org/;2020
Danaus plexippus;Nymphalidae;Azores;Europe;Palearctic;;0;Roy, D., et al. (2020). DAISIE - Delivering Alien Invasive Species Inventories for Europe. Available at: http://www.europe-aliens.org/;2020
Danaus plexippus;Nymphalidae;Madeira;Africa;Palearctic;;0;Roy, D., et al. (2020). DAISIE - Delivering Alien Invasive Species Inventories for Europe. Available at: http://www.europe-aliens.org/;2020
Daphnis nerii;Sphingidae;Japan;Asia;Oriental;1966;0;Turner, R., et al. (2024). International Non-native Insect Establishment Data (0.2.1) [Data set]. Zenodo.;2024
Daphnis nerii;Sphingidae;Japan;Asia;Sino-Japanese;1974;0;National Institute for Environmental Studies - Japan (2024). Invasive Species of Japan: Lepidopterans (provisional list);2024
Daphnis nerii;Sphingidae;Hawaii;Oceania;Nearctic;1974;0;Turner, R., et al. (2024). International Non-native Insect Establishment Data (0.2.1) [Data set]. Zenodo.;2024
Dasypodia cymatodes;Erebidae;New Zealand;Oceania;Australian;1918;;Turner, R., et al. (2024). International Non-native Insect Establishment Data (0.2.1) [Data set]. Zenodo.;2024
Dasypodia selenophora;Erebidae;New Zealand;Oceania;Australian;1938;;Turner, R., et al. (2024). International Non-native Insect Establishment Data (0.2.1) [Data set]. Zenodo.;2024
Dasyses incrustata;Tineidae;Denmark;Europe;Palearctic;;;CAB International (CABI) (2024). CABI Invasive Species Compendium. Available at: https://www.cabidigitallibrary.org/product/QI;2024
Dasystoma salicella;Lypusidae;United States;North America;Nearctic;1955;0;Simpson, A., et al. (2022). United States Register of Introduced and Invasive Species (US-RIIS) (ver. 2.0, November 2022): U.S. Geological Survey data release. Available at: https://www.sciencebase.gov/catalog/item/62d59ae5d34e87fffb2dda99;2022
Deanolis sublimbalis;Crambidae;Australia;Australia;Australian;1990;0;Mally, R., et al. (2022), Moths and butterflies on alien shores - global biogeography of non-native Lepidoptera. Dryad, Dataset. Available at: https://doi.org/10.5061/dryad.31zcrjdnw;2022
Deilephila elpenor;Sphingidae;Canada;North America;Nearctic;;;Invasive Species Specialist Group ISSG (2020). Global Register of Introduced and Invasive Species GRIIS. Available at: https://griis.org;2020
Dendrolimus pini;Lasiocampidae;United Kingdom;Europe;Palearctic;2004;0;European and Mediterranean Plant Protection Organization (EPPO) (2024). EPPO Global Database. Available at: https://gd.eppo.int;2024
Dendrolimus sibiricus;Lasiocampidae;Denmark;Europe;Palearctic;;0;Pullaiah, T., Ielmini, M.R. (Eds.) (2021). Invasive Alien Species: Observations and Issues from Around the World. Volume 3: Issues and Invasions in Europe. Wiley. 326pp.;2021
Dendrolimus superans;Lasiocampidae;Denmark;Europe;Palearctic;;0;Pullaiah, T., Ielmini, M.R. (Eds.) (2021). Invasive Alien Species: Observations and Issues from Around the World. Volume 3: Issues and Invasions in Europe. Wiley. 326pp.;2021
Dendrolimus superans;Lasiocampidae;Kazakhstan;Asia;Palearctic;;;Invasive Species Specialist Group ISSG (2020). Global Register of Introduced and Invasive Species GRIIS. Available at: https://griis.org;2020
Dendrolimus superans;Lasiocampidae;Mongolia;Asia;Palearctic;;;Invasive Species Specialist Group ISSG (2020). Global Register of Introduced and Invasive Species GRIIS. Available at: https://griis.org;2020
Dendrolimus superans;Lasiocampidae;Sweden;Europe;Palearctic;;;Invasive Species Specialist Group ISSG (2020). Global Register of Introduced and Invasive Species GRIIS. Available at: https://griis.org;2020
Depressaria apiella;Depressariidae;United States;North America;Nearctic;1950;0;Simpson, A., et al. (2022). United States Register of Introduced and Invasive Species (US-RIIS) (ver. 2.0, November 2022): U.S. Geological Survey data release. Available at: https://www.sciencebase.gov/catalog/item/62d59ae5d34e87fffb2dda99;2022
Depressaria depressana;Depressariidae;United States;North America;Nearctic;2010;0;Dean, C., et al. (2022). Genetic Structure and Colonization of North America by Depressaria depressana (Fabricius 1775) (Lepidoptera: Depressariidae) over 15 Years Contrasts with Westward Expansion of Depressaria radiella (Goeze, 1783) over 160 Years. Insects. 13(9): 789;2022
Depressaria discipunctella;Depressariidae;New Zealand;Oceania;Australian;2004;;Turner, R., et al. (2024). International Non-native Insect Establishment Data (0.2.1) [Data set]. Zenodo.;2024
Depressaria radiella;Depressariidae;Canada;North America;Nearctic;1862;0;Dean, C., et al. (2022). Genetic Structure and Colonization of North America by Depressaria depressana (Fabricius 1775) (Lepidoptera: Depressariidae) over 15 Years Contrasts with Westward Expansion of Depressaria radiella (Goeze, 1783) over 160 Years. Insects. 13(9): 789;2022
Depressaria radiella;Depressariidae;New Zealand;Oceania;Australian;;;Mally, R., et al. (2022), Moths and butterflies on alien shores - global biogeography of non-native Lepidoptera. Dryad, Dataset. Available at: https://doi.org/10.5061/dryad.31zcrjdnw;2022
Depressaria radiella;Depressariidae;United States;North America;Nearctic;1869;0;Dean, C., et al. (2022). Genetic Structure and Colonization of North America by Depressaria depressana (Fabricius 1775) (Lepidoptera: Depressariidae) over 15 Years Contrasts with Westward Expansion of Depressaria radiella (Goeze, 1783) over 160 Years. Insects. 13(9): 789;2022
Deudorix livia;Lycaenidae;Tunisia;Africa;Saharo-Arabian;2006;0;Invasive Species Specialist Group ISSG (2020). Global Register of Introduced and Invasive Species GRIIS. Available at: https://griis.org;2020
Diacrotricha fasciola;Pterophoridae;Australia;Australia;Australian;;;Mally, R., et al. (2022), Moths and butterflies on alien shores - global biogeography of non-native Lepidoptera. Dryad, Dataset. Available at: https://doi.org/10.5061/dryad.31zcrjdnw;2022
Diacrotricha fasciola;Pterophoridae;Japan;Asia;Oriental;2005;0;Turner, R., et al. (2024). International Non-native Insect Establishment Data (0.2.1) [Data set]. Zenodo.;2024
Dialectica scalariella;Gracillariidae;Australia;Australia;Australian;;0;Mally, R., et al. (2022), Moths and butterflies on alien shores - global biogeography of non-native Lepidoptera. Dryad, Dataset. Available at: https://doi.org/10.5061/dryad.31zcrjdnw;2022
Dialectica scalariella;Gracillariidae;New Zealand;Oceania;Australian;1997;0;Turner, R., et al. (2024). International Non-native Insect Establishment Data (0.2.1) [Data set]. Zenodo.;2024
Diaphania hyalinata;Crambidae;Galapagos;South America;Neotropical;1932;;Turner, R., et al. (2024). International Non-native Insect Establishment Data (0.2.1) [Data set]. Zenodo.;2024
Diaphania indica;Crambidae;Australia;Australia;Australian;;;European and Mediterranean Plant Protection Organization (EPPO) (2024). EPPO Global Database. Available at: https://gd.eppo.int;2024
Diaphania indica;Crambidae;Galapagos;South America;Neotropical;1964;;Turner, R., et al. (2024). International Non-native Insect Establishment Data (0.2.1) [Data set]. Zenodo.;2024
Diaphania indica;Crambidae;Palau;Oceania;Oceanina;;0;European and Mediterranean Plant Protection Organization (EPPO) (2024). EPPO Global Database. Available at: https://gd.eppo.int;2024
Diaphania indica;Crambidae;United States;North America;Nearctic;1955;0;European and Mediterranean Plant Protection Organization (EPPO) (2024). EPPO Global Database. Available at: https://gd.eppo.int;2024
Diastema tigris;Noctuidae;Australia;Australia;Australian;;;Mally, R., et al. (2022), Moths and butterflies on alien shores - global biogeography of non-native Lepidoptera. Dryad, Dataset. Available at: https://doi.org/10.5061/dryad.31zcrjdnw;2022
Diastema tigris;Noctuidae;Hawaii;Oceania;Nearctic;1962;1;Turner, R., et al. (2024). International Non-native Insect Establishment Data (0.2.1) [Data set]. Zenodo.;2024
Diatraea rufescens;Crambidae;Denmark;Europe;Palearctic;;;Invasive Species Specialist Group ISSG (2020). Global Register of Introduced and Invasive Species GRIIS. Available at: https://griis.org;2020
Diatraea saccharalis;Crambidae;Galapagos;South America;Neotropical;2003;;Turner, R., et al. (2024). International Non-native Insect Establishment Data (0.2.1) [Data set]. Zenodo.;2024
Diatraea saccharalis;Crambidae;United States;North America;Nearctic;1855;0;European and Mediterranean Plant Protection Organization (EPPO) (2024). EPPO Global Database. Available at: https://gd.eppo.int;2024
Dichelia histrionana;Tortricidae;Canada;North America;Nearctic;;0;Gilligan, T., et al. (2020). Immigrant Tortricidae: Holarctic versus Introduced Species in North America. Insects. 11(9):594;2020
Dichelia histrionana;Tortricidae;United States;North America;Nearctic;;0;Simpson, A., et al. (2022). United States Register of Introduced and Invasive Species (US-RIIS) (ver. 2.0, November 2022): U.S. Geological Survey data release. Available at: https://www.sciencebase.gov/catalog/item/62d59ae5d34e87fffb2dda99;2022
Dichomeris acuminatus;Gelechiidae;Hawaii;Oceania;Nearctic;1952;0;Turner, R., et al. (2024). International Non-native Insect Establishment Data (0.2.1) [Data set]. Zenodo.;2024
Dichomeris aenigmatica;Gelechiidae;Hawaii;Oceania;Nearctic;1955;1;Turner, R., et al. (2024). International Non-native Insect Establishment Data (0.2.1) [Data set]. Zenodo.;2024
Dichomeris marginella;Gelechiidae;United States;North America;Nearctic;1910;0;Simpson, A., et al. (2022). United States Register of Introduced and Invasive Species (US-RIIS) (ver. 2.0, November 2022): U.S. Geological Survey data release. Available at: https://www.sciencebase.gov/catalog/item/62d59ae5d34e87fffb2dda99;2022
Dichomeris picrocarpa;Gelechiidae;United States;North America;Nearctic;1932;0;Simpson, A., et al. (2022). United States Register of Introduced and Invasive Species (US-RIIS) (ver. 2.0, November 2022): U.S. Geological Survey data release. Available at: https://www.sciencebase.gov/catalog/item/62d59ae5d34e87fffb2dda99;2022
Dichrorampha acuminatana;Tortricidae;Canada;North America;Nearctic;;0;Gilligan, T., et al. (2020). Immigrant Tortricidae: Holarctic versus Introduced Species in North America. Insects. 11(9):594;2020
Dichrorampha acuminatana;Tortricidae;United States;North America;Nearctic;2001;0;Simpson, A., et al. (2022). United States Register of Introduced and Invasive Species (US-RIIS) (ver. 2.0, November 2022): U.S. Geological Survey data release. Available at: https://www.sciencebase.gov/catalog/item/62d59ae5d34e87fffb2dda99;2022
Dichrorampha aeratana;Tortricidae;Canada;North America;Nearctic;1994;0;Gilligan, T., et al. (2020). Immigrant Tortricidae: Holarctic versus Introduced Species in North America. Insects. 11(9):594;2020
Dichrorampha aeratana;Tortricidae;United States;North America;Nearctic;1992;0;Simpson, A., et al. (2022). United States Register of Introduced and Invasive Species (US-RIIS) (ver. 2.0, November 2022): U.S. Geological Survey data release. Available at: https://www.sciencebase.gov/catalog/item/62d59ae5d34e87fffb2dda99;2022
Dichrorampha montanana;Tortricidae;Canada;North America;Nearctic;;0;Gilligan, T., et al. (2020). Immigrant Tortricidae: Holarctic versus Introduced Species in North America. Insects. 11(9):594;2020
Dichrorampha montanana;Tortricidae;United States;North America;Nearctic;;0;Simpson, A., et al. (2022). United States Register of Introduced and Invasive Species (US-RIIS) (ver. 2.0, November 2022): U.S. Geological Survey data release. Available at: https://www.sciencebase.gov/catalog/item/62d59ae5d34e87fffb2dda99;2022
Dichrorampha petiverella;Tortricidae;Canada;North America;Nearctic;;0;Gilligan, T., et al. (2020). Immigrant Tortricidae: Holarctic versus Introduced Species in North America. Insects. 11(9):594;2020
Dichrorampha petiverella;Tortricidae;United States;North America;Nearctic;1989;0;Simpson, A., et al. (2022). United States Register of Introduced and Invasive Species (US-RIIS) (ver. 2.0, November 2022): U.S. Geological Survey data release. Available at: https://www.sciencebase.gov/catalog/item/62d59ae5d34e87fffb2dda99;2022
Digrammia pallidata;Geometridae;Australia;Australia;Australian;1998;1;Heard, T., et al. (2010). Biology, host specificity, release and establishment of Macaria pallidata and Leuciris fimbriaria (Lepidoptera: Geometridae), biological control agents of the weed Mimosa pigra. Biological Control. 55: 248-255;2010
Dinumma deponens;Erebidae;United States;North America;Nearctic;2013;0;Simpson, A., et al. (2022). United States Register of Introduced and Invasive Species (US-RIIS) (ver. 2.0, November 2022): U.S. Geological Survey data release. Available at: https://www.sciencebase.gov/catalog/item/62d59ae5d34e87fffb2dda99;2022
Dione vanillae;Nymphalidae;Hawaii;Oceania;Nearctic;1977;0;Turner, R., et al. (2024). International Non-native Insect Establishment Data (0.2.1) [Data set]. Zenodo.;2024
Diplopseustis perieresalis;Crambidae;Belgium;Europe;Palearctic;2007;0;CAB International (CABI) (2024). CABI Invasive Species Compendium. Available at: https://www.cabidigitallibrary.org/product/QI;2024
Diplopseustis perieresalis;Crambidae;Germany;Europe;Palearctic;;;Invasive Species Specialist Group ISSG (2020). Global Register of Introduced and Invasive Species GRIIS. Available at: https://griis.org;2020
Diplopseustis perieresalis;Crambidae;Denmark;Europe;Palearctic;;0;CAB International (CABI) (2024). CABI Invasive Species Compendium. Available at: https://www.cabidigitallibrary.org/product/QI;2024
Diplopseustis perieresalis;Crambidae;Spain;Europe;Palearctic;2003;0;CAB International (CABI) (2024). CABI Invasive Species Compendium. Available at: https://www.cabidigitallibrary.org/product/QI;2024
Diplopseustis perieresalis;Crambidae;Spanish European Islands;Europe;Palearctic;2006;0;CAB International (CABI) (2024). CABI Invasive Species Compendium. Available at: https://www.cabidigitallibrary.org/product/QI;2024
Diplopseustis perieresalis;Crambidae;France;Europe;Palearctic;;;Invasive Species Specialist Group ISSG (2020). Global Register of Introduced and Invasive Species GRIIS. Available at: https://griis.org;2020
Diplopseustis perieresalis;Crambidae;Malta;Europe;Saharo-Arabian;2006;0;CAB International (CABI) (2024). CABI Invasive Species Compendium. Available at: https://www.cabidigitallibrary.org/product/QI;2024
Diplopseustis perieresalis;Crambidae;Netherlands;Europe;Palearctic;2003;0;CAB International (CABI) (2024). CABI Invasive Species Compendium. Available at: https://www.cabidigitallibrary.org/product/QI;2024
Diplopseustis perieresalis;Crambidae;Portugal;Europe;Palearctic;2000;0;CAB International (CABI) (2024). CABI Invasive Species Compendium. Available at: https://www.cabidigitallibrary.org/product/QI;2024
Disclisioprocta stellata;Geometridae;Galapagos;South America;Neotropical;1923;;Turner, R., et al. (2024). International Non-native Insect Establishment Data (0.2.1) [Data set]. Zenodo.;2024
Ditula angustiorana;Tortricidae;Ireland;Europe;Palearctic;;;Invasive Species Specialist Group ISSG (2020). Global Register of Introduced and Invasive Species GRIIS. Available at: https://griis.org;2020
Ditula angustiorana;Tortricidae;United States;North America;Nearctic;1924;0;Simpson, A., et al. (2022). United States Register of Introduced and Invasive Species (US-RIIS) (ver. 2.0, November 2022): U.S. Geological Survey data release. Available at: https://www.sciencebase.gov/catalog/item/62d59ae5d34e87fffb2dda99;2022
Doloessa viridis;Pyralidae;Japan;Asia;Oriental;2002;0;Turner, R., et al. (2024). International Non-native Insect Establishment Data (0.2.1) [Data set]. Zenodo.;2024
Doloessa viridis;Pyralidae;Japan;Asia;Sino-Japanese;;0;National Institute for Environmental Studies - Japan (2024). Invasive Species of Japan: Lepidopterans (provisional list);2024
Dryadaula pactolia;Dryadaulidae;Denmark;Europe;Palearctic;;;CAB International (CABI) (2024). CABI Invasive Species Compendium. Available at: https://www.cabidigitallibrary.org/product/QI;2024
Dryadaula pactolia;Dryadaulidae;Ireland;Europe;Palearctic;;;Invasive Species Specialist Group ISSG (2020). Global Register of Introduced and Invasive Species GRIIS. Available at: https://griis.org;2020
Dryadaula pactolia;Dryadaulidae;Netherlands;Europe;Palearctic;;;Invasive Species Specialist Group ISSG (2020). Global Register of Introduced and Invasive Species GRIIS. Available at: https://griis.org;2020
Dryadaula terpsichorella;Dryadaulidae;United States;North America;Nearctic;1998;0;Lee, G., et al. (2014). External egg morphology of the Hawaiian dancing moth, Dryadaula terpsichorella (Lepidoptera: Tineidae). Journal of Natural History. 48(15-16): 969-974;2014
Dryobotodes tenebrosa;Noctuidae;United Kingdom;Europe;Palearctic;2008;;Turner, R., et al. (2024). International Non-native Insect Establishment Data (0.2.1) [Data set]. Zenodo.;2024
Duponchelia fovealis;Crambidae;Belgium;Europe;Palearctic;;0;CAB International (CABI) (2024). CABI Invasive Species Compendium. Available at: https://www.cabidigitallibrary.org/product/QI;2024
Duponchelia fovealis;Crambidae;Brazil;South America;Neotropical;;0;CAB International (CABI) (2024). CABI Invasive Species Compendium. Available at: https://www.cabidigitallibrary.org/product/QI;2024
Duponchelia fovealis;Crambidae;Canada;North America;Nearctic;;0;CAB International (CABI) (2024). CABI Invasive Species Compendium. Available at: https://www.cabidigitallibrary.org/product/QI;2024
Duponchelia fovealis;Crambidae;Czechia;Europe;Palearctic;1997;0;CAB International (CABI) (2024). CABI Invasive Species Compendium. Available at: https://www.cabidigitallibrary.org/product/QI;2024
Duponchelia fovealis;Crambidae;Germany;Europe;Palearctic;;0;CAB International (CABI) (2024). CABI Invasive Species Compendium. Available at: https://www.cabidigitallibrary.org/product/QI;2024
Duponchelia fovealis;Crambidae;Finland;Europe;Palearctic;1980;0;CAB International (CABI) (2024). CABI Invasive Species Compendium. Available at: https://www.cabidigitallibrary.org/product/QI;2024
Duponchelia fovealis;Crambidae;France;Europe;Palearctic;;;CAB International (CABI) (2024). CABI Invasive Species Compendium. Available at: https://www.cabidigitallibrary.org/product/QI;2024
Duponchelia fovealis;Crambidae;United Kingdom;Europe;Palearctic;1996;0;Turner, R., et al. (2024). International Non-native Insect Establishment Data (0.2.1) [Data set]. Zenodo.;2024
Duponchelia fovealis;Crambidae;Netherlands;Europe;Palearctic;;0;CAB International (CABI) (2024). CABI Invasive Species Compendium. Available at: https://www.cabidigitallibrary.org/product/QI;2024
Duponchelia fovealis;Crambidae;Norway;Europe;Palearctic;;0;CAB International (CABI) (2024). CABI Invasive Species Compendium. Available at: https://www.cabidigitallibrary.org/product/QI;2024
Duponchelia fovealis;Crambidae;Poland;Europe;Palearctic;;;CAB International (CABI) (2024). CABI Invasive Species Compendium. Available at: https://www.cabidigitallibrary.org/product/QI;2024
Duponchelia fovealis;Crambidae;Sweden;Europe;Palearctic;;0;CAB International (CABI) (2024). CABI Invasive Species Compendium. Available at: https://www.cabidigitallibrary.org/product/QI;2024
Earias ansorgei;Nolidae;Denmark;Europe;Palearctic;;;CAB International (CABI) (2024). CABI Invasive Species Compendium. Available at: https://www.cabidigitallibrary.org/product/QI;2024
Earias biplaga;Nolidae;Israel;Asia;Saharo-Arabian;2002;0;European and Mediterranean Plant Protection Organization (EPPO) (2024). EPPO Global Database. Available at: https://gd.eppo.int;2024
Earias cupreoviridis;Nolidae;Israel;Asia;Saharo-Arabian;2001;0;European and Mediterranean Plant Protection Organization (EPPO) (2024). EPPO Global Database. Available at: https://gd.eppo.int;2024
Earias insulana;Nolidae;United Arab Emirates;Asia;Saharo-Arabian;;;Invasive Species Specialist Group ISSG (2020). Global Register of Introduced and Invasive Species GRIIS. Available at: https://griis.org;2020
Earias insulana;Nolidae;Cyprus;Asia;Saharo-Arabian;1937;0;European and Mediterranean Plant Protection Organization (EPPO) (2024). EPPO Global Database. Available at: https://gd.eppo.int;2024
Earias vernana;Nolidae;Sweden;Europe;Palearctic;;0;CAB International (CABI) (2024). CABI Invasive Species Compendium. Available at: https://www.cabidigitallibrary.org/product/QI;2024
Earias vittella;Nolidae;Spain;Europe;Palearctic;2003;0;Roy, D., et al. (2020). DAISIE - Delivering Alien Invasive Species Inventories for Europe. Available at: http://www.europe-aliens.org/;2020
Earias vittella;Nolidae;Israel;Asia;Saharo-Arabian;2001;0;European and Mediterranean Plant Protection Organization (EPPO) (2024). EPPO Global Database. Available at: https://gd.eppo.int;2024
Ectaga garcia;Depressariidae;Australia;Australia;Australian;1993;1;Mally, R., et al. (2022), Moths and butterflies on alien shores - global biogeography of non-native Lepidoptera. Dryad, Dataset. Available at: https://doi.org/10.5061/dryad.31zcrjdnw;2022
Ectoedemia heringella;Nepticulidae;United Kingdom;Europe;Palearctic;2002;0;Turner, R., et al. (2024). International Non-native Insect Establishment Data (0.2.1) [Data set]. Zenodo.;2024
Elachista saccharella;Elachistidae;United States;North America;Nearctic;1982;0;Simpson, A., et al. (2022). United States Register of Introduced and Invasive Species (US-RIIS) (ver. 2.0, November 2022): U.S. Geological Survey data release. Available at: https://www.sciencebase.gov/catalog/item/62d59ae5d34e87fffb2dda99;2022
Elaphria nucicolora;Noctuidae;Hawaii;Oceania;Nearctic;1945;0;Turner, R., et al. (2024). International Non-native Insect Establishment Data (0.2.1) [Data set]. Zenodo.;2024
Elasmopalpus lignosella;Pyralidae;Hawaii;Oceania;Nearctic;1988;0;Turner, R., et al. (2024). International Non-native Insect Establishment Data (0.2.1) [Data set]. Zenodo.;2024
Elophila difflualis;Crambidae;Czechia;Europe;Palearctic;;0;Roy, D., et al. (2020). DAISIE - Delivering Alien Invasive Species Inventories for Europe. Available at: http://www.europe-aliens.org/;2020
Elophila difflualis;Crambidae;Denmark;Europe;Palearctic;1978;0;CAB International (CABI) (2024). CABI Invasive Species Compendium. Available at: https://www.cabidigitallibrary.org/product/QI;2024
Elophila difflualis;Crambidae;Finland;Europe;Palearctic;;0;Roy, D., et al. (2020). DAISIE - Delivering Alien Invasive Species Inventories for Europe. Available at: http://www.europe-aliens.org/;2020
Elophila difflualis;Crambidae;United Kingdom;Europe;Palearctic;;0;CAB International (CABI) (2024). CABI Invasive Species Compendium. Available at: https://www.cabidigitallibrary.org/product/QI;2024
Elophila difflualis;Crambidae;Netherlands;Europe;Palearctic;;0;Roy, D., et al. (2020). DAISIE - Delivering Alien Invasive Species Inventories for Europe. Available at: http://www.europe-aliens.org/;2020
Elophila melagynalis;Crambidae;United Kingdom;Europe;Palearctic;1978;0;Roy, D., et al. (2020). DAISIE - Delivering Alien Invasive Species Inventories for Europe. Available at: http://www.europe-aliens.org/;2020
Elophila nymphaeata;Crambidae;Bulgaria;Europe;Palearctic;2000;0;CAB International (CABI) (2024). CABI Invasive Species Compendium. Available at: https://www.cabidigitallibrary.org/product/QI;2024
Elophila obliteralis;Crambidae;United Kingdom;Europe;Palearctic;1968;0;Roy, D., et al. (2020). DAISIE - Delivering Alien Invasive Species Inventories for Europe. Available at: http://www.europe-aliens.org/;2020
Elophila obliteralis;Crambidae;Hawaii;Oceania;Nearctic;1942;0;Turner, R., et al. (2024). International Non-native Insect Establishment Data (0.2.1) [Data set]. Zenodo.;2024
Elophila responsalis;Crambidae;Denmark;Europe;Palearctic;;;Invasive Species Specialist Group ISSG (2020). Global Register of Introduced and Invasive Species GRIIS. Available at: https://griis.org;2020
Empyreuma affinis;Erebidae;United States;North America;Nearctic;1978;0;Simpson, A., et al. (2022). United States Register of Introduced and Invasive Species (US-RIIS) (ver. 2.0, November 2022): U.S. Geological Survey data release. Available at: https://www.sciencebase.gov/catalog/item/62d59ae5d34e87fffb2dda99;2022
Empyreuma pugione;Erebidae;United States;North America;Nearctic;;0;Simpson, A., et al. (2022). United States Register of Introduced and Invasive Species (US-RIIS) (ver. 2.0, November 2022): U.S. Geological Survey data release. Available at: https://www.sciencebase.gov/catalog/item/62d59ae5d34e87fffb2dda99;2022
Enarmonia formosana;Tortricidae;Canada;North America;Nearctic;1989;0;CAB International (CABI) (2024). CABI Invasive Species Compendium. Available at: https://www.cabidigitallibrary.org/product/QI;2024
Enarmonia formosana;Tortricidae;United States;North America;Nearctic;1991;0;CAB International (CABI) (2024). CABI Invasive Species Compendium. Available at: https://www.cabidigitallibrary.org/product/QI;2024
Endothenia quadrimaculana;Tortricidae;Canada;North America;Nearctic;;0;Gilligan, T., et al. (2020). Immigrant Tortricidae: Holarctic versus Introduced Species in North America. Insects. 11(9):594;2020
Endothenia quadrimaculana;Tortricidae;United States;North America;Nearctic;;0;Simpson, A., et al. (2022). United States Register of Introduced and Invasive Species (US-RIIS) (ver. 2.0, November 2022): U.S. Geological Survey data release. Available at: https://www.sciencebase.gov/catalog/item/62d59ae5d34e87fffb2dda99;2022
Endrosis sarcitrella;Oecophoridae;Australia;Australia;Australian;;;Mally, R., et al. (2022), Moths and butterflies on alien shores - global biogeography of non-native Lepidoptera. Dryad, Dataset. Available at: https://doi.org/10.5061/dryad.31zcrjdnw;2022
Endrosis sarcitrella;Oecophoridae;Austria;Europe;Palearctic;;0;Lopez-Vaamonde, C., et al. (2010). Lepidoptera. Chapter 11. BioRisk. 4: 603-668;2010
Endrosis sarcitrella;Oecophoridae;Belgium;Europe;Palearctic;;0;Lopez-Vaamonde, C., et al. (2010). Lepidoptera. Chapter 11. BioRisk. 4: 603-668;2010
Endrosis sarcitrella;Oecophoridae;Belarus;Europe;Palearctic;;0;Lopez-Vaamonde, C., et al. (2010). Lepidoptera. Chapter 11. BioRisk. 4: 603-668;2010
Endrosis sarcitrella;Oecophoridae;Switzerland;Europe;Palearctic;;0;Lopez-Vaamonde, C., et al. (2010). Lepidoptera. Chapter 11. BioRisk. 4: 603-668;2010
Endrosis sarcitrella;Oecophoridae;Chile;South America;Neotropical;1944;;Turner, R., et al. (2024). International Non-native Insect Establishment Data (0.2.1) [Data set]. Zenodo.;2024
Endrosis sarcitrella;Oecophoridae;Czechia;Europe;Palearctic;;0;Lopez-Vaamonde, C., et al. (2010). Lepidoptera. Chapter 11. BioRisk. 4: 603-668;2010
Endrosis sarcitrella;Oecophoridae;Germany;Europe;Palearctic;;0;Lopez-Vaamonde, C., et al. (2010). Lepidoptera. Chapter 11. BioRisk. 4: 603-668;2010
Endrosis sarcitrella;Oecophoridae;Denmark;Europe;Palearctic;;0;Lopez-Vaamonde, C., et al. (2010). Lepidoptera. Chapter 11. BioRisk. 4: 603-668;2010
Endrosis sarcitrella;Oecophoridae;Estonia;Europe;Palearctic;;0;Invasive Species Specialist Group ISSG (2020). Global Register of Introduced and Invasive Species GRIIS. Available at: https://griis.org;2020
Endrosis sarcitrella;Oecophoridae;Finland;Europe;Palearctic;;0;Lopez-Vaamonde, C., et al. (2010). Lepidoptera. Chapter 11. BioRisk. 4: 603-668;2010
Endrosis sarcitrella;Oecophoridae;United Kingdom;Europe;Palearctic;;0;Lopez-Vaamonde, C., et al. (2010). Lepidoptera. Chapter 11. BioRisk. 4: 603-668;2010
Endrosis sarcitrella;Oecophoridae;Ireland;Europe;Palearctic;;0;Invasive Species Specialist Group ISSG (2020). Global Register of Introduced and Invasive Species GRIIS. Available at: https://griis.org;2020
Endrosis sarcitrella;Oecophoridae;Iceland;Europe;Palearctic;;0;Lopez-Vaamonde, C., et al. (2010). Lepidoptera. Chapter 11. BioRisk. 4: 603-668;2010
Endrosis sarcitrella;Oecophoridae;Lithuania;Europe;Palearctic;;0;Lopez-Vaamonde, C., et al. (2010). Lepidoptera. Chapter 11. BioRisk. 4: 603-668;2010
Endrosis sarcitrella;Oecophoridae;Latvia;Europe;Palearctic;;0;Lopez-Vaamonde, C., et al. (2010). Lepidoptera. Chapter 11. BioRisk. 4: 603-668;2010
Endrosis sarcitrella;Oecophoridae;Netherlands;Europe;Palearctic;;0;Lopez-Vaamonde, C., et al. (2010). Lepidoptera. Chapter 11. BioRisk. 4: 603-668;2010
Endrosis sarcitrella;Oecophoridae;Norway;Europe;Palearctic;;0;Lopez-Vaamonde, C., et al. (2010). Lepidoptera. Chapter 11. BioRisk. 4: 603-668;2010
Endrosis sarcitrella;Oecophoridae;New Zealand;Oceania;Australian;1800;;Turner, R., et al. (2024). International Non-native Insect Establishment Data (0.2.1) [Data set]. Zenodo.;2024
Endrosis sarcitrella;Oecophoridae;Poland;Europe;Palearctic;;0;Lopez-Vaamonde, C., et al. (2010). Lepidoptera. Chapter 11. BioRisk. 4: 603-668;2010
Endrosis sarcitrella;Oecophoridae;Romania;Europe;Palearctic;;0;Lopez-Vaamonde, C., et al. (2010). Lepidoptera. Chapter 11. BioRisk. 4: 603-668;2010
Endrosis sarcitrella;Oecophoridae;Slovakia;Europe;Palearctic;;0;Lopez-Vaamonde, C., et al. (2010). Lepidoptera. Chapter 11. BioRisk. 4: 603-668;2010
Endrosis sarcitrella;Oecophoridae;Sweden;Europe;Palearctic;;0;Invasive Species Specialist Group ISSG (2020). Global Register of Introduced and Invasive Species GRIIS. Available at: https://griis.org;2020
Endrosis sarcitrella;Oecophoridae;United States;North America;Nearctic;;0;Simpson, A., et al. (2022). United States Register of Introduced and Invasive Species (US-RIIS) (ver. 2.0, November 2022): U.S. Geological Survey data release. Available at: https://www.sciencebase.gov/catalog/item/62d59ae5d34e87fffb2dda99;2022
Endrosis sarcitrella;Oecophoridae;Hawaii;Oceania;Nearctic;1907;0;Turner, R., et al. (2024). International Non-native Insect Establishment Data (0.2.1) [Data set]. Zenodo.;2024
Ennomos alniaria;Geometridae;Canada;North America;Nearctic;1982;0;Covell Jr., C., et al. (1986). Ennomos alniaria (Lepidoptera: Geometridae), a European Moth Recently Discovered in British Columbia. The Canadian Entomologist. 118(5): 499-501;1986
Ennomos alniaria;Geometridae;United States;North America;Nearctic;;0;Simpson, A., et al. (2022). United States Register of Introduced and Invasive Species (US-RIIS) (ver. 2.0, November 2022): U.S. Geological Survey data release. Available at: https://www.sciencebase.gov/catalog/item/62d59ae5d34e87fffb2dda99;2022
Epermenia aequidentellus;Epermeniidae;Ireland;Europe;Palearctic;;;Invasive Species Specialist Group ISSG (2020). Global Register of Introduced and Invasive Species GRIIS. Available at: https://griis.org;2020
Epermenia aequidentellus;Epermeniidae;Azores;Europe;Palearctic;;0;Lopez-Vaamonde, C., et al. (2010). Lepidoptera. Chapter 11. BioRisk. 4: 603-668;2010
Ephestia elutella;Pyralidae;Australia;Australia;Australian;;;Mally, R., et al. (2022), Moths and butterflies on alien shores - global biogeography of non-native Lepidoptera. Dryad, Dataset. Available at: https://doi.org/10.5061/dryad.31zcrjdnw;2022
Ephestia elutella;Pyralidae;Bulgaria;Europe;Palearctic;1900;0;Invasive Species Specialist Group ISSG (2020). Global Register of Introduced and Invasive Species GRIIS. Available at: https://griis.org;2020
Ephestia elutella;Pyralidae;Chile;South America;Neotropical;1885;;Turner, R., et al. (2024). International Non-native Insect Establishment Data (0.2.1) [Data set]. Zenodo.;2024
Ephestia elutella;Pyralidae;Greece;Europe;Palearctic;1796;0;Pullaiah, T., Ielmini, M.R. (Eds.) (2021). Invasive Alien Species: Observations and Issues from Around the World. Volume 3: Issues and Invasions in Europe. Wiley. 326pp.;2021
Ephestia elutella;Pyralidae;Japan;Asia;Sino-Japanese;;0;National Institute for Environmental Studies - Japan (2024). Invasive Species of Japan: Lepidopterans (provisional list);2024
Ephestia elutella;Pyralidae;South Korea;Asia;Palearctic;;;Turner, R., et al. (2024). International Non-native Insect Establishment Data (0.2.1) [Data set]. Zenodo.;2024
Ephestia elutella;Pyralidae;New Zealand;Oceania;Australian;1916;;Turner, R., et al. (2024). International Non-native Insect Establishment Data (0.2.1) [Data set]. Zenodo.;2024
Ephestia elutella;Pyralidae;United States;North America;Nearctic;1565;0;Simpson, A., et al. (2022). United States Register of Introduced and Invasive Species (US-RIIS) (ver. 2.0, November 2022): U.S. Geological Survey data release. Available at: https://www.sciencebase.gov/catalog/item/62d59ae5d34e87fffb2dda99;2022
Ephestia elutella;Pyralidae;Venezuela;South America;Neotropical;;0;Pullaiah, T., Ielmini, M.R. (Eds.) (2021). Invasive Alien Species: Observations and Issues from Around the World. Volume 4: Issues and Invasions in the Americas and the Caribbean. Wiley. 384pp.;2021
Ephestia elutella;Pyralidae;South Africa;Africa;Afrotropical;;0;Turner, R., et al. (2024). International Non-native Insect Establishment Data (0.2.1) [Data set]. Zenodo.;2024
Ephestia kuehniella;Pyralidae;Australia;Australia;Australian;;;CAB International (CABI) (2024). CABI Invasive Species Compendium. Available at: https://www.cabidigitallibrary.org/product/QI;2024
Ephestia kuehniella;Pyralidae;Chile;South America;Neotropical;1897;;Turner, R., et al. (2024). International Non-native Insect Establishment Data (0.2.1) [Data set]. Zenodo.;2024
Ephestia kuehniella;Pyralidae;China;Asia;Palearctic;1982;;CAB International (CABI) (2024). CABI Invasive Species Compendium. Available at: https://www.cabidigitallibrary.org/product/QI;2024
Ephestia kuehniella;Pyralidae;Greece;Europe;Palearctic;1879;0;CAB International (CABI) (2024). CABI Invasive Species Compendium. Available at: https://www.cabidigitallibrary.org/product/QI;2024
Ephestia kuehniella;Pyralidae;Japan;Asia;Sino-Japanese;1923;0;National Institute for Environmental Studies - Japan (2024). Invasive Species of Japan: Lepidopterans (provisional list);2024
Ephestia kuehniella;Pyralidae;Mongolia;Asia;Palearctic;;;Invasive Species Specialist Group ISSG (2020). Global Register of Introduced and Invasive Species GRIIS. Available at: https://griis.org;2020
Ephestia kuehniella;Pyralidae;Netherlands;Europe;Palearctic;;;Invasive Species Specialist Group ISSG (2020). Global Register of Introduced and Invasive Species GRIIS. Available at: https://griis.org;2020
Ephestia kuehniella;Pyralidae;New Zealand;Oceania;Australian;1915;;Turner, R., et al. (2024). International Non-native Insect Establishment Data (0.2.1) [Data set]. Zenodo.;2024
Ephestia kuehniella;Pyralidae;Poland;Europe;Palearctic;1900;0;CAB International (CABI) (2024). CABI Invasive Species Compendium. Available at: https://www.cabidigitallibrary.org/product/QI;2024
Ephestia kuehniella;Pyralidae;United States;North America;Nearctic;1889;0;CAB International (CABI) (2024). CABI Invasive Species Compendium. Available at: https://www.cabidigitallibrary.org/product/QI;2024
Ephestia kuehniella;Pyralidae;Alaska;North America;Nearctic;;0;Simpson, A., et al. (2022). United States Register of Introduced and Invasive Species (US-RIIS) (ver. 2.0, November 2022): U.S. Geological Survey data release. Available at: https://www.sciencebase.gov/catalog/item/62d59ae5d34e87fffb2dda99;2022
Ephestia kuehniella;Pyralidae;Hawaii;Oceania;Nearctic;1914;0;Turner, R., et al. (2024). International Non-native Insect Establishment Data (0.2.1) [Data set]. Zenodo.;2024
Ephestia kuehniella;Pyralidae;Venezuela;South America;Neotropical;;0;Pullaiah, T., Ielmini, M.R. (Eds.) (2021). Invasive Alien Species: Observations and Issues from Around the World. Volume 4: Issues and Invasions in the Americas and the Caribbean. Wiley. 384pp.;2021
Ephestia kuehniella;Pyralidae;South Africa;Africa;Afrotropical;;0;Turner, R., et al. (2024). International Non-native Insect Establishment Data (0.2.1) [Data set]. Zenodo.;2024
Ephestiodes gilvescentella;Pyralidae;Hawaii;Oceania;Nearctic;1899;0;Turner, R., et al. (2024). International Non-native Insect Establishment Data (0.2.1) [Data set]. Zenodo.;2024
Ephestiopsis oenobarella;Pyralidae;New Zealand;Oceania;Australian;;;Turner, R., et al. (2024). International Non-native Insect Establishment Data (0.2.1) [Data set]. Zenodo.;2024
Epiblema strenuana;Tortricidae;Australia;Australia;Australian;;1;Mally, R., et al. (2022), Moths and butterflies on alien shores - global biogeography of non-native Lepidoptera. Dryad, Dataset. Available at: https://doi.org/10.5061/dryad.31zcrjdnw;2022
Epiblema strenuana;Tortricidae;China;Asia;Oriental;1987;1;Zhou, Z., et al. (2014). Control of the invasive weed Ambrosia artemisiifolia with Ophraella communa and Epiblema strenuana. Biocontrol Science and Technology. 24(8): 950-964;2014
Epichoristodes acerbella;Tortricidae;Denmark;Europe;Palearctic;1960;0;CAB International (CABI) (2024). CABI Invasive Species Compendium. Available at: https://www.cabidigitallibrary.org/product/QI;2024
Epichoristodes acerbella;Tortricidae;Spain;Europe;Palearctic;1976;0;European and Mediterranean Plant Protection Organization (EPPO) (2024). EPPO Global Database. Available at: https://gd.eppo.int;2024
Epichoristodes acerbella;Tortricidae;France;Europe;Palearctic;;0;CAB International (CABI) (2024). CABI Invasive Species Compendium. Available at: https://www.cabidigitallibrary.org/product/QI;2024
Epichoristodes acerbella;Tortricidae;United Kingdom;Europe;Palearctic;;0;CAB International (CABI) (2024). CABI Invasive Species Compendium. Available at: https://www.cabidigitallibrary.org/product/QI;2024
Epichoristodes acerbella;Tortricidae;Italy;Europe;Palearctic;1971;0;CAB International (CABI) (2024). CABI Invasive Species Compendium. Available at: https://www.cabidigitallibrary.org/product/QI;2024
Epichoristodes acerbella;Tortricidae;Sicily and Sardinia;Europe;Palearctic;;0;Roy, D., et al. (2020). DAISIE - Delivering Alien Invasive Species Inventories for Europe. Available at: http://www.europe-aliens.org/;2020
Epichoristodes acerbella;Tortricidae;Norway;Europe;Palearctic;;0;European and Mediterranean Plant Protection Organization (EPPO) (2024). EPPO Global Database. Available at: https://gd.eppo.int;2024
Epichoristodes acerbella;Tortricidae;Serbia;Europe;Palearctic;;0;CAB International (CABI) (2024). CABI Invasive Species Compendium. Available at: https://www.cabidigitallibrary.org/product/QI;2024
Epidromia pannosa;Erebidae;United States;North America;Nearctic;1983;0;Simpson, A., et al. (2022). United States Register of Introduced and Invasive Species (US-RIIS) (ver. 2.0, November 2022): U.S. Geological Survey data release. Available at: https://www.sciencebase.gov/catalog/item/62d59ae5d34e87fffb2dda99;2022
Epimorius testaceellus;Pyralidae;United States;North America;Nearctic;1974;0;Simpson, A., et al. (2022). United States Register of Introduced and Invasive Species (US-RIIS) (ver. 2.0, November 2022): U.S. Geological Survey data release. Available at: https://www.sciencebase.gov/catalog/item/62d59ae5d34e87fffb2dda99;2022
Epinotia abbreviana;Tortricidae;Canada;North America;Nearctic;1981;0;Gilligan, T., et al. (2020). Immigrant Tortricidae: Holarctic versus Introduced Species in North America. Insects. 11(9):594;2020
Epinotia abbreviana;Tortricidae;United States;North America;Nearctic;;0;Simpson, A., et al. (2022). United States Register of Introduced and Invasive Species (US-RIIS) (ver. 2.0, November 2022): U.S. Geological Survey data release. Available at: https://www.sciencebase.gov/catalog/item/62d59ae5d34e87fffb2dda99;2022
Epinotia algeriensis;Tortricidae;France;Europe;Palearctic;1990;0;Roy, D., et al. (2020). DAISIE - Delivering Alien Invasive Species Inventories for Europe. Available at: http://www.europe-aliens.org/;2020
Epinotia algeriensis;Tortricidae;Morocco;Africa;Saharo-Arabian;;0;Pullaiah, T., Ielmini, M.R. (Eds.) (2021). Invasive Alien Species: Observations and Issues from Around the World. Volume 1: Issues and Invasions in Africa. Wiley. 380pp.;2021
Epinotia cedricida;Tortricidae;Austria;Europe;Palearctic;;0;Invasive Species Specialist Group ISSG (2020). Global Register of Introduced and Invasive Species GRIIS. Available at: https://griis.org;2020
Epinotia cedricida;Tortricidae;Bulgaria;Europe;Palearctic;2000;0;Roy, D., et al. (2020). DAISIE - Delivering Alien Invasive Species Inventories for Europe. Available at: http://www.europe-aliens.org/;2020
Epinotia cedricida;Tortricidae;France;Europe;Palearctic;;0;Roy, D., et al. (2020). DAISIE - Delivering Alien Invasive Species Inventories for Europe. Available at: http://www.europe-aliens.org/;2020
Epinotia celtisana;Tortricidae;South Africa;Africa;Afrotropical;;;Invasive Species Specialist Group ISSG (2020). Global Register of Introduced and Invasive Species GRIIS. Available at: https://griis.org;2020
Epinotia fraternana;Tortricidae;Norway;Europe;Palearctic;1981;0;Invasive Species Specialist Group ISSG (2020). Global Register of Introduced and Invasive Species GRIIS. Available at: https://griis.org;2020
Epinotia nanana;Tortricidae;Italy;Europe;Palearctic;;;Invasive Species Specialist Group ISSG (2020). Global Register of Introduced and Invasive Species GRIIS. Available at: https://griis.org;2020
Epinotia nanana;Tortricidae;United States;North America;Nearctic;1907;0;Simpson, A., et al. (2022). United States Register of Introduced and Invasive Species (US-RIIS) (ver. 2.0, November 2022): U.S. Geological Survey data release. Available at: https://www.sciencebase.gov/catalog/item/62d59ae5d34e87fffb2dda99;2022
Epinotia nigricana;Tortricidae;Italy;Europe;Palearctic;;;Invasive Species Specialist Group ISSG (2020). Global Register of Introduced and Invasive Species GRIIS. Available at: https://griis.org;2020
Epinotia nigricana;Tortricidae;Norway;Europe;Palearctic;2003;0;Invasive Species Specialist Group ISSG (2020). Global Register of Introduced and Invasive Species GRIIS. Available at: https://griis.org;2020
Epinotia subsequana;Tortricidae;Norway;Europe;Palearctic;2004;0;Invasive Species Specialist Group ISSG (2020). Global Register of Introduced and Invasive Species GRIIS. Available at: https://griis.org;2020
Epiphyas postvittana;Tortricidae;France;Europe;Palearctic;;;Invasive Species Specialist Group ISSG (2020). Global Register of Introduced and Invasive Species GRIIS. Available at: https://griis.org;2020
Epiphyas postvittana;Tortricidae;United Kingdom;Europe;Palearctic;1911;0;Turner, R., et al. (2024). International Non-native Insect Establishment Data (0.2.1) [Data set]. Zenodo.;2024
Epiphyas postvittana;Tortricidae;Ireland;Europe;Palearctic;1997;0;CAB International (CABI) (2024). CABI Invasive Species Compendium. Available at: https://www.cabidigitallibrary.org/product/QI;2024
Epiphyas postvittana;Tortricidae;New Zealand;Oceania;Australian;1879;0;European and Mediterranean Plant Protection Organization (EPPO) (2024). EPPO Global Database. Available at: https://gd.eppo.int;2024
Epiphyas postvittana;Tortricidae;Azores;Europe;Palearctic;;0;CAB International (CABI) (2024). CABI Invasive Species Compendium. Available at: https://www.cabidigitallibrary.org/product/QI;2024
Epiphyas postvittana;Tortricidae;United States;North America;Nearctic;2006;0;CAB International (CABI) (2024). CABI Invasive Species Compendium. Available at: https://www.cabidigitallibrary.org/product/QI;2024
Epiphyas postvittana;Tortricidae;Hawaii;Oceania;Nearctic;1896;0;CAB International (CABI) (2024). CABI Invasive Species Compendium. Available at: https://www.cabidigitallibrary.org/product/QI;2024
Episimus transferrana;Tortricidae;Galapagos;South America;Neotropical;1989;;Turner, R., et al. (2024). International Non-native Insect Establishment Data (0.2.1) [Data set]. Zenodo.;2024
Episimus unguiculus;Tortricidae;Hawaii;Oceania;Nearctic;1954;1;Turner, R., et al. (2024). International Non-native Insect Establishment Data (0.2.1) [Data set]. Zenodo.;2024
Erannis defoliaria;Geometridae;Moldova;Europe;Palearctic;;;Invasive Species Specialist Group ISSG (2020). Global Register of Introduced and Invasive Species GRIIS. Available at: https://griis.org;2020
Erechthias capnitis;Tineidae;New Zealand;Oceania;Australian;1977;;Turner, R., et al. (2024). International Non-native Insect Establishment Data (0.2.1) [Data set]. Zenodo.;2024
Erechthias minuscula;Tineidae;Galapagos;South America;Neotropical;1989;;Turner, R., et al. (2024). International Non-native Insect Establishment Data (0.2.1) [Data set]. Zenodo.;2024
Erechthias minuscula;Tineidae;Hawaii;Oceania;Nearctic;1892;0;Turner, R., et al. (2024). International Non-native Insect Establishment Data (0.2.1) [Data set]. Zenodo.;2024
Erechthias pelotricha;Tineidae;Hawaii;Oceania;Nearctic;2006;0;Simpson, A., et al. (2022). United States Register of Introduced and Invasive Species (US-RIIS) (ver. 2.0, November 2022): U.S. Geological Survey data release. Available at: https://www.sciencebase.gov/catalog/item/62d59ae5d34e87fffb2dda99;2022
Erinnyis ello;Sphingidae;Dominican Republic;North America;Panamanian;;;European and Mediterranean Plant Protection Organization (EPPO) (2024). EPPO Global Database. Available at: https://gd.eppo.int;2024
Erionota thrax;Hesperiidae;Mauritius;Africa;Oceanina;;;CAB International (CABI) (2024). CABI Invasive Species Compendium. Available at: https://www.cabidigitallibrary.org/product/QI;2024
Erionota thrax;Hesperiidae;Hawaii;Oceania;Nearctic;1973;0;Turner, R., et al. (2024). International Non-native Insect Establishment Data (0.2.1) [Data set]. Zenodo.;2024
Erionota torus;Hesperiidae;China;Asia;Palearctic;;;CAB International (CABI) (2024). CABI Invasive Species Compendium. Available at: https://www.cabidigitallibrary.org/product/QI;2024
Erionota torus;Hesperiidae;Japan;Asia;Oriental;1971;0;CAB International (CABI) (2024). CABI Invasive Species Compendium. Available at: https://www.cabidigitallibrary.org/product/QI;2024
Erionota torus;Hesperiidae;Japan;Asia;Sino-Japanese;1971;0;CAB International (CABI) (2024). CABI Invasive Species Compendium. Available at: https://www.cabidigitallibrary.org/product/QI;2024
Erionota torus;Hesperiidae;Sri Lanka;Asia;Oriental;2015;;CAB International (CABI) (2024). CABI Invasive Species Compendium. Available at: https://www.cabidigitallibrary.org/product/QI;2024
Erionota torus;Hesperiidae;Mauritius;Africa;Oceanina;1968;;CAB International (CABI) (2024). CABI Invasive Species Compendium. Available at: https://www.cabidigitallibrary.org/product/QI;2024
Erionota torus;Hesperiidae;Taiwan;Asia;Oriental;1986;0;CAB International (CABI) (2024). CABI Invasive Species Compendium. Available at: https://www.cabidigitallibrary.org/product/QI;2024
Esperia sulphurella;Oecophoridae;United States;North America;Nearctic;1965;0;Simpson, A., et al. (2022). United States Register of Introduced and Invasive Species (US-RIIS) (ver. 2.0, November 2022): U.S. Geological Survey data release. Available at: https://www.sciencebase.gov/catalog/item/62d59ae5d34e87fffb2dda99;2022
Etainia sericopeza;Nepticulidae;United States;North America;Nearctic;1930;0;Simpson, A., et al. (2022). United States Register of Introduced and Invasive Species (US-RIIS) (ver. 2.0, November 2022): U.S. Geological Survey data release. Available at: https://www.sciencebase.gov/catalog/item/62d59ae5d34e87fffb2dda99;2022
Ethmia bipunctella;Ethmiidae;United States;North America;Nearctic;1963;0;Simpson, A., et al. (2022). United States Register of Introduced and Invasive Species (US-RIIS) (ver. 2.0, November 2022): U.S. Geological Survey data release. Available at: https://www.sciencebase.gov/catalog/item/62d59ae5d34e87fffb2dda99;2022
Ethmia nigroapicella;Ethmiidae;Tuvalu;Oceania;Oceanina;;;Invasive Species Specialist Group ISSG (2020). Global Register of Introduced and Invasive Species GRIIS. Available at: https://griis.org;2020
Ethmia terminella;Ethmiidae;Sweden;Europe;Palearctic;;0;CAB International (CABI) (2024). CABI Invasive Species Compendium. Available at: https://www.cabidigitallibrary.org/product/QI;2024
Etiella zinckenella;Pyralidae;Australia;Australia;Australian;;;Mally, R., et al. (2022), Moths and butterflies on alien shores - global biogeography of non-native Lepidoptera. Dryad, Dataset. Available at: https://doi.org/10.5061/dryad.31zcrjdnw;2022
Etiella zinckenella;Pyralidae;Chile;South America;Neotropical;1995;;Turner, R., et al. (2024). International Non-native Insect Establishment Data (0.2.1) [Data set]. Zenodo.;2024
Etiella zinckenella;Pyralidae;Galapagos;South America;Neotropical;1906;;Turner, R., et al. (2024). International Non-native Insect Establishment Data (0.2.1) [Data set]. Zenodo.;2024
Etiella zinckenella;Pyralidae;United States;North America;Nearctic;1881;0;Simpson, A., et al. (2022). United States Register of Introduced and Invasive Species (US-RIIS) (ver. 2.0, November 2022): U.S. Geological Survey data release. Available at: https://www.sciencebase.gov/catalog/item/62d59ae5d34e87fffb2dda99;2022
Euacidalia brownsvillea;Geometridae;Hawaii;Oceania;Nearctic;1977;0;Turner, R., et al. (2024). International Non-native Insect Establishment Data (0.2.1) [Data set]. Zenodo.;2024
Eublemma accedens;Noctuidae;Hawaii;Oceania;Nearctic;;0;Mally, R., et al. (2022), Moths and butterflies on alien shores - global biogeography of non-native Lepidoptera. Dryad, Dataset. Available at: https://doi.org/10.5061/dryad.31zcrjdnw;2022
Eublemma recta;Noctuidae;Galapagos;South America;Neotropical;1975;;Turner, R., et al. (2024). International Non-native Insect Establishment Data (0.2.1) [Data set]. Zenodo.;2024
Eublemma scitula;Noctuidae;Australia;Australia;Australian;;;Mally, R., et al. (2022), Moths and butterflies on alien shores - global biogeography of non-native Lepidoptera. Dryad, Dataset. Available at: https://doi.org/10.5061/dryad.31zcrjdnw;2022
Euchromia lethe;Erebidae;Denmark;Europe;Palearctic;;;CAB International (CABI) (2024). CABI Invasive Species Compendium. Available at: https://www.cabidigitallibrary.org/product/QI;2024
Euchromia lethe;Erebidae;United Kingdom;Europe;Palearctic;;;CAB International (CABI) (2024). CABI Invasive Species Compendium. Available at: https://www.cabidigitallibrary.org/product/QI;2024
Euchromius ocellea;Crambidae;Germany;Europe;Palearctic;;;Invasive Species Specialist Group ISSG (2020). Global Register of Introduced and Invasive Species GRIIS. Available at: https://griis.org;2020
Euchromius ocellea;Crambidae;Ireland;Europe;Palearctic;;;CAB International (CABI) (2024). CABI Invasive Species Compendium. Available at: https://www.cabidigitallibrary.org/product/QI;2024
Euchromius ocellea;Crambidae;Hawaii;Oceania;Nearctic;1882;0;Turner, R., et al. (2024). International Non-native Insect Establishment Data (0.2.1) [Data set]. Zenodo.;2024
Euclasta gigantalis;Crambidae;Australia;Australia;Australian;1988;1;Mally, R., et al. (2022), Moths and butterflies on alien shores - global biogeography of non-native Lepidoptera. Dryad, Dataset. Available at: https://doi.org/10.5061/dryad.31zcrjdnw;2022
Euclasta varii;Crambidae;Malta;Europe;Saharo-Arabian;;0;CAB International (CABI) (2024). CABI Invasive Species Compendium. Available at: https://www.cabidigitallibrary.org/product/QI;2024
Eucosma cana;Tortricidae;Canada;North America;Nearctic;2009;0;Gilligan, T., et al. (2020). Immigrant Tortricidae: Holarctic versus Introduced Species in North America. Insects. 11(9):594;2020
Eucosmomorpha albersana;Tortricidae;Canada;North America;Nearctic;;0;Gibson, L. (1993). Additional North American Records of Ecosmomorpha albersana (Tortricidae: Enarmoniini). Journal of the Lepidopterists Society. 47(4): 322-323;1993
Eucosmomorpha albersana;Tortricidae;United States;North America;Nearctic;1961;0;Yamanaka, T., et al. (2015). Comparison of insect invasions in North America, Japan and their Islands. Biological Invasions. 17(10): 3049-3061;2015
Eudocima jordani;Erebidae;Australia;Australia;Australian;;;Mally, R., et al. (2022), Moths and butterflies on alien shores - global biogeography of non-native Lepidoptera. Dryad, Dataset. Available at: https://doi.org/10.5061/dryad.31zcrjdnw;2022
Eudocima phalonia;Erebidae;Australia;Australia;Australian;;;Mally, R., et al. (2022), Moths and butterflies on alien shores - global biogeography of non-native Lepidoptera. Dryad, Dataset. Available at: https://doi.org/10.5061/dryad.31zcrjdnw;2022
Eudocima phalonia;Erebidae;French Polynesia;Oceania;Oceanina;1948;0;Shine, C., et al. (2003). Invasive alien species in the Austral Pacific Region: National Reports and Directory of Resources. Global Invasive Species Programme, Cape Town, South Africa.;2003
Eudocima phalonia;Erebidae;Palau;Oceania;Oceanina;;0;Shine, C., et al. (2003). Invasive alien species in the Austral Pacific Region: National Reports and Directory of Resources. Global Invasive Species Programme, Cape Town, South Africa.;2003
Eudocima phalonia;Erebidae;Hawaii;Oceania;Nearctic;1987;0;Turner, R., et al. (2024). International Non-native Insect Establishment Data (0.2.1) [Data set]. Zenodo.;2024
Eudocima phalonia;Erebidae;US Polynesian Islands;Oceania;Oceanina;;0;Shine, C., et al. (2003). Invasive alien species in the Austral Pacific Region: National Reports and Directory of Resources. Global Invasive Species Programme, Cape Town, South Africa.;2003
Eudocima phalonia;Erebidae;Vanuatu;Oceania;Oceanina;;0;Shine, C., et al. (2003). Invasive alien species in the Austral Pacific Region: National Reports and Directory of Resources. Global Invasive Species Programme, Cape Town, South Africa.;2003
Eudocima salaminia;Erebidae;Australia;Australia;Australian;;;Mally, R., et al. (2022), Moths and butterflies on alien shores - global biogeography of non-native Lepidoptera. Dryad, Dataset. Available at: https://doi.org/10.5061/dryad.31zcrjdnw;2022
Eudocima tyrannus;Erebidae;Denmark;Europe;Palearctic;;;Invasive Species Specialist Group ISSG (2020). Global Register of Introduced and Invasive Species GRIIS. Available at: https://griis.org;2020
Eulepidotis striaepuncta;Erebidae;United States;North America;Nearctic;1984;0;Simpson, A., et al. (2022). United States Register of Introduced and Invasive Species (US-RIIS) (ver. 2.0, November 2022): U.S. Geological Survey data release. Available at: https://www.sciencebase.gov/catalog/item/62d59ae5d34e87fffb2dda99;2022
Eulithis mellinata;Geometridae;United States;North America;Nearctic;1967;0;Simpson, A., et al. (2022). United States Register of Introduced and Invasive Species (US-RIIS) (ver. 2.0, November 2022): U.S. Geological Survey data release. Available at: https://www.sciencebase.gov/catalog/item/62d59ae5d34e87fffb2dda99;2022
Eumeta variegatus;Psychidae;Japan;Asia;Oriental;;0;Turner, R., et al. (2024). International Non-native Insect Establishment Data (0.2.1) [Data set]. Zenodo.;2024
Eumeta variegatus;Psychidae;Japan;Asia;Sino-Japanese;;0;Turner, R., et al. (2024). International Non-native Insect Establishment Data (0.2.1) [Data set]. Zenodo.;2024
Eupithecia carpophagata;Geometridae;Germany;Europe;Palearctic;;0;CAB International (CABI) (2024). CABI Invasive Species Compendium. Available at: https://www.cabidigitallibrary.org/product/QI;2024
Eupithecia intricata;Geometridae;Ireland;Europe;Palearctic;;;Invasive Species Specialist Group ISSG (2020). Global Register of Introduced and Invasive Species GRIIS. Available at: https://griis.org;2020
Eupithecia lariciata;Geometridae;United Kingdom;Europe;Palearctic;;;CAB International (CABI) (2024). CABI Invasive Species Compendium. Available at: https://www.cabidigitallibrary.org/product/QI;2024
Eupithecia phoeniceata;Geometridae;Belgium;Europe;Palearctic;;0;CAB International (CABI) (2024). CABI Invasive Species Compendium. Available at: https://www.cabidigitallibrary.org/product/QI;2024
Eupithecia phoeniceata;Geometridae;United Kingdom;Europe;Palearctic;;0;CAB International (CABI) (2024). CABI Invasive Species Compendium. Available at: https://www.cabidigitallibrary.org/product/QI;2024
Eupithecia phoeniceata;Geometridae;Ireland;Europe;Palearctic;;;Invasive Species Specialist Group ISSG (2020). Global Register of Introduced and Invasive Species GRIIS. Available at: https://griis.org;2020
Eupithecia pulchellata;Geometridae;Czechia;Europe;Palearctic;1997;;CAB International (CABI) (2024). CABI Invasive Species Compendium. Available at: https://www.cabidigitallibrary.org/product/QI;2024
Eupithecia ultimaria;Geometridae;United Kingdom;Europe;Palearctic;1989;;Turner, R., et al. (2024). International Non-native Insect Establishment Data (0.2.1) [Data set]. Zenodo.;2024
Euploea mulciber;Nymphalidae;Japan;Asia;Oriental;1992;0;Turner, R., et al. (2024). International Non-native Insect Establishment Data (0.2.1) [Data set]. Zenodo.;2024
Euproctis chrysorrhoea;Erebidae;Canada;North America;Nearctic;;0;European and Mediterranean Plant Protection Organization (EPPO) (2024). EPPO Global Database. Available at: https://gd.eppo.int;2024
Euproctis chrysorrhoea;Erebidae;India;Asia;Oriental;;0;Hussain, B., et al. (2019). First record of a nucleopolyhedrovirus infecting brown-tail moth larvae, Euproctis chrysorrhoea (L.) (Lepidoptera: Lymantriidae) in India. Egyptian Journal of Biological Pest Control. 29: 11;2019
Euproctis chrysorrhoea;Erebidae;United States;North America;Nearctic;1880;0;European and Mediterranean Plant Protection Organization (EPPO) (2024). EPPO Global Database. Available at: https://gd.eppo.int;2024
Euproctis fraterna;Erebidae;Maldives;Asia;Oriental;;;Invasive Species Specialist Group ISSG (2020). Global Register of Introduced and Invasive Species GRIIS. Available at: https://griis.org;2020
Eurranthis plummistaria;Geometridae;Germany;Europe;Palearctic;;0;CAB International (CABI) (2024). CABI Invasive Species Compendium. Available at: https://www.cabidigitallibrary.org/product/QI;2024
Euscirrhopterus poeyi;Noctuidae;United States;North America;Nearctic;1987;0;Simpson, A., et al. (2022). United States Register of Introduced and Invasive Species (US-RIIS) (ver. 2.0, November 2022): U.S. Geological Survey data release. Available at: https://www.sciencebase.gov/catalog/item/62d59ae5d34e87fffb2dda99;2022
Eustixia pupula;Crambidae;United Kingdom;Europe;Palearctic;1997;0;CAB International (CABI) (2024). CABI Invasive Species Compendium. Available at: https://www.cabidigitallibrary.org/product/QI;2024
Eutelia adulatrix;Euteliidae;Denmark;Europe;Palearctic;;;CAB International (CABI) (2024). CABI Invasive Species Compendium. Available at: https://www.cabidigitallibrary.org/product/QI;2024
Eutorna phaulocosma;Depressariidae;New Zealand;Oceania;Australian;1936;0;Turner, R., et al. (2024). International Non-native Insect Establishment Data (0.2.1) [Data set]. Zenodo.;2024
Euzophera osseatella;Pyralidae;United Kingdom;Europe;Palearctic;;;Invasive Species Specialist Group ISSG (2020). Global Register of Introduced and Invasive Species GRIIS. Available at: https://griis.org;2020
Euzophera pinguis;Pyralidae;Lebanon;Asia;Saharo-Arabian;;;Invasive Species Specialist Group ISSG (2020). Global Register of Introduced and Invasive Species GRIIS. Available at: https://griis.org;2020
Evergestis aenealis;Crambidae;Germany;Europe;Palearctic;;;Invasive Species Specialist Group ISSG (2020). Global Register of Introduced and Invasive Species GRIIS. Available at: https://griis.org;2020
Evergestis pallidata;Crambidae;United States;North America;Nearctic;1841;0;Simpson, A., et al. (2022). United States Register of Introduced and Invasive Species (US-RIIS) (ver. 2.0, November 2022): U.S. Geological Survey data release. Available at: https://www.sciencebase.gov/catalog/item/62d59ae5d34e87fffb2dda99;2022
Exelastis montichristi;Pterophoridae;Galapagos;South America;Neotropical;1923;;Turner, R., et al. (2024). International Non-native Insect Establishment Data (0.2.1) [Data set]. Zenodo.;2024
Exelastis pumilio;Pterophoridae;Galapagos;South America;Neotropical;1992;;Turner, R., et al. (2024). International Non-native Insect Establishment Data (0.2.1) [Data set]. Zenodo.;2024
Exoteleia dodecella;Gelechiidae;Canada;North America;Nearctic;1928;0;Martin, J. (1959). The Bionomics of the Pine Bud Moth, Exoteleia dodecella L.(Lepidoptera: Gelechiidae), in Ontario1. The Canadian Entomologist. 91(1): 5-14;1959
Exoteleia dodecella;Gelechiidae;United States;North America;Nearctic;1928;0;Simpson, A., et al. (2022). United States Register of Introduced and Invasive Species (US-RIIS) (ver. 2.0, November 2022): U.S. Geological Survey data release. Available at: https://www.sciencebase.gov/catalog/item/62d59ae5d34e87fffb2dda99;2022
Fundella argentina;Pyralidae;Galapagos;South America;Neotropical;1965;;Turner, R., et al. (2024). International Non-native Insect Establishment Data (0.2.1) [Data set]. Zenodo.;2024
Galleria mellonella;Pyralidae;Angola;Africa;Afrotropical;;;CAB International (CABI) (2024). CABI Invasive Species Compendium. Available at: https://www.cabidigitallibrary.org/product/QI;2024
Galleria mellonella;Pyralidae;Argentina;South America;Neotropical;;;CAB International (CABI) (2024). CABI Invasive Species Compendium. Available at: https://www.cabidigitallibrary.org/product/QI;2024
Galleria mellonella;Pyralidae;Australia;Australia;Australian;;;CAB International (CABI) (2024). CABI Invasive Species Compendium. Available at: https://www.cabidigitallibrary.org/product/QI;2024
Galleria mellonella;Pyralidae;Austria;Europe;Palearctic;;;CAB International (CABI) (2024). CABI Invasive Species Compendium. Available at: https://www.cabidigitallibrary.org/product/QI;2024
Galleria mellonella;Pyralidae;Belgium;Europe;Palearctic;;;CAB International (CABI) (2024). CABI Invasive Species Compendium. Available at: https://www.cabidigitallibrary.org/product/QI;2024
Galleria mellonella;Pyralidae;Benin;Africa;Afrotropical;;;CAB International (CABI) (2024). CABI Invasive Species Compendium. Available at: https://www.cabidigitallibrary.org/product/QI;2024
Galleria mellonella;Pyralidae;Burkina Faso;Africa;Afrotropical;;;CAB International (CABI) (2024). CABI Invasive Species Compendium. Available at: https://www.cabidigitallibrary.org/product/QI;2024
Galleria mellonella;Pyralidae;Bangladesh;Asia;Oriental;;;CAB International (CABI) (2024). CABI Invasive Species Compendium. Available at: https://www.cabidigitallibrary.org/product/QI;2024
Galleria mellonella;Pyralidae;Bulgaria;Europe;Palearctic;;;CAB International (CABI) (2024). CABI Invasive Species Compendium. Available at: https://www.cabidigitallibrary.org/product/QI;2024
Galleria mellonella;Pyralidae;Bosnia and Herzegovina;Europe;Palearctic;;;CAB International (CABI) (2024). CABI Invasive Species Compendium. Available at: https://www.cabidigitallibrary.org/product/QI;2024
Galleria mellonella;Pyralidae;Brazil;South America;Neotropical;;;CAB International (CABI) (2024). CABI Invasive Species Compendium. Available at: https://www.cabidigitallibrary.org/product/QI;2024
Galleria mellonella;Pyralidae;Botswana;Africa;Afrotropical;;;CAB International (CABI) (2024). CABI Invasive Species Compendium. Available at: https://www.cabidigitallibrary.org/product/QI;2024
Galleria mellonella;Pyralidae;Central African Republic;Africa;Afrotropical;;;CAB International (CABI) (2024). CABI Invasive Species Compendium. Available at: https://www.cabidigitallibrary.org/product/QI;2024
Galleria mellonella;Pyralidae;Canada;North America;Nearctic;;;CAB International (CABI) (2024). CABI Invasive Species Compendium. Available at: https://www.cabidigitallibrary.org/product/QI;2024
Galleria mellonella;Pyralidae;Switzerland;Europe;Palearctic;;;CAB International (CABI) (2024). CABI Invasive Species Compendium. Available at: https://www.cabidigitallibrary.org/product/QI;2024
Galleria mellonella;Pyralidae;Chile;South America;Neotropical;1973;;CAB International (CABI) (2024). CABI Invasive Species Compendium. Available at: https://www.cabidigitallibrary.org/product/QI;2024
Galleria mellonella;Pyralidae;China;Asia;Oriental;;;CAB International (CABI) (2024). CABI Invasive Species Compendium. Available at: https://www.cabidigitallibrary.org/product/QI;2024
Galleria mellonella;Pyralidae;China;Asia;Palearctic;;;CAB International (CABI) (2024). CABI Invasive Species Compendium. Available at: https://www.cabidigitallibrary.org/product/QI;2024
Galleria mellonella;Pyralidae;Cameroon;Africa;Afrotropical;;;CAB International (CABI) (2024). CABI Invasive Species Compendium. Available at: https://www.cabidigitallibrary.org/product/QI;2024
Galleria mellonella;Pyralidae;Republic of the Congo;Africa;Afrotropical;;;CAB International (CABI) (2024). CABI Invasive Species Compendium. Available at: https://www.cabidigitallibrary.org/product/QI;2024
Galleria mellonella;Pyralidae;Colombia;South America;Neotropical;;;CAB International (CABI) (2024). CABI Invasive Species Compendium. Available at: https://www.cabidigitallibrary.org/product/QI;2024
Galleria mellonella;Pyralidae;Cabo Verde;Africa;Afrotropical;;;CAB International (CABI) (2024). CABI Invasive Species Compendium. Available at: https://www.cabidigitallibrary.org/product/QI;2024
Galleria mellonella;Pyralidae;Costa Rica;North America;Panamanian;;;CAB International (CABI) (2024). CABI Invasive Species Compendium. Available at: https://www.cabidigitallibrary.org/product/QI;2024
Galleria mellonella;Pyralidae;Cuba;North America;Panamanian;;;CAB International (CABI) (2024). CABI Invasive Species Compendium. Available at: https://www.cabidigitallibrary.org/product/QI;2024
Galleria mellonella;Pyralidae;Czechia;Europe;Palearctic;;;CAB International (CABI) (2024). CABI Invasive Species Compendium. Available at: https://www.cabidigitallibrary.org/product/QI;2024
Galleria mellonella;Pyralidae;Germany;Europe;Palearctic;;;CAB International (CABI) (2024). CABI Invasive Species Compendium. Available at: https://www.cabidigitallibrary.org/product/QI;2024
Galleria mellonella;Pyralidae;Denmark;Europe;Palearctic;;;CAB International (CABI) (2024). CABI Invasive Species Compendium. Available at: https://www.cabidigitallibrary.org/product/QI;2024
Galleria mellonella;Pyralidae;Dominican Republic;North America;Panamanian;;;CAB International (CABI) (2024). CABI Invasive Species Compendium. Available at: https://www.cabidigitallibrary.org/product/QI;2024
Galleria mellonella;Pyralidae;Algeria;Africa;Saharo-Arabian;;;CAB International (CABI) (2024). CABI Invasive Species Compendium. Available at: https://www.cabidigitallibrary.org/product/QI;2024
Galleria mellonella;Pyralidae;Spain;Europe;Palearctic;;;CAB International (CABI) (2024). CABI Invasive Species Compendium. Available at: https://www.cabidigitallibrary.org/product/QI;2024
Galleria mellonella;Pyralidae;Canary Islands;Africa;Palearctic;;;CAB International (CABI) (2024). CABI Invasive Species Compendium. Available at: https://www.cabidigitallibrary.org/product/QI;2024
Galleria mellonella;Pyralidae;Spanish European Islands;Europe;Palearctic;;;CAB International (CABI) (2024). CABI Invasive Species Compendium. Available at: https://www.cabidigitallibrary.org/product/QI;2024
Galleria mellonella;Pyralidae;Estonia;Europe;Palearctic;;;CAB International (CABI) (2024). CABI Invasive Species Compendium. Available at: https://www.cabidigitallibrary.org/product/QI;2024
Galleria mellonella;Pyralidae;Ethiopia;Africa;Afrotropical;;;CAB International (CABI) (2024). CABI Invasive Species Compendium. Available at: https://www.cabidigitallibrary.org/product/QI;2024
Galleria mellonella;Pyralidae;Finland;Europe;Palearctic;;;CAB International (CABI) (2024). CABI Invasive Species Compendium. Available at: https://www.cabidigitallibrary.org/product/QI;2024
Galleria mellonella;Pyralidae;France;Europe;Palearctic;;;CAB International (CABI) (2024). CABI Invasive Species Compendium. Available at: https://www.cabidigitallibrary.org/product/QI;2024
Galleria mellonella;Pyralidae;French European Islands;Europe;Palearctic;;;CAB International (CABI) (2024). CABI Invasive Species Compendium. Available at: https://www.cabidigitallibrary.org/product/QI;2024
Galleria mellonella;Pyralidae;French African Islands;Africa;Madagascan;;;CAB International (CABI) (2024). CABI Invasive Species Compendium. Available at: https://www.cabidigitallibrary.org/product/QI;2024
Galleria mellonella;Pyralidae;United Kingdom;Europe;Palearctic;;;CAB International (CABI) (2024). CABI Invasive Species Compendium. Available at: https://www.cabidigitallibrary.org/product/QI;2024
Galleria mellonella;Pyralidae;Gibraltar;Africa;Palearctic;;;CAB International (CABI) (2024). CABI Invasive Species Compendium. Available at: https://www.cabidigitallibrary.org/product/QI;2024
Galleria mellonella;Pyralidae;Ghana;Africa;Afrotropical;;;CAB International (CABI) (2024). CABI Invasive Species Compendium. Available at: https://www.cabidigitallibrary.org/product/QI;2024
Galleria mellonella;Pyralidae;Guinea-Bissau;Africa;Afrotropical;;;CAB International (CABI) (2024). CABI Invasive Species Compendium. Available at: https://www.cabidigitallibrary.org/product/QI;2024
Galleria mellonella;Pyralidae;Greece;Europe;Palearctic;;;CAB International (CABI) (2024). CABI Invasive Species Compendium. Available at: https://www.cabidigitallibrary.org/product/QI;2024
Galleria mellonella;Pyralidae;Guatemala;North America;Panamanian;;;CAB International (CABI) (2024). CABI Invasive Species Compendium. Available at: https://www.cabidigitallibrary.org/product/QI;2024
Galleria mellonella;Pyralidae;Guyana;South America;Neotropical;;;CAB International (CABI) (2024). CABI Invasive Species Compendium. Available at: https://www.cabidigitallibrary.org/product/QI;2024
Galleria mellonella;Pyralidae;Croatia;Europe;Palearctic;;;CAB International (CABI) (2024). CABI Invasive Species Compendium. Available at: https://www.cabidigitallibrary.org/product/QI;2024
Galleria mellonella;Pyralidae;Hungary;Europe;Palearctic;;;CAB International (CABI) (2024). CABI Invasive Species Compendium. Available at: https://www.cabidigitallibrary.org/product/QI;2024
Galleria mellonella;Pyralidae;Indonesia;Asia;Oriental;;;CAB International (CABI) (2024). CABI Invasive Species Compendium. Available at: https://www.cabidigitallibrary.org/product/QI;2024
Galleria mellonella;Pyralidae;Ireland;Europe;Palearctic;;;CAB International (CABI) (2024). CABI Invasive Species Compendium. Available at: https://www.cabidigitallibrary.org/product/QI;2024
Galleria mellonella;Pyralidae;Iran;Asia;Saharo-Arabian;;;CAB International (CABI) (2024). CABI Invasive Species Compendium. Available at: https://www.cabidigitallibrary.org/product/QI;2024
Galleria mellonella;Pyralidae;Iraq;Asia;Saharo-Arabian;;;CAB International (CABI) (2024). CABI Invasive Species Compendium. Available at: https://www.cabidigitallibrary.org/product/QI;2024
Galleria mellonella;Pyralidae;Israel;Asia;Saharo-Arabian;;;CAB International (CABI) (2024). CABI Invasive Species Compendium. Available at: https://www.cabidigitallibrary.org/product/QI;2024
Galleria mellonella;Pyralidae;Italy;Europe;Palearctic;;;CAB International (CABI) (2024). CABI Invasive Species Compendium. Available at: https://www.cabidigitallibrary.org/product/QI;2024
Galleria mellonella;Pyralidae;Jamaica;North America;Panamanian;;;CAB International (CABI) (2024). CABI Invasive Species Compendium. Available at: https://www.cabidigitallibrary.org/product/QI;2024
Galleria mellonella;Pyralidae;Jordan;Asia;Saharo-Arabian;;;CAB International (CABI) (2024). CABI Invasive Species Compendium. Available at: https://www.cabidigitallibrary.org/product/QI;2024
Galleria mellonella;Pyralidae;Japan;Asia;Sino-Japanese;;;CAB International (CABI) (2024). CABI Invasive Species Compendium. Available at: https://www.cabidigitallibrary.org/product/QI;2024
Galleria mellonella;Pyralidae;Kenya;Africa;Afrotropical;;;CAB International (CABI) (2024). CABI Invasive Species Compendium. Available at: https://www.cabidigitallibrary.org/product/QI;2024
Galleria mellonella;Pyralidae;Kyrgyzstan;Asia;Palearctic;;;CAB International (CABI) (2024). CABI Invasive Species Compendium. Available at: https://www.cabidigitallibrary.org/product/QI;2024
Galleria mellonella;Pyralidae;South Korea;Asia;Palearctic;;;CAB International (CABI) (2024). CABI Invasive Species Compendium. Available at: https://www.cabidigitallibrary.org/product/QI;2024
Galleria mellonella;Pyralidae;Lebanon;Asia;Saharo-Arabian;;;CAB International (CABI) (2024). CABI Invasive Species Compendium. Available at: https://www.cabidigitallibrary.org/product/QI;2024
Galleria mellonella;Pyralidae;Libya;Africa;Saharo-Arabian;;;CAB International (CABI) (2024). CABI Invasive Species Compendium. Available at: https://www.cabidigitallibrary.org/product/QI;2024
Galleria mellonella;Pyralidae;Sri Lanka;Asia;Oriental;;;CAB International (CABI) (2024). CABI Invasive Species Compendium. Available at: https://www.cabidigitallibrary.org/product/QI;2024
Galleria mellonella;Pyralidae;Lithuania;Europe;Palearctic;;;CAB International (CABI) (2024). CABI Invasive Species Compendium. Available at: https://www.cabidigitallibrary.org/product/QI;2024
Galleria mellonella;Pyralidae;Luxembourg;Europe;Palearctic;;;CAB International (CABI) (2024). CABI Invasive Species Compendium. Available at: https://www.cabidigitallibrary.org/product/QI;2024
Galleria mellonella;Pyralidae;Latvia;Europe;Palearctic;;;CAB International (CABI) (2024). CABI Invasive Species Compendium. Available at: https://www.cabidigitallibrary.org/product/QI;2024
Galleria mellonella;Pyralidae;Morocco;Africa;Saharo-Arabian;;;CAB International (CABI) (2024). CABI Invasive Species Compendium. Available at: https://www.cabidigitallibrary.org/product/QI;2024
Galleria mellonella;Pyralidae;Madagascar;Africa;Madagascan;;;CAB International (CABI) (2024). CABI Invasive Species Compendium. Available at: https://www.cabidigitallibrary.org/product/QI;2024
Galleria mellonella;Pyralidae;Mexico;North America;Nearctic;;;CAB International (CABI) (2024). CABI Invasive Species Compendium. Available at: https://www.cabidigitallibrary.org/product/QI;2024
Galleria mellonella;Pyralidae;North Macedonia;Europe;Palearctic;;;CAB International (CABI) (2024). CABI Invasive Species Compendium. Available at: https://www.cabidigitallibrary.org/product/QI;2024
Galleria mellonella;Pyralidae;Malta;Europe;Saharo-Arabian;;;CAB International (CABI) (2024). CABI Invasive Species Compendium. Available at: https://www.cabidigitallibrary.org/product/QI;2024
Galleria mellonella;Pyralidae;Mozambique;Africa;Afrotropical;;;CAB International (CABI) (2024). CABI Invasive Species Compendium. Available at: https://www.cabidigitallibrary.org/product/QI;2024
Galleria mellonella;Pyralidae;Malawi;Africa;Afrotropical;;;CAB International (CABI) (2024). CABI Invasive Species Compendium. Available at: https://www.cabidigitallibrary.org/product/QI;2024
Galleria mellonella;Pyralidae;Malaysia;Asia;Oriental;;;CAB International (CABI) (2024). CABI Invasive Species Compendium. Available at: https://www.cabidigitallibrary.org/product/QI;2024
Galleria mellonella;Pyralidae;Nigeria;Africa;Afrotropical;;;CAB International (CABI) (2024). CABI Invasive Species Compendium. Available at: https://www.cabidigitallibrary.org/product/QI;2024
Galleria mellonella;Pyralidae;Nicaragua;North America;Panamanian;;;CAB International (CABI) (2024). CABI Invasive Species Compendium. Available at: https://www.cabidigitallibrary.org/product/QI;2024
Galleria mellonella;Pyralidae;Netherlands;Europe;Palearctic;;;CAB International (CABI) (2024). CABI Invasive Species Compendium. Available at: https://www.cabidigitallibrary.org/product/QI;2024
Galleria mellonella;Pyralidae;Norway;Europe;Palearctic;;;CAB International (CABI) (2024). CABI Invasive Species Compendium. Available at: https://www.cabidigitallibrary.org/product/QI;2024
Galleria mellonella;Pyralidae;New Zealand;Oceania;Australian;1904;;Turner, R., et al. (2024). International Non-native Insect Establishment Data (0.2.1) [Data set]. Zenodo.;2024
Galleria mellonella;Pyralidae;Pakistan;Asia;Oriental;;;CAB International (CABI) (2024). CABI Invasive Species Compendium. Available at: https://www.cabidigitallibrary.org/product/QI;2024
Galleria mellonella;Pyralidae;Philippines;Asia;Oriental;;;CAB International (CABI) (2024). CABI Invasive Species Compendium. Available at: https://www.cabidigitallibrary.org/product/QI;2024
Galleria mellonella;Pyralidae;Palau;Oceania;Oceanina;;;CAB International (CABI) (2024). CABI Invasive Species Compendium. Available at: https://www.cabidigitallibrary.org/product/QI;2024
Galleria mellonella;Pyralidae;Papua New Guinea;Oceania;Oceanina;;;CAB International (CABI) (2024). CABI Invasive Species Compendium. Available at: https://www.cabidigitallibrary.org/product/QI;2024
Galleria mellonella;Pyralidae;Poland;Europe;Palearctic;;;CAB International (CABI) (2024). CABI Invasive Species Compendium. Available at: https://www.cabidigitallibrary.org/product/QI;2024
Galleria mellonella;Pyralidae;Portugal;Europe;Palearctic;;;CAB International (CABI) (2024). CABI Invasive Species Compendium. Available at: https://www.cabidigitallibrary.org/product/QI;2024
Galleria mellonella;Pyralidae;Azores;Europe;Palearctic;;;CAB International (CABI) (2024). CABI Invasive Species Compendium. Available at: https://www.cabidigitallibrary.org/product/QI;2024
Galleria mellonella;Pyralidae;Madeira;Africa;Palearctic;;;CAB International (CABI) (2024). CABI Invasive Species Compendium. Available at: https://www.cabidigitallibrary.org/product/QI;2024
Galleria mellonella;Pyralidae;Romania;Europe;Palearctic;;;CAB International (CABI) (2024). CABI Invasive Species Compendium. Available at: https://www.cabidigitallibrary.org/product/QI;2024
Galleria mellonella;Pyralidae;Russia Europe;Europe;Palearctic;;;CAB International (CABI) (2024). CABI Invasive Species Compendium. Available at: https://www.cabidigitallibrary.org/product/QI;2024
Galleria mellonella;Pyralidae;Russia Asia;Asia;Palearctic;;;CAB International (CABI) (2024). CABI Invasive Species Compendium. Available at: https://www.cabidigitallibrary.org/product/QI;2024
Galleria mellonella;Pyralidae;Rwanda;Africa;Afrotropical;;;CAB International (CABI) (2024). CABI Invasive Species Compendium. Available at: https://www.cabidigitallibrary.org/product/QI;2024
Galleria mellonella;Pyralidae;Saudi Arabia;Asia;Saharo-Arabian;;;CAB International (CABI) (2024). CABI Invasive Species Compendium. Available at: https://www.cabidigitallibrary.org/product/QI;2024
Galleria mellonella;Pyralidae;Sudan;Africa;Afrotropical;;;CAB International (CABI) (2024). CABI Invasive Species Compendium. Available at: https://www.cabidigitallibrary.org/product/QI;2024
Galleria mellonella;Pyralidae;Senegal;Africa;Afrotropical;;;CAB International (CABI) (2024). CABI Invasive Species Compendium. Available at: https://www.cabidigitallibrary.org/product/QI;2024
Galleria mellonella;Pyralidae;Singapore;Asia;Oriental;;;CAB International (CABI) (2024). CABI Invasive Species Compendium. Available at: https://www.cabidigitallibrary.org/product/QI;2024
Galleria mellonella;Pyralidae;Sierra Leone;Africa;Afrotropical;;;CAB International (CABI) (2024). CABI Invasive Species Compendium. Available at: https://www.cabidigitallibrary.org/product/QI;2024
Galleria mellonella;Pyralidae;Slovakia;Europe;Palearctic;;;CAB International (CABI) (2024). CABI Invasive Species Compendium. Available at: https://www.cabidigitallibrary.org/product/QI;2024
Galleria mellonella;Pyralidae;Sweden;Europe;Palearctic;;;CAB International (CABI) (2024). CABI Invasive Species Compendium. Available at: https://www.cabidigitallibrary.org/product/QI;2024
Galleria mellonella;Pyralidae;Seychelles;Africa;Oceanina;;;CAB International (CABI) (2024). CABI Invasive Species Compendium. Available at: https://www.cabidigitallibrary.org/product/QI;2024
Galleria mellonella;Pyralidae;Syria;Asia;Saharo-Arabian;;;CAB International (CABI) (2024). CABI Invasive Species Compendium. Available at: https://www.cabidigitallibrary.org/product/QI;2024
Galleria mellonella;Pyralidae;Thailand;Asia;Oriental;;;CAB International (CABI) (2024). CABI Invasive Species Compendium. Available at: https://www.cabidigitallibrary.org/product/QI;2024
Galleria mellonella;Pyralidae;Tunisia;Africa;Saharo-Arabian;;;CAB International (CABI) (2024). CABI Invasive Species Compendium. Available at: https://www.cabidigitallibrary.org/product/QI;2024
Galleria mellonella;Pyralidae;Turkey;Asia;Palearctic;;;CAB International (CABI) (2024). CABI Invasive Species Compendium. Available at: https://www.cabidigitallibrary.org/product/QI;2024
Galleria mellonella;Pyralidae;Taiwan;Asia;Oriental;;;CAB International (CABI) (2024). CABI Invasive Species Compendium. Available at: https://www.cabidigitallibrary.org/product/QI;2024
Galleria mellonella;Pyralidae;Tanzania;Africa;Afrotropical;;;CAB International (CABI) (2024). CABI Invasive Species Compendium. Available at: https://www.cabidigitallibrary.org/product/QI;2024
Galleria mellonella;Pyralidae;Uganda;Africa;Afrotropical;;;CAB International (CABI) (2024). CABI Invasive Species Compendium. Available at: https://www.cabidigitallibrary.org/product/QI;2024
Galleria mellonella;Pyralidae;United States;North America;Nearctic;1565;0;CAB International (CABI) (2024). CABI Invasive Species Compendium. Available at: https://www.cabidigitallibrary.org/product/QI;2024
Galleria mellonella;Pyralidae;Hawaii;Oceania;Nearctic;1932;0;Turner, R., et al. (2024). International Non-native Insect Establishment Data (0.2.1) [Data set]. Zenodo.;2024
Galleria mellonella;Pyralidae;US North American Islands;North America;Panamanian;;;CAB International (CABI) (2024). CABI Invasive Species Compendium. Available at: https://www.cabidigitallibrary.org/product/QI;2024
Galleria mellonella;Pyralidae;Venezuela;South America;Neotropical;;0;CAB International (CABI) (2024). CABI Invasive Species Compendium. Available at: https://www.cabidigitallibrary.org/product/QI;2024
Galleria mellonella;Pyralidae;Vietnam;Asia;Oriental;;;CAB International (CABI) (2024). CABI Invasive Species Compendium. Available at: https://www.cabidigitallibrary.org/product/QI;2024
Galleria mellonella;Pyralidae;South Africa;Africa;Afrotropical;;0;CAB International (CABI) (2024). CABI Invasive Species Compendium. Available at: https://www.cabidigitallibrary.org/product/QI;2024
Galleria mellonella;Pyralidae;Zimbabwe;Africa;Afrotropical;;;CAB International (CABI) (2024). CABI Invasive Species Compendium. Available at: https://www.cabidigitallibrary.org/product/QI;2024
Galtara extensa;Erebidae;Hawaii;Oceania;Nearctic;2013;1;Turner, R., et al. (2024). International Non-native Insect Establishment Data (0.2.1) [Data set]. Zenodo.;2024
Garella musculana;Nolidae;Bulgaria;Europe;Palearctic;2016;0;European and Mediterranean Plant Protection Organization (EPPO) (2024). EPPO Global Database. Available at: https://gd.eppo.int;2024
Garella musculana;Nolidae;United Kingdom;Europe;Palearctic;2008;;CAB International (CABI) (2024). CABI Invasive Species Compendium. Available at: https://www.cabidigitallibrary.org/product/QI;2024
Garella musculana;Nolidae;Italy;Europe;Palearctic;2021;0;CAB International (CABI) (2024). CABI Invasive Species Compendium. Available at: https://www.cabidigitallibrary.org/product/QI;2024
Garella musculana;Nolidae;Romania;Europe;Palearctic;2018;0;CAB International (CABI) (2024). CABI Invasive Species Compendium. Available at: https://www.cabidigitallibrary.org/product/QI;2024
Garella musculana;Nolidae;Turkey;Asia;Palearctic;2015;0;CAB International (CABI) (2024). CABI Invasive Species Compendium. Available at: https://www.cabidigitallibrary.org/product/QI;2024
Garella nilotica;Nolidae;United States;North America;Nearctic;;0;Simpson, A., et al. (2022). United States Register of Introduced and Invasive Species (US-RIIS) (ver. 2.0, November 2022): U.S. Geological Survey data release. Available at: https://www.sciencebase.gov/catalog/item/62d59ae5d34e87fffb2dda99;2022
Gauna aegusalis;Pyralidae;New Zealand;Oceania;Australian;1929;;Turner, R., et al. (2024). International Non-native Insect Establishment Data (0.2.1) [Data set]. Zenodo.;2024
Gelechia sabinellus;Gelechiidae;United Kingdom;Europe;Palearctic;1971;;CAB International (CABI) (2024). CABI Invasive Species Compendium. Available at: https://www.cabidigitallibrary.org/product/QI;2024
Gelechia senticetella;Gelechiidae;Belgium;Europe;Palearctic;;0;Lopez-Vaamonde, C., et al. (2010). Lepidoptera. Chapter 11. BioRisk. 4: 603-668;2010
Gelechia senticetella;Gelechiidae;Bulgaria;Europe;Palearctic;;0;Lopez-Vaamonde, C., et al. (2010). Lepidoptera. Chapter 11. BioRisk. 4: 603-668;2010
Gelechia senticetella;Gelechiidae;Denmark;Europe;Palearctic;;0;Lopez-Vaamonde, C., et al. (2010). Lepidoptera. Chapter 11. BioRisk. 4: 603-668;2010
Gelechia senticetella;Gelechiidae;United Kingdom;Europe;Palearctic;1988;0;Turner, R., et al. (2024). International Non-native Insect Establishment Data (0.2.1) [Data set]. Zenodo.;2024
Gelechia senticetella;Gelechiidae;Netherlands;Europe;Palearctic;;0;Lopez-Vaamonde, C., et al. (2010). Lepidoptera. Chapter 11. BioRisk. 4: 603-668;2010
Glyphipterix simpliciella;Glyphipterigidae;New Zealand;Oceania;Australian;2000;;Turner, R., et al. (2024). International Non-native Insect Establishment Data (0.2.1) [Data set]. Zenodo.;2024
Glyphodes onychinalis;Crambidae;United States;North America;Nearctic;2006;0;Simpson, A., et al. (2022). United States Register of Introduced and Invasive Species (US-RIIS) (ver. 2.0, November 2022): U.S. Geological Survey data release. Available at: https://www.sciencebase.gov/catalog/item/62d59ae5d34e87fffb2dda99;2022
Glyphodes pyloalis;Crambidae;Azerbaijan;Asia;Palearctic;;;European and Mediterranean Plant Protection Organization (EPPO) (2024). EPPO Global Database. Available at: https://gd.eppo.int;2024
Glyphodes pyloalis;Crambidae;Russia Europe;Europe;Palearctic;2015;0;Poltavsky, A., Ilyina, E. (2017). New Finds of Alien Lepidoptera Species in Dagestan. Russian Journal of Biological Invasions. 8(4): 347-350;2017
Glyphodes pyloalis;Crambidae;Turkmenistan;Asia;Palearctic;;;Invasive Species Specialist Group ISSG (2020). Global Register of Introduced and Invasive Species GRIIS. Available at: https://griis.org;2020
Glyphodes pyloalis;Crambidae;United States;North America;Nearctic;;0;Simpson, A., et al. (2022). United States Register of Introduced and Invasive Species (US-RIIS) (ver. 2.0, November 2022): U.S. Geological Survey data release. Available at: https://www.sciencebase.gov/catalog/item/62d59ae5d34e87fffb2dda99;2022
Gracillaria syringella;Gracillariidae;Canada;North America;Nearctic;1923;0;de Prins, J., de Prins, W. (2024). Global Taxonomic Database of Gracillariidae (Lepidoptera). Avaliable at: http://www.gracillariidae.net;2024
Gracillaria syringella;Gracillariidae;United States;North America;Nearctic;1923;0;CAB International (CABI) (2024). CABI Invasive Species Compendium. Available at: https://www.cabidigitallibrary.org/product/QI;2024
Graellsia isabellae;Saturniidae;Switzerland;Europe;Palearctic;;0;CAB International (CABI) (2024). CABI Invasive Species Compendium. Available at: https://www.cabidigitallibrary.org/product/QI;2024
Grammodes stolida;Erebidae;Australia;Australia;Australian;;;Mally, R., et al. (2022), Moths and butterflies on alien shores - global biogeography of non-native Lepidoptera. Dryad, Dataset. Available at: https://doi.org/10.5061/dryad.31zcrjdnw;2022
Grapholita delineana;Tortricidae;Canada;North America;Nearctic;;0;Gilligan, T., et al. (2020). Immigrant Tortricidae: Holarctic versus Introduced Species in North America. Insects. 11(9):594;2020
Grapholita delineana;Tortricidae;United States;North America;Nearctic;1943;0;Simpson, A., et al. (2022). United States Register of Introduced and Invasive Species (US-RIIS) (ver. 2.0, November 2022): U.S. Geological Survey data release. Available at: https://www.sciencebase.gov/catalog/item/62d59ae5d34e87fffb2dda99;2022
Grapholita molesta;Tortricidae;Albania;Europe;Palearctic;;0;Roy, D., et al. (2020). DAISIE - Delivering Alien Invasive Species Inventories for Europe. Available at: http://www.europe-aliens.org/;2020
Grapholita molesta;Tortricidae;Argentina;South America;Neotropical;;0;CAB International (CABI) (2024). CABI Invasive Species Compendium. Available at: https://www.cabidigitallibrary.org/product/QI;2024
Grapholita molesta;Tortricidae;Australia;Australia;Australian;1911;0;CAB International (CABI) (2024). CABI Invasive Species Compendium. Available at: https://www.cabidigitallibrary.org/product/QI;2024
Grapholita molesta;Tortricidae;Austria;Europe;Palearctic;;0;CAB International (CABI) (2024). CABI Invasive Species Compendium. Available at: https://www.cabidigitallibrary.org/product/QI;2024
Grapholita molesta;Tortricidae;Belgium;Europe;Palearctic;;;CAB International (CABI) (2024). CABI Invasive Species Compendium. Available at: https://www.cabidigitallibrary.org/product/QI;2024
Grapholita molesta;Tortricidae;Bulgaria;Europe;Palearctic;1970;0;European and Mediterranean Plant Protection Organization (EPPO) (2024). EPPO Global Database. Available at: https://gd.eppo.int;2024
Grapholita molesta;Tortricidae;Bosnia and Herzegovina;Europe;Palearctic;;0;Roy, D., et al. (2020). DAISIE - Delivering Alien Invasive Species Inventories for Europe. Available at: http://www.europe-aliens.org/;2020
Grapholita molesta;Tortricidae;Brazil;South America;Neotropical;1982;0;European and Mediterranean Plant Protection Organization (EPPO) (2024). EPPO Global Database. Available at: https://gd.eppo.int;2024
Grapholita molesta;Tortricidae;Canada;North America;Nearctic;1940;0;CAB International (CABI) (2024). CABI Invasive Species Compendium. Available at: https://www.cabidigitallibrary.org/product/QI;2024
Grapholita molesta;Tortricidae;Switzerland;Europe;Palearctic;;0;CAB International (CABI) (2024). CABI Invasive Species Compendium. Available at: https://www.cabidigitallibrary.org/product/QI;2024
Grapholita molesta;Tortricidae;Chile;South America;Neotropical;1971;0;Turner, R., et al. (2024). International Non-native Insect Establishment Data (0.2.1) [Data set]. Zenodo.;2024
Grapholita molesta;Tortricidae;Czechia;Europe;Palearctic;;0;CAB International (CABI) (2024). CABI Invasive Species Compendium. Available at: https://www.cabidigitallibrary.org/product/QI;2024
Grapholita molesta;Tortricidae;Germany;Europe;Palearctic;;0;CAB International (CABI) (2024). CABI Invasive Species Compendium. Available at: https://www.cabidigitallibrary.org/product/QI;2024
Grapholita molesta;Tortricidae;Denmark;Europe;Palearctic;1965;0;European and Mediterranean Plant Protection Organization (EPPO) (2024). EPPO Global Database. Available at: https://gd.eppo.int;2024
Grapholita molesta;Tortricidae;Spain;Europe;Palearctic;;0;CAB International (CABI) (2024). CABI Invasive Species Compendium. Available at: https://www.cabidigitallibrary.org/product/QI;2024
Grapholita molesta;Tortricidae;France;Europe;Palearctic;1920;0;CAB International (CABI) (2024). CABI Invasive Species Compendium. Available at: https://www.cabidigitallibrary.org/product/QI;2024
Grapholita molesta;Tortricidae;Greece;Europe;Palearctic;1920;0;CAB International (CABI) (2024). CABI Invasive Species Compendium. Available at: https://www.cabidigitallibrary.org/product/QI;2024
Grapholita molesta;Tortricidae;Hungary;Europe;Palearctic;;0;CAB International (CABI) (2024). CABI Invasive Species Compendium. Available at: https://www.cabidigitallibrary.org/product/QI;2024
Grapholita molesta;Tortricidae;Ireland;Europe;Palearctic;;;Invasive Species Specialist Group ISSG (2020). Global Register of Introduced and Invasive Species GRIIS. Available at: https://griis.org;2020
Grapholita molesta;Tortricidae;Italy;Europe;Palearctic;1920;0;European and Mediterranean Plant Protection Organization (EPPO) (2024). EPPO Global Database. Available at: https://gd.eppo.int;2024
Grapholita molesta;Tortricidae;Sicily and Sardinia;Europe;Palearctic;;0;Roy, D., et al. (2020). DAISIE - Delivering Alien Invasive Species Inventories for Europe. Available at: http://www.europe-aliens.org/;2020
Grapholita molesta;Tortricidae;Japan;Asia;Sino-Japanese;1868;0;CAB International (CABI) (2024). CABI Invasive Species Compendium. Available at: https://www.cabidigitallibrary.org/product/QI;2024
Grapholita molesta;Tortricidae;South Korea;Asia;Palearctic;1910;;Turner, R., et al. (2024). International Non-native Insect Establishment Data (0.2.1) [Data set]. Zenodo.;2024
Grapholita molesta;Tortricidae;Lithuania;Europe;Palearctic;;0;CAB International (CABI) (2024). CABI Invasive Species Compendium. Available at: https://www.cabidigitallibrary.org/product/QI;2024
Grapholita molesta;Tortricidae;North Macedonia;Europe;Palearctic;;0;European and Mediterranean Plant Protection Organization (EPPO) (2024). EPPO Global Database. Available at: https://gd.eppo.int;2024
Grapholita molesta;Tortricidae;Montenegro;Europe;Palearctic;1999;0;CAB International (CABI) (2024). CABI Invasive Species Compendium. Available at: https://www.cabidigitallibrary.org/product/QI;2024
Grapholita molesta;Tortricidae;Netherlands;Europe;Palearctic;;;Invasive Species Specialist Group ISSG (2020). Global Register of Introduced and Invasive Species GRIIS. Available at: https://griis.org;2020
Grapholita molesta;Tortricidae;New Zealand;Oceania;Australian;1973;0;Turner, R., et al. (2024). International Non-native Insect Establishment Data (0.2.1) [Data set]. Zenodo.;2024
Grapholita molesta;Tortricidae;Portugal;Europe;Palearctic;;0;CAB International (CABI) (2024). CABI Invasive Species Compendium. Available at: https://www.cabidigitallibrary.org/product/QI;2024
Grapholita molesta;Tortricidae;Azores;Europe;Palearctic;2011;0;European and Mediterranean Plant Protection Organization (EPPO) (2024). EPPO Global Database. Available at: https://gd.eppo.int;2024
Grapholita molesta;Tortricidae;Romania;Europe;Palearctic;1964;0;CAB International (CABI) (2024). CABI Invasive Species Compendium. Available at: https://www.cabidigitallibrary.org/product/QI;2024
Grapholita molesta;Tortricidae;Russia Europe;Europe;Palearctic;;;CAB International (CABI) (2024). CABI Invasive Species Compendium. Available at: https://www.cabidigitallibrary.org/product/QI;2024
Grapholita molesta;Tortricidae;Russia Asia;Asia;Palearctic;;0;CAB International (CABI) (2024). CABI Invasive Species Compendium. Available at: https://www.cabidigitallibrary.org/product/QI;2024
Grapholita molesta;Tortricidae;Serbia;Europe;Palearctic;;0;European and Mediterranean Plant Protection Organization (EPPO) (2024). EPPO Global Database. Available at: https://gd.eppo.int;2024
Grapholita molesta;Tortricidae;Slovakia;Europe;Palearctic;;0;CAB International (CABI) (2024). CABI Invasive Species Compendium. Available at: https://www.cabidigitallibrary.org/product/QI;2024
Grapholita molesta;Tortricidae;Slovenia;Europe;Palearctic;1920;0;CAB International (CABI) (2024). CABI Invasive Species Compendium. Available at: https://www.cabidigitallibrary.org/product/QI;2024
Grapholita molesta;Tortricidae;United States;North America;Nearctic;1912;0;CAB International (CABI) (2024). CABI Invasive Species Compendium. Available at: https://www.cabidigitallibrary.org/product/QI;2024
Grapholita molesta;Tortricidae;South Africa;Africa;Afrotropical;1980;0;European and Mediterranean Plant Protection Organization (EPPO) (2024). EPPO Global Database. Available at: https://gd.eppo.int;2024
Gymnoscelis rufifasciata;Geometridae;Hawaii;Oceania;Nearctic;1964;0;Turner, R., et al. (2024). International Non-native Insect Establishment Data (0.2.1) [Data set]. Zenodo.;2024
Gypsonoma aceriana;Tortricidae;Canada;North America;Nearctic;1980;0;CAB International (CABI) (2024). CABI Invasive Species Compendium. Available at: https://www.cabidigitallibrary.org/product/QI;2024
Gypsonoma aceriana;Tortricidae;United States;North America;Nearctic;2001;0;CAB International (CABI) (2024). CABI Invasive Species Compendium. Available at: https://www.cabidigitallibrary.org/product/QI;2024
Hadena compta;Noctuidae;United Kingdom;Europe;Palearctic;;;CAB International (CABI) (2024). CABI Invasive Species Compendium. Available at: https://www.cabidigitallibrary.org/product/QI;2024
Haplochrois theae;Elachistidae;Russia Europe;Europe;Palearctic;;;Roy, D., et al. (2020). DAISIE - Delivering Alien Invasive Species Inventories for Europe. Available at: http://www.europe-aliens.org/;2020
Haplochrois theae;Elachistidae;Russia Asia;Asia;Palearctic;;0;Invasive Species Specialist Group ISSG (2020). Global Register of Introduced and Invasive Species GRIIS. Available at: https://griis.org;2020
Haplotinea ditella;Tineidae;Austria;Europe;Palearctic;;0;Lopez-Vaamonde, C., et al. (2010). Lepidoptera. Chapter 11. BioRisk. 4: 603-668;2010
Haplotinea ditella;Tineidae;Belgium;Europe;Palearctic;;0;Lopez-Vaamonde, C., et al. (2010). Lepidoptera. Chapter 11. BioRisk. 4: 603-668;2010
Haplotinea ditella;Tineidae;Czechia;Europe;Palearctic;1900;0;CAB International (CABI) (2024). CABI Invasive Species Compendium. Available at: https://www.cabidigitallibrary.org/product/QI;2024
Haplotinea ditella;Tineidae;Germany;Europe;Palearctic;;0;Lopez-Vaamonde, C., et al. (2010). Lepidoptera. Chapter 11. BioRisk. 4: 603-668;2010
Haplotinea ditella;Tineidae;Denmark;Europe;Palearctic;;0;Lopez-Vaamonde, C., et al. (2010). Lepidoptera. Chapter 11. BioRisk. 4: 603-668;2010
Haplotinea ditella;Tineidae;Finland;Europe;Palearctic;;0;Lopez-Vaamonde, C., et al. (2010). Lepidoptera. Chapter 11. BioRisk. 4: 603-668;2010
Haplotinea ditella;Tineidae;United Kingdom;Europe;Palearctic;;0;CAB International (CABI) (2024). CABI Invasive Species Compendium. Available at: https://www.cabidigitallibrary.org/product/QI;2024
Haplotinea ditella;Tineidae;Lithuania;Europe;Palearctic;;0;CAB International (CABI) (2024). CABI Invasive Species Compendium. Available at: https://www.cabidigitallibrary.org/product/QI;2024
Haplotinea ditella;Tineidae;Netherlands;Europe;Palearctic;;0;Lopez-Vaamonde, C., et al. (2010). Lepidoptera. Chapter 11. BioRisk. 4: 603-668;2010
Haplotinea ditella;Tineidae;Norway;Europe;Palearctic;;0;Lopez-Vaamonde, C., et al. (2010). Lepidoptera. Chapter 11. BioRisk. 4: 603-668;2010
Haplotinea ditella;Tineidae;Poland;Europe;Palearctic;;0;Lopez-Vaamonde, C., et al. (2010). Lepidoptera. Chapter 11. BioRisk. 4: 603-668;2010
Haplotinea ditella;Tineidae;Russia Asia;Asia;Palearctic;;0;Lopez-Vaamonde, C., et al. (2010). Lepidoptera. Chapter 11. BioRisk. 4: 603-668;2010
Haplotinea ditella;Tineidae;Slovakia;Europe;Palearctic;;0;CAB International (CABI) (2024). CABI Invasive Species Compendium. Available at: https://www.cabidigitallibrary.org/product/QI;2024
Haplotinea ditella;Tineidae;Sweden;Europe;Palearctic;;0;CAB International (CABI) (2024). CABI Invasive Species Compendium. Available at: https://www.cabidigitallibrary.org/product/QI;2024
Haplotinea insectella;Tineidae;Austria;Europe;Palearctic;;0;Lopez-Vaamonde, C., et al. (2010). Lepidoptera. Chapter 11. BioRisk. 4: 603-668;2010
Haplotinea insectella;Tineidae;Belgium;Europe;Palearctic;;0;Lopez-Vaamonde, C., et al. (2010). Lepidoptera. Chapter 11. BioRisk. 4: 603-668;2010
Haplotinea insectella;Tineidae;Switzerland;Europe;Palearctic;;0;Lopez-Vaamonde, C., et al. (2010). Lepidoptera. Chapter 11. BioRisk. 4: 603-668;2010
Haplotinea insectella;Tineidae;Czechia;Europe;Palearctic;1905;0;CAB International (CABI) (2024). CABI Invasive Species Compendium. Available at: https://www.cabidigitallibrary.org/product/QI;2024
Haplotinea insectella;Tineidae;Germany;Europe;Palearctic;;0;Lopez-Vaamonde, C., et al. (2010). Lepidoptera. Chapter 11. BioRisk. 4: 603-668;2010
Haplotinea insectella;Tineidae;Denmark;Europe;Palearctic;;0;Lopez-Vaamonde, C., et al. (2010). Lepidoptera. Chapter 11. BioRisk. 4: 603-668;2010
Haplotinea insectella;Tineidae;Finland;Europe;Palearctic;;0;Lopez-Vaamonde, C., et al. (2010). Lepidoptera. Chapter 11. BioRisk. 4: 603-668;2010
Haplotinea insectella;Tineidae;United Kingdom;Europe;Palearctic;;0;CAB International (CABI) (2024). CABI Invasive Species Compendium. Available at: https://www.cabidigitallibrary.org/product/QI;2024
Haplotinea insectella;Tineidae;Ireland;Europe;Palearctic;;0;CAB International (CABI) (2024). CABI Invasive Species Compendium. Available at: https://www.cabidigitallibrary.org/product/QI;2024
Haplotinea insectella;Tineidae;Lithuania;Europe;Palearctic;;0;CAB International (CABI) (2024). CABI Invasive Species Compendium. Available at: https://www.cabidigitallibrary.org/product/QI;2024
Haplotinea insectella;Tineidae;Netherlands;Europe;Palearctic;;0;CAB International (CABI) (2024). CABI Invasive Species Compendium. Available at: https://www.cabidigitallibrary.org/product/QI;2024
Haplotinea insectella;Tineidae;Norway;Europe;Palearctic;;0;CAB International (CABI) (2024). CABI Invasive Species Compendium. Available at: https://www.cabidigitallibrary.org/product/QI;2024
Haplotinea insectella;Tineidae;Poland;Europe;Palearctic;;0;Lopez-Vaamonde, C., et al. (2010). Lepidoptera. Chapter 11. BioRisk. 4: 603-668;2010
Haplotinea insectella;Tineidae;Russia Asia;Asia;Palearctic;;0;Lopez-Vaamonde, C., et al. (2010). Lepidoptera. Chapter 11. BioRisk. 4: 603-668;2010
Haplotinea insectella;Tineidae;Slovakia;Europe;Palearctic;;0;CAB International (CABI) (2024). CABI Invasive Species Compendium. Available at: https://www.cabidigitallibrary.org/product/QI;2024
Haplotinea insectella;Tineidae;Sweden;Europe;Palearctic;;0;CAB International (CABI) (2024). CABI Invasive Species Compendium. Available at: https://www.cabidigitallibrary.org/product/QI;2024
Haritalodes derogata;Crambidae;New Zealand;Oceania;Australian;2021;;Turner, R., et al. (2024). International Non-native Insect Establishment Data (0.2.1) [Data set]. Zenodo.;2024
Hasora badra;Hesperiidae;Japan;Asia;Sino-Japanese;;0;National Institute for Environmental Studies - Japan (2024). Invasive Species of Japan: Lepidopterans (provisional list);2024
Hecatera dysodea;Noctuidae;United Kingdom;Europe;Palearctic;1997;;Turner, R., et al. (2024). International Non-native Insect Establishment Data (0.2.1) [Data set]. Zenodo.;2024
Hecatera dysodea;Noctuidae;United States;North America;Nearctic;1998;0;Simpson, A., et al. (2022). United States Register of Introduced and Invasive Species (US-RIIS) (ver. 2.0, November 2022): U.S. Geological Survey data release. Available at: https://www.sciencebase.gov/catalog/item/62d59ae5d34e87fffb2dda99;2022
Hedya nubiferana;Tortricidae;Canada;North America;Nearctic;1913;0;Gilligan, T., et al. (2020). Immigrant Tortricidae: Holarctic versus Introduced Species in North America. Insects. 11(9):594;2020
Hedya nubiferana;Tortricidae;United States;North America;Nearctic;1913;0;Simpson, A., et al. (2022). United States Register of Introduced and Invasive Species (US-RIIS) (ver. 2.0, November 2022): U.S. Geological Survey data release. Available at: https://www.sciencebase.gov/catalog/item/62d59ae5d34e87fffb2dda99;2022
Hedya salicella;Tortricidae;Canada;North America;Nearctic;1956;0;Gilligan, T., et al. (2020). Immigrant Tortricidae: Holarctic versus Introduced Species in North America. Insects. 11(9):594;2020
Hedya salicella;Tortricidae;United States;North America;Nearctic;1975;0;Simpson, A., et al. (2022). United States Register of Introduced and Invasive Species (US-RIIS) (ver. 2.0, November 2022): U.S. Geological Survey data release. Available at: https://www.sciencebase.gov/catalog/item/62d59ae5d34e87fffb2dda99;2022
Heliconius erato;Nymphalidae;Cook Islands;Oceania;Oceanina;2016;1;Paynter, Q., et al. (2020). Leaf heteroblasty explains unexpected spillover non-target attack on T Passiflora edulis by Heliconius erato cyrbia, a biological control agent for Passiflora rubra, in Rarotonga. Biological Control. 141: 104132;2020
Helicoverpa armigera;Noctuidae;United Arab Emirates;Asia;Saharo-Arabian;;;CAB International (CABI) (2024). CABI Invasive Species Compendium. Available at: https://www.cabidigitallibrary.org/product/QI;2024
Helicoverpa armigera;Noctuidae;Argentina;South America;Neotropical;2014;0;CAB International (CABI) (2024). CABI Invasive Species Compendium. Available at: https://www.cabidigitallibrary.org/product/QI;2024
Helicoverpa armigera;Noctuidae;Bulgaria;Europe;Palearctic;1860;0;CAB International (CABI) (2024). CABI Invasive Species Compendium. Available at: https://www.cabidigitallibrary.org/product/QI;2024
Helicoverpa armigera;Noctuidae;Bolivia;South America;Neotropical;;0;Kriticos, D., et al. (2015). The Potential Distribution of Invading Helicoverpa armigera in North America: Is It Just a Matter of Time?. PLoS One. 10(3): e0119618;2015
Helicoverpa armigera;Noctuidae;Brazil;South America;Neotropical;2006;0;CAB International (CABI) (2024). CABI Invasive Species Compendium. Available at: https://www.cabidigitallibrary.org/product/QI;2024
Helicoverpa armigera;Noctuidae;Denmark;Europe;Palearctic;;;CAB International (CABI) (2024). CABI Invasive Species Compendium. Available at: https://www.cabidigitallibrary.org/product/QI;2024
Helicoverpa armigera;Noctuidae;Guam;Oceania;Oceanina;;0;CAB International (CABI) (2024). CABI Invasive Species Compendium. Available at: https://www.cabidigitallibrary.org/product/QI;2024
Helicoverpa armigera;Noctuidae;Peru;South America;Neotropical;2006;0;CAB International (CABI) (2024). CABI Invasive Species Compendium. Available at: https://www.cabidigitallibrary.org/product/QI;2024
Helicoverpa armigera;Noctuidae;Poland;Europe;Palearctic;;;European and Mediterranean Plant Protection Organization (EPPO) (2024). EPPO Global Database. Available at: https://gd.eppo.int;2024
Helicoverpa armigera;Noctuidae;Paraguay;South America;Neotropical;2013;0;European and Mediterranean Plant Protection Organization (EPPO) (2024). EPPO Global Database. Available at: https://gd.eppo.int;2024
Helicoverpa armigera;Noctuidae;Uruguay;South America;Neotropical;2014;0;CAB International (CABI) (2024). CABI Invasive Species Compendium. Available at: https://www.cabidigitallibrary.org/product/QI;2024
Helicoverpa armigera;Noctuidae;United States;North America;Nearctic;;0;European and Mediterranean Plant Protection Organization (EPPO) (2024). EPPO Global Database. Available at: https://gd.eppo.int;2024
Helicoverpa armigera;Noctuidae;US North American Islands;North America;Panamanian;2014;0;European and Mediterranean Plant Protection Organization (EPPO) (2024). EPPO Global Database. Available at: https://gd.eppo.int;2024
Helicoverpa armigera;Noctuidae;South Africa;Africa;Afrotropical;;;European and Mediterranean Plant Protection Organization (EPPO) (2024). EPPO Global Database. Available at: https://gd.eppo.int;2024
Helicoverpa titicacae;Noctuidae;Chile;South America;Neotropical;2011;;Turner, R., et al. (2024). International Non-native Insect Establishment Data (0.2.1) [Data set]. Zenodo.;2024
Helicoverpa zea;Noctuidae;Guam;Oceania;Oceanina;;0;Shine, C., et al. (2003). Invasive alien species in the Austral Pacific Region: National Reports and Directory of Resources. Global Invasive Species Programme, Cape Town, South Africa.;2003
Helicoverpa zea;Noctuidae;Hawaii;Oceania;Nearctic;1902;0;CAB International (CABI) (2024). CABI Invasive Species Compendium. Available at: https://www.cabidigitallibrary.org/product/QI;2024
Heliozela catoptrias;Heliozelidae;New Zealand;Oceania;Australian;1994;0;Turner, R., et al. (2024). International Non-native Insect Establishment Data (0.2.1) [Data set]. Zenodo.;2024
Hellinsia balanotes;Pterophoridae;Australia;Australia;Australian;;;Mally, R., et al. (2022), Moths and butterflies on alien shores - global biogeography of non-native Lepidoptera. Dryad, Dataset. Available at: https://doi.org/10.5061/dryad.31zcrjdnw;2022
Hellinsia beneficus;Pterophoridae;Hawaii;Oceania;Nearctic;1972;1;Turner, R., et al. (2024). International Non-native Insect Establishment Data (0.2.1) [Data set]. Zenodo.;2024
Hellula phidilealis;Crambidae;Chile;South America;Neotropical;1965;;Turner, R., et al. (2024). International Non-native Insect Establishment Data (0.2.1) [Data set]. Zenodo.;2024
Hellula undalis;Crambidae;Australia;Australia;Australian;;;Mally, R., et al. (2022), Moths and butterflies on alien shores - global biogeography of non-native Lepidoptera. Dryad, Dataset. Available at: https://doi.org/10.5061/dryad.31zcrjdnw;2022
Hellula undalis;Crambidae;Fiji;Oceania;Oceanina;;0;Ebenebe, A., et al. (2011). The cabbage webworm (Hellula undalis) on tickweed (Cleome viscosa) in Samoa. The South Pacific Journal of Natural and Applied Sciences. 29(1): 1-6;2011
Hellula undalis;Crambidae;French Polynesia;Oceania;Oceanina;;0;Ebenebe, A., et al. (2011). The cabbage webworm (Hellula undalis) on tickweed (Cleome viscosa) in Samoa. The South Pacific Journal of Natural and Applied Sciences. 29(1): 1-6;2011
Hellula undalis;Crambidae;New Caledonia;Oceania;Oceanina;;0;Ebenebe, A., et al. (2011). The cabbage webworm (Hellula undalis) on tickweed (Cleome viscosa) in Samoa. The South Pacific Journal of Natural and Applied Sciences. 29(1): 1-6;2011
Hellula undalis;Crambidae;Micronesia;Oceania;Oceanina;;0;Ebenebe, A., et al. (2011). The cabbage webworm (Hellula undalis) on tickweed (Cleome viscosa) in Samoa. The South Pacific Journal of Natural and Applied Sciences. 29(1): 1-6;2011
Hellula undalis;Crambidae;Guam;Oceania;Oceanina;;0;Shine, C., et al. (2003). Invasive alien species in the Austral Pacific Region: National Reports and Directory of Resources. Global Invasive Species Programme, Cape Town, South Africa.;2003
Hellula undalis;Crambidae;Niue;Oceania;Oceanina;;0;Ebenebe, A., et al. (2011). The cabbage webworm (Hellula undalis) on tickweed (Cleome viscosa) in Samoa. The South Pacific Journal of Natural and Applied Sciences. 29(1): 1-6;2011
Hellula undalis;Crambidae;Cook Islands;Oceania;Oceanina;;0;Ebenebe, A., et al. (2011). The cabbage webworm (Hellula undalis) on tickweed (Cleome viscosa) in Samoa. The South Pacific Journal of Natural and Applied Sciences. 29(1): 1-6;2011
Hellula undalis;Crambidae;Palau;Oceania;Oceanina;;0;Ebenebe, A., et al. (2011). The cabbage webworm (Hellula undalis) on tickweed (Cleome viscosa) in Samoa. The South Pacific Journal of Natural and Applied Sciences. 29(1): 1-6;2011
Hellula undalis;Crambidae;Papua New Guinea;Oceania;Oceanina;;0;Ebenebe, A., et al. (2011). The cabbage webworm (Hellula undalis) on tickweed (Cleome viscosa) in Samoa. The South Pacific Journal of Natural and Applied Sciences. 29(1): 1-6;2011
Hellula undalis;Crambidae;Solomon Islands;Oceania;Oceanina;;0;Ebenebe, A., et al. (2011). The cabbage webworm (Hellula undalis) on tickweed (Cleome viscosa) in Samoa. The South Pacific Journal of Natural and Applied Sciences. 29(1): 1-6;2011
Hellula undalis;Crambidae;Tokelau;Oceania;Oceanina;;0;Ebenebe, A., et al. (2011). The cabbage webworm (Hellula undalis) on tickweed (Cleome viscosa) in Samoa. The South Pacific Journal of Natural and Applied Sciences. 29(1): 1-6;2011
Hellula undalis;Crambidae;Tonga;Oceania;Oceanina;;0;Ebenebe, A., et al. (2011). The cabbage webworm (Hellula undalis) on tickweed (Cleome viscosa) in Samoa. The South Pacific Journal of Natural and Applied Sciences. 29(1): 1-6;2011
Hellula undalis;Crambidae;United States;North America;Nearctic;;0;Simpson, A., et al. (2022). United States Register of Introduced and Invasive Species (US-RIIS) (ver. 2.0, November 2022): U.S. Geological Survey data release. Available at: https://www.sciencebase.gov/catalog/item/62d59ae5d34e87fffb2dda99;2022
Hellula undalis;Crambidae;Hawaii;Oceania;Nearctic;1899;0;Turner, R., et al. (2024). International Non-native Insect Establishment Data (0.2.1) [Data set]. Zenodo.;2024
Hellula undalis;Crambidae;US Polynesian Islands;Oceania;Oceanina;;0;Ebenebe, A., et al. (2011). The cabbage webworm (Hellula undalis) on tickweed (Cleome viscosa) in Samoa. The South Pacific Journal of Natural and Applied Sciences. 29(1): 1-6;2011
Hellula undalis;Crambidae;Samoa;Oceania;Oceanina;;0;Ebenebe, A., et al. (2011). The cabbage webworm (Hellula undalis) on tickweed (Cleome viscosa) in Samoa. The South Pacific Journal of Natural and Applied Sciences. 29(1): 1-6;2011
Hellula undalis;Crambidae;South Africa;Africa;Afrotropical;;0;Turner, R., et al. (2024). International Non-native Insect Establishment Data (0.2.1) [Data set]. Zenodo.;2024
Hemiargus ceraunus;Lycaenidae;Galapagos;South America;Neotropical;;;Mally, R., et al. (2022), Moths and butterflies on alien shores - global biogeography of non-native Lepidoptera. Dryad, Dataset. Available at: https://doi.org/10.5061/dryad.31zcrjdnw;2022
Hemiargus ramon;Lycaenidae;Galapagos;South America;Neotropical;1995;;Turner, R., et al. (2024). International Non-native Insect Establishment Data (0.2.1) [Data set]. Zenodo.;2024
Hemithea aestivaria;Geometridae;Canada;North America;Nearctic;1978;0;Doganlar, M., Beirne, B. (1979). Hemithea aestivaria, a geometrid new to North America, established in British Columbia (Lepidoptera: Geometridae: Geometrinae). The Canadian Entomologist. 111(10): 1121-1121;1979
Hemithea aestivaria;Geometridae;United States;North America;Nearctic;1978;0;Simpson, A., et al. (2022). United States Register of Introduced and Invasive Species (US-RIIS) (ver. 2.0, November 2022): U.S. Geological Survey data release. Available at: https://www.sciencebase.gov/catalog/item/62d59ae5d34e87fffb2dda99;2022
Heringocrania unimaculella;Eriocraniidae;Iceland;Europe;Palearctic;2005;;CAB International (CABI) (2024). CABI Invasive Species Compendium. Available at: https://www.cabidigitallibrary.org/product/QI;2024
Herpetogramma basalis;Crambidae;China;Asia;Sino-Japanese;;0;Chu, S., et al. (2019). Host Range of Herpetogramma basalis (Lepidoptera: Crambidae), a Biological Control Agent for the Invasive Weed Alternanthera philoxeroides (Centrospermae: Amaranthaceae) in China. Journal of Insect Science. 19(6): 1-7;2019
Herpetogramma bipunctalis;Crambidae;Galapagos;South America;Neotropical;1992;;Turner, R., et al. (2024). International Non-native Insect Establishment Data (0.2.1) [Data set]. Zenodo.;2024
Herpetogramma bipunctalis;Crambidae;Swaziland;Africa;Afrotropical;;;Invasive Species Specialist Group ISSG (2020). Global Register of Introduced and Invasive Species GRIIS. Available at: https://griis.org;2020
Herpetogramma licarsisalis;Crambidae;United Kingdom;Europe;Palearctic;1997;0;Hoare, R. (2001). Adventive species of Lepidoptera recorded for the first time in New Zealand since 1988. New Zealand Entomologist. 24: 23-47;2001
Herpetogramma licarsisalis;Crambidae;New Zealand;Oceania;Australian;1986;0;Turner, R., et al. (2024). International Non-native Insect Establishment Data (0.2.1) [Data set]. Zenodo.;2024
Herpetogramma phaeopteralis;Crambidae;Galapagos;South America;Neotropical;1970;;Turner, R., et al. (2024). International Non-native Insect Establishment Data (0.2.1) [Data set]. Zenodo.;2024
Hileithia decostalis;Crambidae;United States;North America;Nearctic;1982;0;Simpson, A., et al. (2022). United States Register of Introduced and Invasive Species (US-RIIS) (ver. 2.0, November 2022): U.S. Geological Survey data release. Available at: https://www.sciencebase.gov/catalog/item/62d59ae5d34e87fffb2dda99;2022
Hipparchia statilinus;Nymphalidae;Denmark;Europe;Palearctic;;;Invasive Species Specialist Group ISSG (2020). Global Register of Introduced and Invasive Species GRIIS. Available at: https://griis.org;2020
Hippotion rosetta;Sphingidae;Hawaii;Oceania;Nearctic;1998;0;Turner, R., et al. (2024). International Non-native Insect Establishment Data (0.2.1) [Data set]. Zenodo.;2024
Hofmannophila pseudospretella;Oecophoridae;Australia;Australia;Australian;;;Mally, R., et al. (2022), Moths and butterflies on alien shores - global biogeography of non-native Lepidoptera. Dryad, Dataset. Available at: https://doi.org/10.5061/dryad.31zcrjdnw;2022
Hofmannophila pseudospretella;Oecophoridae;Austria;Europe;Palearctic;;0;Lopez-Vaamonde, C., et al. (2010). Lepidoptera. Chapter 11. BioRisk. 4: 603-668;2010
Hofmannophila pseudospretella;Oecophoridae;Belgium;Europe;Palearctic;;0;Lopez-Vaamonde, C., et al. (2010). Lepidoptera. Chapter 11. BioRisk. 4: 603-668;2010
Hofmannophila pseudospretella;Oecophoridae;Belarus;Europe;Palearctic;;0;Lopez-Vaamonde, C., et al. (2010). Lepidoptera. Chapter 11. BioRisk. 4: 603-668;2010
Hofmannophila pseudospretella;Oecophoridae;Switzerland;Europe;Palearctic;;0;Lopez-Vaamonde, C., et al. (2010). Lepidoptera. Chapter 11. BioRisk. 4: 603-668;2010
Hofmannophila pseudospretella;Oecophoridae;Czechia;Europe;Palearctic;;0;Lopez-Vaamonde, C., et al. (2010). Lepidoptera. Chapter 11. BioRisk. 4: 603-668;2010
Hofmannophila pseudospretella;Oecophoridae;Germany;Europe;Palearctic;;0;Lopez-Vaamonde, C., et al. (2010). Lepidoptera. Chapter 11. BioRisk. 4: 603-668;2010
Hofmannophila pseudospretella;Oecophoridae;Denmark;Europe;Palearctic;;0;Invasive Species Specialist Group ISSG (2020). Global Register of Introduced and Invasive Species GRIIS. Available at: https://griis.org;2020
Hofmannophila pseudospretella;Oecophoridae;Estonia;Europe;Palearctic;;0;Invasive Species Specialist Group ISSG (2020). Global Register of Introduced and Invasive Species GRIIS. Available at: https://griis.org;2020
Hofmannophila pseudospretella;Oecophoridae;Finland;Europe;Palearctic;;0;Lopez-Vaamonde, C., et al. (2010). Lepidoptera. Chapter 11. BioRisk. 4: 603-668;2010
Hofmannophila pseudospretella;Oecophoridae;United Kingdom;Europe;Palearctic;;0;Lopez-Vaamonde, C., et al. (2010). Lepidoptera. Chapter 11. BioRisk. 4: 603-668;2010
Hofmannophila pseudospretella;Oecophoridae;Ireland;Europe;Palearctic;;0;Invasive Species Specialist Group ISSG (2020). Global Register of Introduced and Invasive Species GRIIS. Available at: https://griis.org;2020
Hofmannophila pseudospretella;Oecophoridae;Iceland;Europe;Palearctic;;0;Lopez-Vaamonde, C., et al. (2010). Lepidoptera. Chapter 11. BioRisk. 4: 603-668;2010
Hofmannophila pseudospretella;Oecophoridae;Lithuania;Europe;Palearctic;;0;Lopez-Vaamonde, C., et al. (2010). Lepidoptera. Chapter 11. BioRisk. 4: 603-668;2010
Hofmannophila pseudospretella;Oecophoridae;Latvia;Europe;Palearctic;;0;Lopez-Vaamonde, C., et al. (2010). Lepidoptera. Chapter 11. BioRisk. 4: 603-668;2010
Hofmannophila pseudospretella;Oecophoridae;Netherlands;Europe;Palearctic;;0;Lopez-Vaamonde, C., et al. (2010). Lepidoptera. Chapter 11. BioRisk. 4: 603-668;2010
Hofmannophila pseudospretella;Oecophoridae;Norway;Europe;Palearctic;;0;Lopez-Vaamonde, C., et al. (2010). Lepidoptera. Chapter 11. BioRisk. 4: 603-668;2010
Hofmannophila pseudospretella;Oecophoridae;New Zealand;Oceania;Australian;1800;;Turner, R., et al. (2024). International Non-native Insect Establishment Data (0.2.1) [Data set]. Zenodo.;2024
Hofmannophila pseudospretella;Oecophoridae;Poland;Europe;Palearctic;;0;Lopez-Vaamonde, C., et al. (2010). Lepidoptera. Chapter 11. BioRisk. 4: 603-668;2010
Hofmannophila pseudospretella;Oecophoridae;Portugal;Europe;Palearctic;;0;Lopez-Vaamonde, C., et al. (2010). Lepidoptera. Chapter 11. BioRisk. 4: 603-668;2010
Hofmannophila pseudospretella;Oecophoridae;Romania;Europe;Palearctic;;0;Lopez-Vaamonde, C., et al. (2010). Lepidoptera. Chapter 11. BioRisk. 4: 603-668;2010
Hofmannophila pseudospretella;Oecophoridae;Slovakia;Europe;Palearctic;;0;Lopez-Vaamonde, C., et al. (2010). Lepidoptera. Chapter 11. BioRisk. 4: 603-668;2010
Hofmannophila pseudospretella;Oecophoridae;Sweden;Europe;Palearctic;;0;Invasive Species Specialist Group ISSG (2020). Global Register of Introduced and Invasive Species GRIIS. Available at: https://griis.org;2020
Hofmannophila pseudospretella;Oecophoridae;United States;North America;Nearctic;;0;Simpson, A., et al. (2022). United States Register of Introduced and Invasive Species (US-RIIS) (ver. 2.0, November 2022): U.S. Geological Survey data release. Available at: https://www.sciencebase.gov/catalog/item/62d59ae5d34e87fffb2dda99;2022
Hofmannophila pseudospretella;Oecophoridae;Alaska;North America;Nearctic;;0;Simpson, A., et al. (2022). United States Register of Introduced and Invasive Species (US-RIIS) (ver. 2.0, November 2022): U.S. Geological Survey data release. Available at: https://www.sciencebase.gov/catalog/item/62d59ae5d34e87fffb2dda99;2022
Hofmannophila pseudospretella;Oecophoridae;Hawaii;Oceania;Nearctic;1976;0;Turner, R., et al. (2024). International Non-native Insect Establishment Data (0.2.1) [Data set]. Zenodo.;2024
Homadaula anisocentra;Galacticidae;United States;North America;Nearctic;1940;0;Simpson, A., et al. (2022). United States Register of Introduced and Invasive Species (US-RIIS) (ver. 2.0, November 2022): U.S. Geological Survey data release. Available at: https://www.sciencebase.gov/catalog/item/62d59ae5d34e87fffb2dda99;2022
Homoeographa lanceolella;Pyralidae;Chile;South America;Neotropical;2012;;Turner, R., et al. (2024). International Non-native Insect Establishment Data (0.2.1) [Data set]. Zenodo.;2024
Homoeosoma stenotea;Pyralidae;Australia;Australia;Australian;;1;Ramadan, M., et al. (2023). Insect and weed biological control in Hawaii: Recent case studies and trends. Biological Control. 179: 105170;2023
Hyblaea puera;Hyblaeidae;Brazil;South America;Neotropical;1997;0;Freires, J., et al.. (2023). Estimation of the extent of defoliation in Avicennia L. (Acanthaceae) caused by caterpillars of Hyblaea puera (Cramer, 1777) in a tropical mangrove. Regional Studies in Marine Science. 68: 103240;2023
Hyblaea puera;Hyblaeidae;Costa Rica;North America;Panamanian;;;Invasive Species Specialist Group ISSG (2020). Global Register of Introduced and Invasive Species GRIIS. Available at: https://griis.org;2020
Hyblaea puera;Hyblaeidae;Mexico;North America;Nearctic;;;Invasive Species Specialist Group ISSG (2020). Global Register of Introduced and Invasive Species GRIIS. Available at: https://griis.org;2020
Hyblaea puera;Hyblaeidae;United States;North America;Nearctic;1925;0;Simpson, A., et al. (2022). United States Register of Introduced and Invasive Species (US-RIIS) (ver. 2.0, November 2022): U.S. Geological Survey data release. Available at: https://www.sciencebase.gov/catalog/item/62d59ae5d34e87fffb2dda99;2022
Hydraecia micacea;Noctuidae;Canada;North America;Nearctic;1900;0;Weihrauch, F. (2020). Rosy rustic moth as a hop pest in the Hallertau: History and current situation. Mitteilungen der Deutschen Gesellschaft fur Allgemeine und Angewandte Entomologie. 22: 125-128;2020
Hydraecia micacea;Noctuidae;United States;North America;Nearctic;1902;0;Simpson, A., et al. (2022). United States Register of Introduced and Invasive Species (US-RIIS) (ver. 2.0, November 2022): U.S. Geological Survey data release. Available at: https://www.sciencebase.gov/catalog/item/62d59ae5d34e87fffb2dda99;2022
Hylephila phyleus;Hesperiidae;Hawaii;Oceania;Nearctic;1970;0;Turner, R., et al. (2024). International Non-native Insect Establishment Data (0.2.1) [Data set]. Zenodo.;2024
Hyles euphorbiae;Sphingidae;Canada;North America;Nearctic;;;Invasive Species Specialist Group ISSG (2020). Global Register of Introduced and Invasive Species GRIIS. Available at: https://griis.org;2020
Hyles euphorbiae;Sphingidae;United States;North America;Nearctic;;0;Simpson, A., et al. (2022). United States Register of Introduced and Invasive Species (US-RIIS) (ver. 2.0, November 2022): U.S. Geological Survey data release. Available at: https://www.sciencebase.gov/catalog/item/62d59ae5d34e87fffb2dda99;2022
Hyles lineata;Sphingidae;Australia;Australia;Australian;;;Mally, R., et al. (2022), Moths and butterflies on alien shores - global biogeography of non-native Lepidoptera. Dryad, Dataset. Available at: https://doi.org/10.5061/dryad.31zcrjdnw;2022
Hymenia perspectalis;Crambidae;Galapagos;South America;Neotropical;1906;;Turner, R., et al. (2024). International Non-native Insect Establishment Data (0.2.1) [Data set]. Zenodo.;2024
Hypena commixtalis;Erebidae;Hawaii;Oceania;Nearctic;;1;Turner, R., et al. (2024). International Non-native Insect Establishment Data (0.2.1) [Data set]. Zenodo.;2024
Hypena jussalis;Erebidae;Hawaii;Oceania;Nearctic;1957;1;Turner, R., et al. (2024). International Non-native Insect Establishment Data (0.2.1) [Data set]. Zenodo.;2024
Hypena strigatus;Erebidae;Hawaii;Oceania;Nearctic;1954;1;Turner, R., et al. (2024). International Non-native Insect Establishment Data (0.2.1) [Data set]. Zenodo.;2024
Hypena subidalis;Erebidae;United States;North America;Nearctic;1985;0;Simpson, A., et al. (2022). United States Register of Introduced and Invasive Species (US-RIIS) (ver. 2.0, November 2022): U.S. Geological Survey data release. Available at: https://www.sciencebase.gov/catalog/item/62d59ae5d34e87fffb2dda99;2022
Hyphantria cunea;Erebidae;Albania;Europe;Palearctic;;0;Roy, D., et al. (2020). DAISIE - Delivering Alien Invasive Species Inventories for Europe. Available at: http://www.europe-aliens.org/;2020
Hyphantria cunea;Erebidae;Austria;Europe;Palearctic;1951;0;CAB International (CABI) (2024). CABI Invasive Species Compendium. Available at: https://www.cabidigitallibrary.org/product/QI;2024
Hyphantria cunea;Erebidae;Azerbaijan;Asia;Palearctic;1984;;European and Mediterranean Plant Protection Organization (EPPO) (2024). EPPO Global Database. Available at: https://gd.eppo.int;2024
Hyphantria cunea;Erebidae;Bulgaria;Europe;Palearctic;1962;0;CAB International (CABI) (2024). CABI Invasive Species Compendium. Available at: https://www.cabidigitallibrary.org/product/QI;2024
Hyphantria cunea;Erebidae;Bosnia and Herzegovina;Europe;Palearctic;;0;CAB International (CABI) (2024). CABI Invasive Species Compendium. Available at: https://www.cabidigitallibrary.org/product/QI;2024
Hyphantria cunea;Erebidae;Switzerland;Europe;Palearctic;1991;0;European and Mediterranean Plant Protection Organization (EPPO) (2024). EPPO Global Database. Available at: https://gd.eppo.int;2024
Hyphantria cunea;Erebidae;China;Asia;Palearctic;1979;0;CAB International (CABI) (2024). CABI Invasive Species Compendium. Available at: https://www.cabidigitallibrary.org/product/QI;2024
Hyphantria cunea;Erebidae;China;Asia;Sino-Japanese;1982;0;European and Mediterranean Plant Protection Organization (EPPO) (2024). EPPO Global Database. Available at: https://gd.eppo.int;2024
Hyphantria cunea;Erebidae;Czechia;Europe;Palearctic;1951;0;CAB International (CABI) (2024). CABI Invasive Species Compendium. Available at: https://www.cabidigitallibrary.org/product/QI;2024
Hyphantria cunea;Erebidae;Germany;Europe;Palearctic;;0;European and Mediterranean Plant Protection Organization (EPPO) (2024). EPPO Global Database. Available at: https://gd.eppo.int;2024
Hyphantria cunea;Erebidae;Denmark;Europe;Palearctic;;0;CAB International (CABI) (2024). CABI Invasive Species Compendium. Available at: https://www.cabidigitallibrary.org/product/QI;2024
Hyphantria cunea;Erebidae;Spain;Europe;Palearctic;;;CAB International (CABI) (2024). CABI Invasive Species Compendium. Available at: https://www.cabidigitallibrary.org/product/QI;2024
Hyphantria cunea;Erebidae;Estonia;Europe;Palearctic;1981;0;CAB International (CABI) (2024). CABI Invasive Species Compendium. Available at: https://www.cabidigitallibrary.org/product/QI;2024
Hyphantria cunea;Erebidae;France;Europe;Palearctic;1977;0;CAB International (CABI) (2024). CABI Invasive Species Compendium. Available at: https://www.cabidigitallibrary.org/product/QI;2024
Hyphantria cunea;Erebidae;United Kingdom;Europe;Palearctic;;0;Roy, D., et al. (2020). DAISIE - Delivering Alien Invasive Species Inventories for Europe. Available at: http://www.europe-aliens.org/;2020
Hyphantria cunea;Erebidae;Georgia;Asia;Palearctic;;0;CAB International (CABI) (2024). CABI Invasive Species Compendium. Available at: https://www.cabidigitallibrary.org/product/QI;2024
Hyphantria cunea;Erebidae;Greece;Europe;Palearctic;1940;0;CAB International (CABI) (2024). CABI Invasive Species Compendium. Available at: https://www.cabidigitallibrary.org/product/QI;2024
Hyphantria cunea;Erebidae;Croatia;Europe;Palearctic;;0;CAB International (CABI) (2024). CABI Invasive Species Compendium. Available at: https://www.cabidigitallibrary.org/product/QI;2024
Hyphantria cunea;Erebidae;Hungary;Europe;Palearctic;1940;0;European and Mediterranean Plant Protection Organization (EPPO) (2024). EPPO Global Database. Available at: https://gd.eppo.int;2024
Hyphantria cunea;Erebidae;Iran;Asia;Saharo-Arabian;2002;0;CAB International (CABI) (2024). CABI Invasive Species Compendium. Available at: https://www.cabidigitallibrary.org/product/QI;2024
Hyphantria cunea;Erebidae;Italy;Europe;Palearctic;1975;0;European and Mediterranean Plant Protection Organization (EPPO) (2024). EPPO Global Database. Available at: https://gd.eppo.int;2024
Hyphantria cunea;Erebidae;Japan;Asia;Oriental;1994;0;Turner, R., et al. (2024). International Non-native Insect Establishment Data (0.2.1) [Data set]. Zenodo.;2024
Hyphantria cunea;Erebidae;Japan;Asia;Sino-Japanese;1945;0;CAB International (CABI) (2024). CABI Invasive Species Compendium. Available at: https://www.cabidigitallibrary.org/product/QI;2024
Hyphantria cunea;Erebidae;Kazakhstan;Asia;Palearctic;;0;CAB International (CABI) (2024). CABI Invasive Species Compendium. Available at: https://www.cabidigitallibrary.org/product/QI;2024
Hyphantria cunea;Erebidae;Kyrgyzstan;Asia;Palearctic;;0;CAB International (CABI) (2024). CABI Invasive Species Compendium. Available at: https://www.cabidigitallibrary.org/product/QI;2024
Hyphantria cunea;Erebidae;South Korea;Asia;Palearctic;1957;0;CAB International (CABI) (2024). CABI Invasive Species Compendium. Available at: https://www.cabidigitallibrary.org/product/QI;2024
Hyphantria cunea;Erebidae;Lithuania;Europe;Palearctic;;0;CAB International (CABI) (2024). CABI Invasive Species Compendium. Available at: https://www.cabidigitallibrary.org/product/QI;2024
Hyphantria cunea;Erebidae;Luxembourg;Europe;Palearctic;;;Invasive Species Specialist Group ISSG (2020). Global Register of Introduced and Invasive Species GRIIS. Available at: https://griis.org;2020
Hyphantria cunea;Erebidae;Moldova;Europe;Palearctic;;0;European and Mediterranean Plant Protection Organization (EPPO) (2024). EPPO Global Database. Available at: https://gd.eppo.int;2024
Hyphantria cunea;Erebidae;North Macedonia;Europe;Palearctic;1980;0;CAB International (CABI) (2024). CABI Invasive Species Compendium. Available at: https://www.cabidigitallibrary.org/product/QI;2024
Hyphantria cunea;Erebidae;Montenegro;Europe;Palearctic;1962;0;CAB International (CABI) (2024). CABI Invasive Species Compendium. Available at: https://www.cabidigitallibrary.org/product/QI;2024
Hyphantria cunea;Erebidae;Mongolia;Asia;Palearctic;;;Invasive Species Specialist Group ISSG (2020). Global Register of Introduced and Invasive Species GRIIS. Available at: https://griis.org;2020
Hyphantria cunea;Erebidae;New Zealand;Oceania;Australian;2003;0;Turner, R., et al. (2024). International Non-native Insect Establishment Data (0.2.1) [Data set]. Zenodo.;2024
Hyphantria cunea;Erebidae;Poland;Europe;Palearctic;1962;0;CAB International (CABI) (2024). CABI Invasive Species Compendium. Available at: https://www.cabidigitallibrary.org/product/QI;2024
Hyphantria cunea;Erebidae;North Korea;Asia;Palearctic;;0;CAB International (CABI) (2024). CABI Invasive Species Compendium. Available at: https://www.cabidigitallibrary.org/product/QI;2024
Hyphantria cunea;Erebidae;Romania;Europe;Palearctic;1940;0;CAB International (CABI) (2024). CABI Invasive Species Compendium. Available at: https://www.cabidigitallibrary.org/product/QI;2024
Hyphantria cunea;Erebidae;Russia Europe;Europe;Palearctic;;0;CAB International (CABI) (2024). CABI Invasive Species Compendium. Available at: https://www.cabidigitallibrary.org/product/QI;2024
Hyphantria cunea;Erebidae;Russia Asia;Asia;Palearctic;1962;0;CAB International (CABI) (2024). CABI Invasive Species Compendium. Available at: https://www.cabidigitallibrary.org/product/QI;2024
Hyphantria cunea;Erebidae;Serbia;Europe;Palearctic;1948;0;CAB International (CABI) (2024). CABI Invasive Species Compendium. Available at: https://www.cabidigitallibrary.org/product/QI;2024
Hyphantria cunea;Erebidae;Slovakia;Europe;Palearctic;1951;0;CAB International (CABI) (2024). CABI Invasive Species Compendium. Available at: https://www.cabidigitallibrary.org/product/QI;2024
Hyphantria cunea;Erebidae;Slovenia;Europe;Palearctic;;0;CAB International (CABI) (2024). CABI Invasive Species Compendium. Available at: https://www.cabidigitallibrary.org/product/QI;2024
Hyphantria cunea;Erebidae;Sweden;Europe;Palearctic;;;Invasive Species Specialist Group ISSG (2020). Global Register of Introduced and Invasive Species GRIIS. Available at: https://griis.org;2020
Hyphantria cunea;Erebidae;Tunisia;Africa;Saharo-Arabian;;0;European and Mediterranean Plant Protection Organization (EPPO) (1978). Official List of Dangerous Pests to Tunisia. EPPO Reporting Service. 01 - 1978: 1978/05;1978
Hyphantria cunea;Erebidae;Turkey;Asia;Palearctic;1975;0;CAB International (CABI) (2024). CABI Invasive Species Compendium. Available at: https://www.cabidigitallibrary.org/product/QI;2024
Hyphantria cunea;Erebidae;Ukraine;Europe;Palearctic;;0;European and Mediterranean Plant Protection Organization (EPPO) (2024). EPPO Global Database. Available at: https://gd.eppo.int;2024
Hypolimnas misippus;Nymphalidae;Costa Rica;North America;Panamanian;;;Invasive Species Specialist Group ISSG (2020). Global Register of Introduced and Invasive Species GRIIS. Available at: https://griis.org;2020
Hypolimnas misippus;Nymphalidae;Venezuela;South America;Neotropical;;0;Pullaiah, T., Ielmini, M.R. (Eds.) (2021). Invasive Alien Species: Observations and Issues from Around the World. Volume 4: Issues and Invasions in the Americas and the Caribbean. Wiley. 384pp.;2021
Hypsipyla grandella;Pyralidae;Ecuador;South America;Neotropical;1960;;CAB International (CABI) (2024). CABI Invasive Species Compendium. Available at: https://www.cabidigitallibrary.org/product/QI;2024
Hypsipyla grandella;Pyralidae;Galapagos;South America;Neotropical;1960;;Turner, R., et al. (2024). International Non-native Insect Establishment Data (0.2.1) [Data set]. Zenodo.;2024
Hypsopygia costalis;Pyralidae;Ireland;Europe;Palearctic;;;Invasive Species Specialist Group ISSG (2020). Global Register of Introduced and Invasive Species GRIIS. Available at: https://griis.org;2020
Idaea inquinata;Geometridae;Denmark;Europe;Palearctic;;0;Invasive Species Specialist Group ISSG (2020). Global Register of Introduced and Invasive Species GRIIS. Available at: https://griis.org;2020
Idaea inquinata;Geometridae;Finland;Europe;Palearctic;;0;Lopez-Vaamonde, C., et al. (2010). Lepidoptera. Chapter 11. BioRisk. 4: 603-668;2010
Idaea inquinata;Geometridae;Latvia;Europe;Palearctic;;0;Lopez-Vaamonde, C., et al. (2010). Lepidoptera. Chapter 11. BioRisk. 4: 603-668;2010
Idaea inquinata;Geometridae;Netherlands;Europe;Palearctic;;0;Lopez-Vaamonde, C., et al. (2010). Lepidoptera. Chapter 11. BioRisk. 4: 603-668;2010
Idaea inquinata;Geometridae;Sweden;Europe;Palearctic;;0;Invasive Species Specialist Group ISSG (2020). Global Register of Introduced and Invasive Species GRIIS. Available at: https://griis.org;2020
Imma mylias;Immidae;Hawaii;Oceania;Nearctic;1975;0;Turner, R., et al. (2024). International Non-native Insect Establishment Data (0.2.1) [Data set]. Zenodo.;2024
Incurvaria rubiella;Incurvariidae;United States;North America;Nearctic;1936;0;Simpson, A., et al. (2022). United States Register of Introduced and Invasive Species (US-RIIS) (ver. 2.0, November 2022): U.S. Geological Survey data release. Available at: https://www.sciencebase.gov/catalog/item/62d59ae5d34e87fffb2dda99;2022
Iphiclides podalirius;Papilionidae;Denmark;Europe;Palearctic;;;Invasive Species Specialist Group ISSG (2020). Global Register of Introduced and Invasive Species GRIIS. Available at: https://griis.org;2020
Iridopsis fragilaria;Geometridae;Hawaii;Oceania;Nearctic;1944;0;Turner, R., et al. (2024). International Non-native Insect Establishment Data (0.2.1) [Data set]. Zenodo.;2024
Ischyja manlia;Erebidae;Australia;Australia;Australian;;;Mally, R., et al. (2022), Moths and butterflies on alien shores - global biogeography of non-native Lepidoptera. Dryad, Dataset. Available at: https://doi.org/10.5061/dryad.31zcrjdnw;2022
Isotenes miserana;Tortricidae;New Zealand;Oceania;Australian;2007;;Turner, R., et al. (2024). International Non-native Insect Establishment Data (0.2.1) [Data set]. Zenodo.;2024
Ithome lassula;Cosmopterigidae;Australia;Australia;Australian;;0;Mally, R., et al. (2022), Moths and butterflies on alien shores - global biogeography of non-native Lepidoptera. Dryad, Dataset. Available at: https://doi.org/10.5061/dryad.31zcrjdnw;2022
Ithome lassula;Cosmopterigidae;Hawaii;Oceania;Nearctic;1986;0;Turner, R., et al. (2024). International Non-native Insect Establishment Data (0.2.1) [Data set]. Zenodo.;2024
Keiferia lycopersicella;Gelechiidae;United States;North America;Nearctic;1923;0;European and Mediterranean Plant Protection Organization (EPPO) (2024). EPPO Global Database. Available at: https://gd.eppo.int;2024
Keiferia lycopersicella;Gelechiidae;Hawaii;Oceania;Nearctic;1927;0;European and Mediterranean Plant Protection Organization (EPPO) (2024). EPPO Global Database. Available at: https://gd.eppo.int;2024
Ladoga camilla;Nymphalidae;New Zealand;Oceania;Australian;2014;1;Turner, R., et al. (2024). International Non-native Insect Establishment Data (0.2.1) [Data set]. Zenodo.;2024
Lampides boeticus;Lycaenidae;Denmark;Europe;Palearctic;;;European and Mediterranean Plant Protection Organization (EPPO) (2024). EPPO Global Database. Available at: https://gd.eppo.int;2024
Lamprosema chagosalis;Crambidae;United States;North America;Nearctic;2014;0;Simpson, A., et al. (2022). United States Register of Introduced and Invasive Species (US-RIIS) (ver. 2.0, November 2022): U.S. Geological Survey data release. Available at: https://www.sciencebase.gov/catalog/item/62d59ae5d34e87fffb2dda99;2022
Lantanophaga pusillidactylus;Pterophoridae;Australia;Australia;Australian;;;Mally, R., et al. (2022), Moths and butterflies on alien shores - global biogeography of non-native Lepidoptera. Dryad, Dataset. Available at: https://doi.org/10.5061/dryad.31zcrjdnw;2022
Lantanophaga pusillidactylus;Pterophoridae;Cabo Verde;Africa;Afrotropical;;0;Bella, S., Aguiar, A. (2020). Non-native insect pests from the Madeira Archipelago (Portugal): new records and further data (Insecta: Orthoptera, Hymenoptera). Fragmenta entomologica. 52 (2): 369-376;2020
Lantanophaga pusillidactylus;Pterophoridae;Galapagos;South America;Neotropical;1923;;Turner, R., et al. (2024). International Non-native Insect Establishment Data (0.2.1) [Data set]. Zenodo.;2024
Lantanophaga pusillidactylus;Pterophoridae;Spain;Europe;Palearctic;1997;0;Bella, S., Aguiar, A. (2020). Non-native insect pests from the Madeira Archipelago (Portugal): new records and further data (Insecta: Orthoptera, Hymenoptera). Fragmenta entomologica. 52 (2): 369-376;2020
Lantanophaga pusillidactylus;Pterophoridae;Israel;Asia;Saharo-Arabian;1995;0;Roy, D., et al. (2020). DAISIE - Delivering Alien Invasive Species Inventories for Europe. Available at: http://www.europe-aliens.org/;2020
Lantanophaga pusillidactylus;Pterophoridae;Italy;Europe;Palearctic;;0;Bella, S., Aguiar, A. (2020). Non-native insect pests from the Madeira Archipelago (Portugal): new records and further data (Insecta: Orthoptera, Hymenoptera). Fragmenta entomologica. 52 (2): 369-376;2020
Lantanophaga pusillidactylus;Pterophoridae;Sicily and Sardinia;Europe;Palearctic;2007;;Roy, D., et al. (2020). DAISIE - Delivering Alien Invasive Species Inventories for Europe. Available at: http://www.europe-aliens.org/;2020
Lantanophaga pusillidactylus;Pterophoridae;Morocco;Africa;Saharo-Arabian;;0;Bella, S., Aguiar, A. (2020). Non-native insect pests from the Madeira Archipelago (Portugal): new records and further data (Insecta: Orthoptera, Hymenoptera). Fragmenta entomologica. 52 (2): 369-376;2020
Lantanophaga pusillidactylus;Pterophoridae;Malta;Europe;Saharo-Arabian;;0;Bella, S., Aguiar, A. (2020). Non-native insect pests from the Madeira Archipelago (Portugal): new records and further data (Insecta: Orthoptera, Hymenoptera). Fragmenta entomologica. 52 (2): 369-376;2020
Lantanophaga pusillidactylus;Pterophoridae;New Zealand;Oceania;Australian;1982;;Turner, R., et al. (2024). International Non-native Insect Establishment Data (0.2.1) [Data set]. Zenodo.;2024
Lantanophaga pusillidactylus;Pterophoridae;Portugal;Europe;Palearctic;1996;0;Bella, S., Aguiar, A. (2020). Non-native insect pests from the Madeira Archipelago (Portugal): new records and further data (Insecta: Orthoptera, Hymenoptera). Fragmenta entomologica. 52 (2): 369-376;2020
Lantanophaga pusillidactylus;Pterophoridae;Hawaii;Oceania;Nearctic;1902;1;Turner, R., et al. (2024). International Non-native Insect Establishment Data (0.2.1) [Data set]. Zenodo.;2024
Lantanophaga pusillidactylus;Pterophoridae;South Africa;Africa;Afrotropical;;1;Turner, R., et al. (2024). International Non-native Insect Establishment Data (0.2.1) [Data set]. Zenodo.;2024
Lateroligia ophiogramma;Noctuidae;United States;North America;Nearctic;1989;1;Simpson, A., et al. (2022). United States Register of Introduced and Invasive Species (US-RIIS) (ver. 2.0, November 2022): U.S. Geological Survey data release. Available at: https://www.sciencebase.gov/catalog/item/62d59ae5d34e87fffb2dda99;2022
Lecithocera micromela;Lecithoceridae;New Zealand;Oceania;Australian;;;Turner, R., et al. (2024). International Non-native Insect Establishment Data (0.2.1) [Data set]. Zenodo.;2024
Lepidoscia heliochares;Psychidae;New Zealand;Oceania;Australian;1974;;Turner, R., et al. (2024). International Non-native Insect Establishment Data (0.2.1) [Data set]. Zenodo.;2024
Lepidoscia protorna;Psychidae;New Zealand;Oceania;Australian;1978;;Turner, R., et al. (2024). International Non-native Insect Establishment Data (0.2.1) [Data set]. Zenodo.;2024
Leptocroca sanguinolenta;Oecophoridae;New Zealand;Oceania;Australian;1991;0;Turner, R., et al. (2024). International Non-native Insect Establishment Data (0.2.1) [Data set]. Zenodo.;2024
Leptosia nina;Pieridae;Japan;Asia;Oriental;1988;0;Turner, R., et al. (2024). International Non-native Insect Establishment Data (0.2.1) [Data set]. Zenodo.;2024
Leptosia nina;Pieridae;Japan;Asia;Sino-Japanese;;0;National Institute for Environmental Studies - Japan (2024). Invasive Species of Japan: Lepidopterans (provisional list);2024
Leucania comma;Noctuidae;United States;North America;Nearctic;1959;0;Simpson, A., et al. (2022). United States Register of Introduced and Invasive Species (US-RIIS) (ver. 2.0, November 2022): U.S. Geological Survey data release. Available at: https://www.sciencebase.gov/catalog/item/62d59ae5d34e87fffb2dda99;2022
Leucania inconspicua;Noctuidae;United States;North America;Nearctic;1984;0;Simpson, A., et al. (2022). United States Register of Introduced and Invasive Species (US-RIIS) (ver. 2.0, November 2022): U.S. Geological Survey data release. Available at: https://www.sciencebase.gov/catalog/item/62d59ae5d34e87fffb2dda99;2022
Leucania lobrega;Noctuidae;United States;North America;Nearctic;;0;Simpson, A., et al. (2022). United States Register of Introduced and Invasive Species (US-RIIS) (ver. 2.0, November 2022): U.S. Geological Survey data release. Available at: https://www.sciencebase.gov/catalog/item/62d59ae5d34e87fffb2dda99;2022
Leucania loreyi;Noctuidae;Australia;Australia;Australian;;;Mally, R., et al. (2022), Moths and butterflies on alien shores - global biogeography of non-native Lepidoptera. Dryad, Dataset. Available at: https://doi.org/10.5061/dryad.31zcrjdnw;2022
Leucania scottii;Noctuidae;Hawaii;Oceania;Nearctic;1956;0;Turner, R., et al. (2024). International Non-native Insect Establishment Data (0.2.1) [Data set]. Zenodo.;2024
Leucania stenographa;Noctuidae;Australia;Australia;Australian;;;Mally, R., et al. (2022), Moths and butterflies on alien shores - global biogeography of non-native Lepidoptera. Dryad, Dataset. Available at: https://doi.org/10.5061/dryad.31zcrjdnw;2022
Leucania stenographa;Noctuidae;New Zealand;Oceania;Australian;;;Turner, R., et al. (2024). International Non-native Insect Establishment Data (0.2.1) [Data set]. Zenodo.;2024
Leucania stenographa;Noctuidae;Hawaii;Oceania;Nearctic;1974;0;Turner, R., et al. (2024). International Non-native Insect Establishment Data (0.2.1) [Data set]. Zenodo.;2024
Leucania striata;Noctuidae;Hawaii;Oceania;Nearctic;1969;0;Turner, R., et al. (2024). International Non-native Insect Establishment Data (0.2.1) [Data set]. Zenodo.;2024
Leucinodes orbonalis;Crambidae;Belgium;Europe;Palearctic;;0;Roy, D., et al. (2020). DAISIE - Delivering Alien Invasive Species Inventories for Europe. Available at: http://www.europe-aliens.org/;2020
Leucinodes orbonalis;Crambidae;United Kingdom;Europe;Palearctic;;0;Mally, R., et al. (2015). Discovery of an unknown diversity of Leucinodes species damaging Solanaceae fruits in sub-Saharan Africa and moving in trade (Insecta, Lepidoptera, Pyraloidea). ZooKeys. 472: 117-162;2015
Leucinodes orbonalis;Crambidae;United States;North America;Nearctic;;0;Mally, R., et al. (2015). Discovery of an unknown diversity of Leucinodes species damaging Solanaceae fruits in sub-Saharan Africa and moving in trade (Insecta, Lepidoptera, Pyraloidea). ZooKeys. 472: 117-162;2015
Leuciris fimbriaria;Geometridae;Australia;Australia;Australian;2001;1;Heard, T., et al. (2010). Biology, host specificity, release and establishment of Macaria pallidata and Leuciris fimbriaria (Lepidoptera: Geometridae), biological control agents of the weed Mimosa pigra. Biological Control. 55: 248-255;2010
Leucoma salicis;Erebidae;Canada;North America;Nearctic;1920;0;Wallner, W. (1989). Overview of Pest Lymantriidae of North America. Proceedings: Lymantriidae: a Comparison of Features of New and Old World Tussock Moths. 65-80;1989
Leucoma salicis;Erebidae;United States;North America;Nearctic;1918;0;Simpson, A., et al. (2022). United States Register of Introduced and Invasive Species (US-RIIS) (ver. 2.0, November 2022): U.S. Geological Survey data release. Available at: https://www.sciencebase.gov/catalog/item/62d59ae5d34e87fffb2dda99;2022
Leucoptera coffeella;Lyonetiidae;Antigua and Barbuda;North America;Panamanian;;0;European and Mediterranean Plant Protection Organization (EPPO) (2024). EPPO Global Database. Available at: https://gd.eppo.int;2024
Leucoptera coffeella;Lyonetiidae;Bolivia;South America;Neotropical;;0;European and Mediterranean Plant Protection Organization (EPPO) (2024). EPPO Global Database. Available at: https://gd.eppo.int;2024
Leucoptera coffeella;Lyonetiidae;Brazil;South America;Neotropical;;0;European and Mediterranean Plant Protection Organization (EPPO) (2024). EPPO Global Database. Available at: https://gd.eppo.int;2024
Leucoptera coffeella;Lyonetiidae;Barbados;North America;Panamanian;;0;Dantas, J., et al. (2021). A comprehensive review of the coffee leaf miner Leucoptera coffeella (Lepidoptera: Lyonetiidae) - A major pest for the coffee crop in Brazil and others Neotropical countries. Insects. 12(12): 1130;2021
Leucoptera coffeella;Lyonetiidae;Colombia;South America;Neotropical;;0;European and Mediterranean Plant Protection Organization (EPPO) (2024). EPPO Global Database. Available at: https://gd.eppo.int;2024
Leucoptera coffeella;Lyonetiidae;Costa Rica;North America;Panamanian;;0;European and Mediterranean Plant Protection Organization (EPPO) (2024). EPPO Global Database. Available at: https://gd.eppo.int;2024
Leucoptera coffeella;Lyonetiidae;Cuba;North America;Panamanian;;0;European and Mediterranean Plant Protection Organization (EPPO) (2024). EPPO Global Database. Available at: https://gd.eppo.int;2024
Leucoptera coffeella;Lyonetiidae;Dominica;North America;Panamanian;;0;European and Mediterranean Plant Protection Organization (EPPO) (2024). EPPO Global Database. Available at: https://gd.eppo.int;2024
Leucoptera coffeella;Lyonetiidae;Dominican Republic;North America;Panamanian;;0;European and Mediterranean Plant Protection Organization (EPPO) (2024). EPPO Global Database. Available at: https://gd.eppo.int;2024
Leucoptera coffeella;Lyonetiidae;Ecuador;South America;Neotropical;;0;European and Mediterranean Plant Protection Organization (EPPO) (2024). EPPO Global Database. Available at: https://gd.eppo.int;2024
Leucoptera coffeella;Lyonetiidae;French North American Islands;North America;Panamanian;;0;European and Mediterranean Plant Protection Organization (EPPO) (2024). EPPO Global Database. Available at: https://gd.eppo.int;2024
Leucoptera coffeella;Lyonetiidae;French Guiana;South America;Neotropical;;0;European and Mediterranean Plant Protection Organization (EPPO) (2024). EPPO Global Database. Available at: https://gd.eppo.int;2024
Leucoptera coffeella;Lyonetiidae;British North American Islands;North America;Panamanian;;0;European and Mediterranean Plant Protection Organization (EPPO) (2024). EPPO Global Database. Available at: https://gd.eppo.int;2024
Leucoptera coffeella;Lyonetiidae;Grenada;North America;Neotropical;;0;European and Mediterranean Plant Protection Organization (EPPO) (2024). EPPO Global Database. Available at: https://gd.eppo.int;2024
Leucoptera coffeella;Lyonetiidae;Guatemala;North America;Panamanian;;0;European and Mediterranean Plant Protection Organization (EPPO) (2024). EPPO Global Database. Available at: https://gd.eppo.int;2024
Leucoptera coffeella;Lyonetiidae;Guyana;South America;Neotropical;;0;European and Mediterranean Plant Protection Organization (EPPO) (2024). EPPO Global Database. Available at: https://gd.eppo.int;2024
Leucoptera coffeella;Lyonetiidae;Honduras;North America;Panamanian;;0;European and Mediterranean Plant Protection Organization (EPPO) (2024). EPPO Global Database. Available at: https://gd.eppo.int;2024
Leucoptera coffeella;Lyonetiidae;Jamaica;North America;Panamanian;;0;European and Mediterranean Plant Protection Organization (EPPO) (2024). EPPO Global Database. Available at: https://gd.eppo.int;2024
Leucoptera coffeella;Lyonetiidae;Saint Lucia;North America;Neotropical;;0;European and Mediterranean Plant Protection Organization (EPPO) (2024). EPPO Global Database. Available at: https://gd.eppo.int;2024
Leucoptera coffeella;Lyonetiidae;Mexico;North America;Nearctic;;0;European and Mediterranean Plant Protection Organization (EPPO) (2024). EPPO Global Database. Available at: https://gd.eppo.int;2024
Leucoptera coffeella;Lyonetiidae;Nicaragua;North America;Panamanian;;0;European and Mediterranean Plant Protection Organization (EPPO) (2024). EPPO Global Database. Available at: https://gd.eppo.int;2024
Leucoptera coffeella;Lyonetiidae;Peru;South America;Neotropical;;0;European and Mediterranean Plant Protection Organization (EPPO) (2024). EPPO Global Database. Available at: https://gd.eppo.int;2024
Leucoptera coffeella;Lyonetiidae;El Salvador;North America;Panamanian;;0;European and Mediterranean Plant Protection Organization (EPPO) (2024). EPPO Global Database. Available at: https://gd.eppo.int;2024
Leucoptera coffeella;Lyonetiidae;Suriname;South America;Neotropical;;0;European and Mediterranean Plant Protection Organization (EPPO) (2024). EPPO Global Database. Available at: https://gd.eppo.int;2024
Leucoptera coffeella;Lyonetiidae;Trinidad and Tobago;South America;Neotropical;;0;European and Mediterranean Plant Protection Organization (EPPO) (2024). EPPO Global Database. Available at: https://gd.eppo.int;2024
Leucoptera coffeella;Lyonetiidae;US North American Islands;North America;Panamanian;;0;European and Mediterranean Plant Protection Organization (EPPO) (2024). EPPO Global Database. Available at: https://gd.eppo.int;2024
Leucoptera coffeella;Lyonetiidae;Saint Vincent and the Grenadines;North America;Neotropical;;0;European and Mediterranean Plant Protection Organization (EPPO) (2024). EPPO Global Database. Available at: https://gd.eppo.int;2024
Leucoptera coffeella;Lyonetiidae;Venezuela;South America;Neotropical;;0;European and Mediterranean Plant Protection Organization (EPPO) (2024). EPPO Global Database. Available at: https://gd.eppo.int;2024
Leucoptera malifoliella;Lyonetiidae;Ireland;Europe;Palearctic;;;European and Mediterranean Plant Protection Organization (EPPO) (2024). EPPO Global Database. Available at: https://gd.eppo.int;2024
Leucoptera malifoliella;Lyonetiidae;Madeira;Africa;Palearctic;;0;European and Mediterranean Plant Protection Organization (EPPO) (2024). EPPO Global Database. Available at: https://gd.eppo.int;2024
Leucoptera malifoliella;Lyonetiidae;United States;North America;Nearctic;;0;Simpson, A., et al. (2022). United States Register of Introduced and Invasive Species (US-RIIS) (ver. 2.0, November 2022): U.S. Geological Survey data release. Available at: https://www.sciencebase.gov/catalog/item/62d59ae5d34e87fffb2dda99;2022
Leucoptera sinuella;Lyonetiidae;Argentina;South America;Neotropical;;0;Canete-Salinas, P., et al. (2024). Use of satellite images to monitor Leucoptera sinuella leaf damage in poplar plantations in central Chile. New Forests. 1-14;2024
Leucoptera sinuella;Lyonetiidae;Chile;South America;Neotropical;2015;0;Turner, R., et al. (2024). International Non-native Insect Establishment Data (0.2.1) [Data set]. Zenodo.;2024
Leucoptera spartifoliella;Lyonetiidae;Australia;Australia;Australian;;;Mally, R., et al. (2022), Moths and butterflies on alien shores - global biogeography of non-native Lepidoptera. Dryad, Dataset. Available at: https://doi.org/10.5061/dryad.31zcrjdnw;2022
Leucoptera spartifoliella;Lyonetiidae;New Zealand;Oceania;Australian;1950;;Turner, R., et al. (2024). International Non-native Insect Establishment Data (0.2.1) [Data set]. Zenodo.;2024
Leucoptera spartifoliella;Lyonetiidae;United States;North America;Nearctic;1935;0;Simpson, A., et al. (2022). United States Register of Introduced and Invasive Species (US-RIIS) (ver. 2.0, November 2022): U.S. Geological Survey data release. Available at: https://www.sciencebase.gov/catalog/item/62d59ae5d34e87fffb2dda99;2022
Lindera tessellatella;Tineidae;Denmark;Europe;Palearctic;;;Invasive Species Specialist Group ISSG (2020). Global Register of Introduced and Invasive Species GRIIS. Available at: https://griis.org;2020
Lindera tessellatella;Tineidae;New Zealand;Oceania;Australian;1921;;Turner, R., et al. (2024). International Non-native Insect Establishment Data (0.2.1) [Data set]. Zenodo.;2024
Lineodes integra;Crambidae;Galapagos;South America;Neotropical;1989;;Turner, R., et al. (2024). International Non-native Insect Establishment Data (0.2.1) [Data set]. Zenodo.;2024
Lioptilodes albistriolatus;Pterophoridae;Hawaii;Oceania;Nearctic;;0;Simpson, A., et al. (2022). United States Register of Introduced and Invasive Species (US-RIIS) (ver. 2.0, November 2022): U.S. Geological Survey data release. Available at: https://www.sciencebase.gov/catalog/item/62d59ae5d34e87fffb2dda99;2022
Lioptilodes parvus;Pterophoridae;Hawaii;Oceania;Nearctic;1952;;Turner, R., et al. (2024). International Non-native Insect Establishment Data (0.2.1) [Data set]. Zenodo.;2024
Lipographis subosseella;Pyralidae;United States;North America;Nearctic;1981;0;Simpson, A., et al. (2022). United States Register of Introduced and Invasive Species (US-RIIS) (ver. 2.0, November 2022): U.S. Geological Survey data release. Available at: https://www.sciencebase.gov/catalog/item/62d59ae5d34e87fffb2dda99;2022
Lithophane leautieri;Noctuidae;Denmark;Europe;Palearctic;;0;Lopez-Vaamonde, C., et al. (2010). Lepidoptera. Chapter 11. BioRisk. 4: 603-668;2010
Lithophane leautieri;Noctuidae;United Kingdom;Europe;Palearctic;;0;CAB International (CABI) (2024). CABI Invasive Species Compendium. Available at: https://www.cabidigitallibrary.org/product/QI;2024
Lithophane leautieri;Noctuidae;Ireland;Europe;Palearctic;;;Invasive Species Specialist Group ISSG (2020). Global Register of Introduced and Invasive Species GRIIS. Available at: https://griis.org;2020
Litoprosopus haitiensis;Erebidae;United States;North America;Nearctic;1988;0;Simpson, A., et al. (2022). United States Register of Introduced and Invasive Species (US-RIIS) (ver. 2.0, November 2022): U.S. Geological Survey data release. Available at: https://www.sciencebase.gov/catalog/item/62d59ae5d34e87fffb2dda99;2022
Lobesia botrana;Tortricidae;Argentina;South America;Neotropical;2010;0;CAB International (CABI) (2024). CABI Invasive Species Compendium. Available at: https://www.cabidigitallibrary.org/product/QI;2024
Lobesia botrana;Tortricidae;Chile;South America;Neotropical;2008;0;European and Mediterranean Plant Protection Organization (EPPO) (2024). EPPO Global Database. Available at: https://gd.eppo.int;2024
Lobesia botrana;Tortricidae;Eritrea;Africa;Afrotropical;2007;0;European and Mediterranean Plant Protection Organization (EPPO) (2024). EPPO Global Database. Available at: https://gd.eppo.int;2024
Lobesia botrana;Tortricidae;Ethiopia;Africa;Afrotropical;2007;0;European and Mediterranean Plant Protection Organization (EPPO) (2024). EPPO Global Database. Available at: https://gd.eppo.int;2024
Lobesia botrana;Tortricidae;Japan;Asia;Sino-Japanese;1991;0;European and Mediterranean Plant Protection Organization (EPPO) (2024). EPPO Global Database. Available at: https://gd.eppo.int;2024
Lobesia botrana;Tortricidae;Kenya;Africa;Afrotropical;2007;0;CAB International (CABI) (2024). CABI Invasive Species Compendium. Available at: https://www.cabidigitallibrary.org/product/QI;2024
Lobesiodes euphorbiana;Tortricidae;Canada;North America;Nearctic;;0;Gilligan, T., et al. (2020). Immigrant Tortricidae: Holarctic versus Introduced Species in North America. Insects. 11(9):594;2020
Lorita baccharivora;Tortricidae;Australia;Australia;Australian;;1;Mally, R., et al. (2022), Moths and butterflies on alien shores - global biogeography of non-native Lepidoptera. Dryad, Dataset. Available at: https://doi.org/10.5061/dryad.31zcrjdnw;2022
Loxomorpha flavidissimalis;Crambidae;Australia;Australia;Australian;;;Mally, R., et al. (2022), Moths and butterflies on alien shores - global biogeography of non-native Lepidoptera. Dryad, Dataset. Available at: https://doi.org/10.5061/dryad.31zcrjdnw;2022
Loxostege sticticalis;Crambidae;Japan;Asia;Sino-Japanese;2008;0;Turner, R., et al. (2024). International Non-native Insect Establishment Data (0.2.1) [Data set]. Zenodo.;2024
Lozotaenia cedrivora;Tortricidae;France;Europe;Palearctic;1968;0;Roy, D., et al. (2020). DAISIE - Delivering Alien Invasive Species Inventories for Europe. Available at: http://www.europe-aliens.org/;2020
Luthrodes pandava;Lycaenidae;Madagascar;Africa;Madagascan;;0;Wu, L., et al. (2010). Elucidating genetic signatures of native and introduced populations of the Cycad Blue, Chilades pandava to Taiwan: a threat both to Sago Palm and to native Cycas populations worldwide. Biological Invasions. 12(8): 2649-2669;2010
Luthrodes pandava;Lycaenidae;Japan;Asia;Oriental;1992;0;Turner, R., et al. (2024). International Non-native Insect Establishment Data (0.2.1) [Data set]. Zenodo.;2024
Luthrodes pandava;Lycaenidae;Taiwan;Asia;Oriental;;0;Wu, L., et al. (2010). Elucidating genetic signatures of native and introduced populations of the Cycad Blue, Chilades pandava to Taiwan: a threat both to Sago Palm and to native Cycas populations worldwide. Biological Invasions. 12(8): 2649-2669;2010
Luthrodes pandava;Lycaenidae;South Korea;Asia;Palearctic;;0;Wu, L., et al. (2010). Elucidating genetic signatures of native and introduced populations of the Cycad Blue, Chilades pandava to Taiwan: a threat both to Sago Palm and to native Cycas populations worldwide. Biological Invasions. 12(8): 2649-2669;2010
Luthrodes pandava;Lycaenidae;Egypt;Africa;Saharo-Arabian;2012;0;Invasive Species Specialist Group ISSG (2020). Global Register of Introduced and Invasive Species GRIIS. Available at: https://griis.org;2020
Luthrodes pandava;Lycaenidae;Japan;Asia;Sino-Japanese;2008;0;Turner, R., et al. (2024). International Non-native Insect Establishment Data (0.2.1) [Data set]. Zenodo.;2024
Lycomorphodes sordida;Erebidae;United States;North America;Nearctic;1987;0;Simpson, A., et al. (2022). United States Register of Introduced and Invasive Species (US-RIIS) (ver. 2.0, November 2022): U.S. Geological Survey data release. Available at: https://www.sciencebase.gov/catalog/item/62d59ae5d34e87fffb2dda99;2022
Lymantria dispar;Erebidae;Australia;Australia;Australian;;0;Australian Government Department of Agriculture, Water and Environment (2024). National Priority List of Exotic Environmental Pests, Weeds and Diseases Dataset (Public Summary Version 1.0).;2024
Lymantria dispar;Erebidae;Canada;North America;Nearctic;1912;0;CAB International (CABI) (2024). CABI Invasive Species Compendium. Available at: https://www.cabidigitallibrary.org/product/QI;2024
Lymantria dispar;Erebidae;Algeria;Africa;Saharo-Arabian;;;CAB International (CABI) (2024). CABI Invasive Species Compendium. Available at: https://www.cabidigitallibrary.org/product/QI;2024
Lymantria dispar;Erebidae;Ireland;Europe;Palearctic;;;Invasive Species Specialist Group ISSG (2020). Global Register of Introduced and Invasive Species GRIIS. Available at: https://griis.org;2020
Lymantria dispar;Erebidae;Iraq;Asia;Saharo-Arabian;;;CAB International (CABI) (2024). CABI Invasive Species Compendium. Available at: https://www.cabidigitallibrary.org/product/QI;2024
Lymantria dispar;Erebidae;Israel;Asia;Saharo-Arabian;;;CAB International (CABI) (2024). CABI Invasive Species Compendium. Available at: https://www.cabidigitallibrary.org/product/QI;2024
Lymantria dispar;Erebidae;Latvia;Europe;Palearctic;;;Invasive Species Specialist Group ISSG (2020). Global Register of Introduced and Invasive Species GRIIS. Available at: https://griis.org;2020
Lymantria dispar;Erebidae;Moldova;Europe;Palearctic;;;CAB International (CABI) (2024). CABI Invasive Species Compendium. Available at: https://www.cabidigitallibrary.org/product/QI;2024
Lymantria dispar;Erebidae;New Zealand;Oceania;Australian;;;CAB International (CABI) (2024). CABI Invasive Species Compendium. Available at: https://www.cabidigitallibrary.org/product/QI;2024
Lymantria dispar;Erebidae;United States;North America;Nearctic;1869;1;CAB International (CABI) (2024). CABI Invasive Species Compendium. Available at: https://www.cabidigitallibrary.org/product/QI;2024
Lymantria mathura;Erebidae;Sweden;Europe;Palearctic;;;Invasive Species Specialist Group ISSG (2020). Global Register of Introduced and Invasive Species GRIIS. Available at: https://griis.org;2020
Lymantria monacha;Erebidae;United Kingdom;Europe;Palearctic;;;European and Mediterranean Plant Protection Organization (EPPO) (2024). EPPO Global Database. Available at: https://gd.eppo.int;2024
Macaldenia palumba;Erebidae;Japan;Asia;Oriental;1995;;Turner, R., et al. (2024). International Non-native Insect Establishment Data (0.2.1) [Data set]. Zenodo.;2024
Macaldenia palumba;Erebidae;Japan;Asia;Sino-Japanese;;0;National Institute for Environmental Studies - Japan (2024). Invasive Species of Japan: Lepidopterans (provisional list);2024
Macaria abydata;Geometridae;Hong Kong and Macau;Asia;Sino-Japanese;1992;0;Holloway, J. (1993). Moths of Borneo 11. Family Geometridae. Subfamily: Ennominae. Southdene Sdn. Available at: https://www.mothsofborneo.com/part-11/index.htm;1993
Macaria abydata;Geometridae;Fiji;Oceania;Oceanina;1986;0;Holloway, J. (1993). Moths of Borneo 11. Family Geometridae. Subfamily: Ennominae. Southdene Sdn. Available at: https://www.mothsofborneo.com/part-11/index.htm;1993
Macaria abydata;Geometridae;Micronesia;Oceania;Oceanina;1975;0;Holloway, J. (1993). Moths of Borneo 11. Family Geometridae. Subfamily: Ennominae. Southdene Sdn. Available at: https://www.mothsofborneo.com/part-11/index.htm;1993
Macaria abydata;Geometridae;Guam;Oceania;Oceanina;1985;0;Holloway, J. (1993). Moths of Borneo 11. Family Geometridae. Subfamily: Ennominae. Southdene Sdn. Available at: https://www.mothsofborneo.com/part-11/index.htm;1993
Macaria abydata;Geometridae;Indonesia;Asia;Oriental;1985;0;Holloway, J. (1993). Moths of Borneo 11. Family Geometridae. Subfamily: Ennominae. Southdene Sdn. Available at: https://www.mothsofborneo.com/part-11/index.htm;1993
Macaria abydata;Geometridae;Japan;Asia;Oriental;1976;0;Holloway, J. (1993). Moths of Borneo 11. Family Geometridae. Subfamily: Ennominae. Southdene Sdn. Available at: https://www.mothsofborneo.com/part-11/index.htm;1993
Macaria abydata;Geometridae;Japan;Asia;Sino-Japanese;1976;0;Holloway, J. (1993). Moths of Borneo 11. Family Geometridae. Subfamily: Ennominae. Southdene Sdn. Available at: https://www.mothsofborneo.com/part-11/index.htm;1993
Macaria abydata;Geometridae;Malaysia;Asia;Oriental;1987;0;Holloway, J. (1993). Moths of Borneo 11. Family Geometridae. Subfamily: Ennominae. Southdene Sdn. Available at: https://www.mothsofborneo.com/part-11/index.htm;1993
Macaria abydata;Geometridae;Philippines;Asia;Oriental;1986;0;Holloway, J. (1993). Moths of Borneo 11. Family Geometridae. Subfamily: Ennominae. Southdene Sdn. Available at: https://www.mothsofborneo.com/part-11/index.htm;1993
Macaria abydata;Geometridae;Papua New Guinea;Oceania;Oceanina;1987;0;Holloway, J. (1993). Moths of Borneo 11. Family Geometridae. Subfamily: Ennominae. Southdene Sdn. Available at: https://www.mothsofborneo.com/part-11/index.htm;1993
Macaria abydata;Geometridae;Tonga;Oceania;Oceanina;1986;0;Holloway, J. (1993). Moths of Borneo 11. Family Geometridae. Subfamily: Ennominae. Southdene Sdn. Available at: https://www.mothsofborneo.com/part-11/index.htm;1993
Macaria abydata;Geometridae;Taiwan;Asia;Oriental;1983;0;Holloway, J. (1993). Moths of Borneo 11. Family Geometridae. Subfamily: Ennominae. Southdene Sdn. Available at: https://www.mothsofborneo.com/part-11/index.htm;1993
Macaria abydata;Geometridae;Hawaii;Oceania;Nearctic;1970;0;Turner, R., et al. (2024). International Non-native Insect Establishment Data (0.2.1) [Data set]. Zenodo.;2024
Macaria abydata;Geometridae;Samoa;Oceania;Oceanina;1988;0;Holloway, J. (1993). Moths of Borneo 11. Family Geometridae. Subfamily: Ennominae. Southdene Sdn. Available at: https://www.mothsofborneo.com/part-11/index.htm;1993
Macaria liturata;Geometridae;Ireland;Europe;Palearctic;;0;CAB International (CABI) (2024). CABI Invasive Species Compendium. Available at: https://www.cabidigitallibrary.org/product/QI;2024
Macarostola ida;Gracillariidae;New Zealand;Oceania;Australian;2019;;Turner, R., et al. (2024). International Non-native Insect Establishment Data (0.2.1) [Data set]. Zenodo.;2024
Macristis geminipunctalis;Erebidae;United States;North America;Nearctic;1985;0;Simpson, A., et al. (2022). United States Register of Introduced and Invasive Species (US-RIIS) (ver. 2.0, November 2022): U.S. Geological Survey data release. Available at: https://www.sciencebase.gov/catalog/item/62d59ae5d34e87fffb2dda99;2022
Macroglossum pyrrhosticta;Sphingidae;Hawaii;Oceania;Nearctic;1978;0;Turner, R., et al. (2024). International Non-native Insect Establishment Data (0.2.1) [Data set]. Zenodo.;2024
Macrorrhinia endonephele;Pyralidae;Australia;Australia;Australian;;1;Mally, R., et al. (2022), Moths and butterflies on alien shores - global biogeography of non-native Lepidoptera. Dryad, Dataset. Available at: https://doi.org/10.5061/dryad.31zcrjdnw;2022
Macrorrhinia endonephele;Pyralidae;New Zealand;Oceania;Australian;1987;1;Turner, R., et al. (2024). International Non-native Insect Establishment Data (0.2.1) [Data set]. Zenodo.;2024
Macrosaccus robiniella;Gracillariidae;Albania;Europe;Palearctic;;0;European and Mediterranean Plant Protection Organization (EPPO) (2024). EPPO Global Database. Available at: https://gd.eppo.int;2024
Macrosaccus robiniella;Gracillariidae;Austria;Europe;Palearctic;1991;0;European and Mediterranean Plant Protection Organization (EPPO) (2024). EPPO Global Database. Available at: https://gd.eppo.int;2024
Macrosaccus robiniella;Gracillariidae;Belgium;Europe;Palearctic;2001;0;European and Mediterranean Plant Protection Organization (EPPO) (2024). EPPO Global Database. Available at: https://gd.eppo.int;2024
Macrosaccus robiniella;Gracillariidae;Bulgaria;Europe;Palearctic;2001;0;European and Mediterranean Plant Protection Organization (EPPO) (2024). EPPO Global Database. Available at: https://gd.eppo.int;2024
Macrosaccus robiniella;Gracillariidae;Bosnia and Herzegovina;Europe;Palearctic;1999;0;European and Mediterranean Plant Protection Organization (EPPO) (2024). EPPO Global Database. Available at: https://gd.eppo.int;2024
Macrosaccus robiniella;Gracillariidae;Switzerland;Europe;Palearctic;1983;0;European and Mediterranean Plant Protection Organization (EPPO) (2024). EPPO Global Database. Available at: https://gd.eppo.int;2024
Macrosaccus robiniella;Gracillariidae;Czechia;Europe;Palearctic;1992;0;European and Mediterranean Plant Protection Organization (EPPO) (2024). EPPO Global Database. Available at: https://gd.eppo.int;2024
Macrosaccus robiniella;Gracillariidae;Germany;Europe;Palearctic;1983;0;European and Mediterranean Plant Protection Organization (EPPO) (2024). EPPO Global Database. Available at: https://gd.eppo.int;2024
Macrosaccus robiniella;Gracillariidae;Denmark;Europe;Palearctic;2003;0;European and Mediterranean Plant Protection Organization (EPPO) (2024). EPPO Global Database. Available at: https://gd.eppo.int;2024
Macrosaccus robiniella;Gracillariidae;Spain;Europe;Palearctic;2001;0;European and Mediterranean Plant Protection Organization (EPPO) (2024). EPPO Global Database. Available at: https://gd.eppo.int;2024
Macrosaccus robiniella;Gracillariidae;France;Europe;Palearctic;1984;0;European and Mediterranean Plant Protection Organization (EPPO) (2024). EPPO Global Database. Available at: https://gd.eppo.int;2024
Macrosaccus robiniella;Gracillariidae;United Kingdom;Europe;Palearctic;;0;Roy, D., et al. (2020). DAISIE - Delivering Alien Invasive Species Inventories for Europe. Available at: http://www.europe-aliens.org/;2020
Macrosaccus robiniella;Gracillariidae;Croatia;Europe;Palearctic;2000;0;European and Mediterranean Plant Protection Organization (EPPO) (2024). EPPO Global Database. Available at: https://gd.eppo.int;2024
Macrosaccus robiniella;Gracillariidae;Hungary;Europe;Palearctic;1992;0;European and Mediterranean Plant Protection Organization (EPPO) (2024). EPPO Global Database. Available at: https://gd.eppo.int;2024
Macrosaccus robiniella;Gracillariidae;Italy;Europe;Palearctic;1988;0;European and Mediterranean Plant Protection Organization (EPPO) (2024). EPPO Global Database. Available at: https://gd.eppo.int;2024
Macrosaccus robiniella;Gracillariidae;Lithuania;Europe;Palearctic;2007;0;European and Mediterranean Plant Protection Organization (EPPO) (2024). EPPO Global Database. Available at: https://gd.eppo.int;2024
Macrosaccus robiniella;Gracillariidae;Luxembourg;Europe;Palearctic;;;Invasive Species Specialist Group ISSG (2020). Global Register of Introduced and Invasive Species GRIIS. Available at: https://griis.org;2020
Macrosaccus robiniella;Gracillariidae;Moldova;Europe;Palearctic;2006;0;European and Mediterranean Plant Protection Organization (EPPO) (2024). EPPO Global Database. Available at: https://gd.eppo.int;2024
Macrosaccus robiniella;Gracillariidae;Montenegro;Europe;Palearctic;1998;0;Sefrova, H. (2003). Invasions of Lithocolletinae species in Europe - Causes, kinds, limits and ecological impact (Lepidoptera, Gracillariidae). Ekologia (Bratislava). 22(2): 132-142;2003
Macrosaccus robiniella;Gracillariidae;Netherlands;Europe;Palearctic;1998;0;European and Mediterranean Plant Protection Organization (EPPO) (2024). EPPO Global Database. Available at: https://gd.eppo.int;2024
Macrosaccus robiniella;Gracillariidae;Poland;Europe;Palearctic;1960;0;European and Mediterranean Plant Protection Organization (EPPO) (2024). EPPO Global Database. Available at: https://gd.eppo.int;2024
Macrosaccus robiniella;Gracillariidae;Romania;Europe;Palearctic;2002;0;European and Mediterranean Plant Protection Organization (EPPO) (2024). EPPO Global Database. Available at: https://gd.eppo.int;2024
Macrosaccus robiniella;Gracillariidae;Russia Europe;Europe;Palearctic;2011;;European and Mediterranean Plant Protection Organization (EPPO) (2024). EPPO Global Database. Available at: https://gd.eppo.int;2024
Macrosaccus robiniella;Gracillariidae;Serbia;Europe;Palearctic;1998;0;European and Mediterranean Plant Protection Organization (EPPO) (2024). EPPO Global Database. Available at: https://gd.eppo.int;2024
Macrosaccus robiniella;Gracillariidae;Slovakia;Europe;Palearctic;1992;0;European and Mediterranean Plant Protection Organization (EPPO) (2024). EPPO Global Database. Available at: https://gd.eppo.int;2024
Macrosaccus robiniella;Gracillariidae;Slovenia;Europe;Palearctic;1993;0;European and Mediterranean Plant Protection Organization (EPPO) (2024). EPPO Global Database. Available at: https://gd.eppo.int;2024
Macrosaccus robiniella;Gracillariidae;Ukraine;Europe;Palearctic;2002;0;European and Mediterranean Plant Protection Organization (EPPO) (2024). EPPO Global Database. Available at: https://gd.eppo.int;2024
Manduca quinquemaculatus;Sphingidae;United Kingdom;Europe;Palearctic;;;Invasive Species Specialist Group ISSG (2020). Global Register of Introduced and Invasive Species GRIIS. Available at: https://griis.org;2020
Manoba brunellus;Nolidae;Hawaii;Oceania;Nearctic;;1;Yamanaka, T., et al. (2015). Comparison of insect invasions in North America, Japan and their Islands. Biological Invasions. 17(10): 3049-3061;2015
Martyringa xeraula;Lecithoceridae;Japan;Asia;Sino-Japanese;;0;CAB International (CABI) (2024). CABI Invasive Species Compendium. Available at: https://www.cabidigitallibrary.org/product/QI;2024
Martyringa xeraula;Lecithoceridae;United States;North America;Nearctic;1959;0;Simpson, A., et al. (2022). United States Register of Introduced and Invasive Species (US-RIIS) (ver. 2.0, November 2022): U.S. Geological Survey data release. Available at: https://www.sciencebase.gov/catalog/item/62d59ae5d34e87fffb2dda99;2022
Maruca vitrata;Crambidae;Australia;Australia;Australian;;;European and Mediterranean Plant Protection Organization (EPPO) (2024). EPPO Global Database. Available at: https://gd.eppo.int;2024
Maruca vitrata;Crambidae;Palau;Oceania;Oceanina;;0;Shine, C., et al. (2003). Invasive alien species in the Austral Pacific Region: National Reports and Directory of Resources. Global Invasive Species Programme, Cape Town, South Africa.;2003
Maruca vitrata;Crambidae;United States;North America;Nearctic;1980;0;European and Mediterranean Plant Protection Organization (EPPO) (2024). EPPO Global Database. Available at: https://gd.eppo.int;2024
Maruca vitrata;Crambidae;Hawaii;Oceania;Nearctic;1924;0;European and Mediterranean Plant Protection Organization (EPPO) (2024). EPPO Global Database. Available at: https://gd.eppo.int;2024
Maruca vitrata;Crambidae;South Africa;Africa;Afrotropical;;;European and Mediterranean Plant Protection Organization (EPPO) (2024). EPPO Global Database. Available at: https://gd.eppo.int;2024
Megalorhipida leucodactylus;Pterophoridae;Chile;South America;Neotropical;1969;;Turner, R., et al. (2024). International Non-native Insect Establishment Data (0.2.1) [Data set]. Zenodo.;2024
Megalorhipida leucodactylus;Pterophoridae;Galapagos;South America;Neotropical;1923;;CAB International (CABI) (2024). CABI Invasive Species Compendium. Available at: https://www.cabidigitallibrary.org/product/QI;2024
Megalorhipida leucodactylus;Pterophoridae;Spain;Europe;Palearctic;1996;0;CAB International (CABI) (2024). CABI Invasive Species Compendium. Available at: https://www.cabidigitallibrary.org/product/QI;2024
Megalorhipida leucodactylus;Pterophoridae;Italy;Europe;Palearctic;2002;0;CAB International (CABI) (2024). CABI Invasive Species Compendium. Available at: https://www.cabidigitallibrary.org/product/QI;2024
Megalorhipida leucodactylus;Pterophoridae;Morocco;Africa;Saharo-Arabian;;0;Bella, S., Ferrauto, G. (2005). Presence of Megalorhipida leucodactyla (Lepidoptera Pterophoridae) in Sicily: new report for the Italian fauna and notes on the diffusion of its host plant Boerhavia repens L. ssp. viscosa (Choisy) Maire (Nyctaginaceae). Biological Invasions. 7: 577-587;2005
Megalorhipida leucodactylus;Pterophoridae;Hawaii;Oceania;Nearctic;1880;0;Turner, R., et al. (2024). International Non-native Insect Establishment Data (0.2.1) [Data set]. Zenodo.;2024
Melitara dentata;Pyralidae;Australia;Australia;Australian;;;Mally, R., et al. (2022), Moths and butterflies on alien shores - global biogeography of non-native Lepidoptera. Dryad, Dataset. Available at: https://doi.org/10.5061/dryad.31zcrjdnw;2022
Melitara junctolineella;Pyralidae;Australia;Australia;Australian;;1;Mally, R., et al. (2022), Moths and butterflies on alien shores - global biogeography of non-native Lepidoptera. Dryad, Dataset. Available at: https://doi.org/10.5061/dryad.31zcrjdnw;2022
Melitara prodenialis;Pyralidae;Australia;Australia;Australian;;;Mally, R., et al. (2022), Moths and butterflies on alien shores - global biogeography of non-native Lepidoptera. Dryad, Dataset. Available at: https://doi.org/10.5061/dryad.31zcrjdnw;2022
Melitara prodenialis;Pyralidae;Hawaii;Oceania;Nearctic;1949;1;Turner, R., et al. (2024). International Non-native Insect Establishment Data (0.2.1) [Data set]. Zenodo.;2024
Melittia oedipus;Sesiidae;Hawaii;Oceania;Nearctic;1996;1;Turner, R., et al. (2024). International Non-native Insect Establishment Data (0.2.1) [Data set]. Zenodo.;2024
Merophyas divulsana;Tortricidae;New Zealand;Oceania;Australian;1988;0;Turner, R., et al. (2024). International Non-native Insect Establishment Data (0.2.1) [Data set]. Zenodo.;2024
Mesapamea secalis;Noctuidae;United States;North America;Nearctic;2016;0;Simpson, A., et al. (2022). United States Register of Introduced and Invasive Species (US-RIIS) (ver. 2.0, November 2022): U.S. Geological Survey data release. Available at: https://www.sciencebase.gov/catalog/item/62d59ae5d34e87fffb2dda99;2022
Mesophleps palpigera;Gelechiidae;Hawaii;Oceania;Nearctic;2020;0;Simpson, A., et al. (2022). United States Register of Introduced and Invasive Species (US-RIIS) (ver. 2.0, November 2022): U.S. Geological Survey data release. Available at: https://www.sciencebase.gov/catalog/item/62d59ae5d34e87fffb2dda99;2022
Metzneria lappella;Gelechiidae;United States;North America;Nearctic;;0;Simpson, A., et al. (2022). United States Register of Introduced and Invasive Species (US-RIIS) (ver. 2.0, November 2022): U.S. Geological Survey data release. Available at: https://www.sciencebase.gov/catalog/item/62d59ae5d34e87fffb2dda99;2022
Metzneria paucipunctella;Gelechiidae;Canada;North America;Nearctic;1973;1;Government of British Columbia (2018). Metzneria paucipunctella Zell. Available at: https://www2.gov.bc.ca/assets/gov/farming-natural-resources-and-industry/forestry/agents/metzneria_paucipunctella.pdf;2018
Metzneria paucipunctella;Gelechiidae;United States;North America;Nearctic;1980;1;Simpson, A., et al. (2022). United States Register of Introduced and Invasive Species (US-RIIS) (ver. 2.0, November 2022): U.S. Geological Survey data release. Available at: https://www.sciencebase.gov/catalog/item/62d59ae5d34e87fffb2dda99;2022
Mimudea puralis;Crambidae;United States;North America;Nearctic;2000;0;Simpson, A., et al. (2022). United States Register of Introduced and Invasive Species (US-RIIS) (ver. 2.0, November 2022): U.S. Geological Survey data release. Available at: https://www.sciencebase.gov/catalog/item/62d59ae5d34e87fffb2dda99;2022
Mocis conveniens;Erebidae;United States;North America;Nearctic;;0;Simpson, A., et al. (2022). United States Register of Introduced and Invasive Species (US-RIIS) (ver. 2.0, November 2022): U.S. Geological Survey data release. Available at: https://www.sciencebase.gov/catalog/item/62d59ae5d34e87fffb2dda99;2022
Mompha trithalama;Momphidae;Hawaii;Oceania;Nearctic;1999;1;Turner, R., et al. (2024). International Non-native Insect Establishment Data (0.2.1) [Data set]. Zenodo.;2024
Monema flavescens;Limacodidae;Romania;Europe;Palearctic;;;Invasive Species Specialist Group ISSG (2020). Global Register of Introduced and Invasive Species GRIIS. Available at: https://griis.org;2020
Monema flavescens;Limacodidae;United States;North America;Nearctic;1906;0;Simpson, A., et al. (2022). United States Register of Introduced and Invasive Species (US-RIIS) (ver. 2.0, November 2022): U.S. Geological Survey data release. Available at: https://www.sciencebase.gov/catalog/item/62d59ae5d34e87fffb2dda99;2022
Monochroa hornigi;Gelechiidae;New Zealand;Oceania;Australian;1974;;Turner, R., et al. (2024). International Non-native Insect Establishment Data (0.2.1) [Data set]. Zenodo.;2024
Monopis argillacea;Tineidae;New Zealand;Oceania;Australian;1952;;Turner, R., et al. (2024). International Non-native Insect Establishment Data (0.2.1) [Data set]. Zenodo.;2024
Monopis crocicapitella;Tineidae;Austria;Europe;Palearctic;;;Invasive Species Specialist Group ISSG (2020). Global Register of Introduced and Invasive Species GRIIS. Available at: https://griis.org;2020
Monopis crocicapitella;Tineidae;Ireland;Europe;Palearctic;;;Invasive Species Specialist Group ISSG (2020). Global Register of Introduced and Invasive Species GRIIS. Available at: https://griis.org;2020
Monopis crocicapitella;Tineidae;New Zealand;Oceania;Australian;1912;;Turner, R., et al. (2024). International Non-native Insect Establishment Data (0.2.1) [Data set]. Zenodo.;2024
Monopis ethelella;Tineidae;New Zealand;Oceania;Australian;1917;;Turner, R., et al. (2024). International Non-native Insect Establishment Data (0.2.1) [Data set]. Zenodo.;2024
Monopis meliorella;Tineidae;Hawaii;Oceania;Nearctic;1922;0;Turner, R., et al. (2024). International Non-native Insect Establishment Data (0.2.1) [Data set]. Zenodo.;2024
Monopis monachella;Tineidae;Hawaii;Oceania;Nearctic;1881;0;Turner, R., et al. (2024). International Non-native Insect Establishment Data (0.2.1) [Data set]. Zenodo.;2024
Moodna bisinuella;Pyralidae;United States;North America;Nearctic;2009;0;Simpson, A., et al. (2022). United States Register of Introduced and Invasive Species (US-RIIS) (ver. 2.0, November 2022): U.S. Geological Survey data release. Available at: https://www.sciencebase.gov/catalog/item/62d59ae5d34e87fffb2dda99;2022
Morosaphycita oculiferella;Pyralidae;New Zealand;Oceania;Australian;;;Turner, R., et al. (2024). International Non-native Insect Establishment Data (0.2.1) [Data set]. Zenodo.;2024
Musotima nitidalis;Pyralidae;United Kingdom;Europe;Palearctic;2009;;Turner, R., et al. (2024). International Non-native Insect Establishment Data (0.2.1) [Data set]. Zenodo.;2024
Musotima ochropteralis;Pyralidae;New Zealand;Oceania;Australian;1981;;Turner, R., et al. (2024). International Non-native Insect Establishment Data (0.2.1) [Data set]. Zenodo.;2024
Mussidia nigrivenella;Pyralidae;Denmark;Europe;Palearctic;;;Invasive Species Specialist Group ISSG (2020). Global Register of Introduced and Invasive Species GRIIS. Available at: https://griis.org;2020
Myrlaea marmorata;Pyralidae;Denmark;Europe;Palearctic;;;Invasive Species Specialist Group ISSG (2020). Global Register of Introduced and Invasive Species GRIIS. Available at: https://griis.org;2020
Mythimna languida;Noctuidae;Italy;Europe;Palearctic;;;CAB International (CABI) (2024). CABI Invasive Species Compendium. Available at: https://www.cabidigitallibrary.org/product/QI;2024
Mythimna separata;Noctuidae;South Korea;Asia;Palearctic;;;Turner, R., et al. (2024). International Non-native Insect Establishment Data (0.2.1) [Data set]. Zenodo.;2024
Mythimna separata;Noctuidae;New Zealand;Oceania;Australian;1917;;Turner, R., et al. (2024). International Non-native Insect Establishment Data (0.2.1) [Data set]. Zenodo.;2024
Mythimna unipuncta;Noctuidae;Australia;Australia;Australian;;;Mally, R., et al. (2022), Moths and butterflies on alien shores - global biogeography of non-native Lepidoptera. Dryad, Dataset. Available at: https://doi.org/10.5061/dryad.31zcrjdnw;2022
Mythimna unipuncta;Noctuidae;Bulgaria;Europe;Palearctic;;;CAB International (CABI) (2024). CABI Invasive Species Compendium. Available at: https://www.cabidigitallibrary.org/product/QI;2024
Mythimna unipuncta;Noctuidae;Switzerland;Europe;Palearctic;;;CAB International (CABI) (2024). CABI Invasive Species Compendium. Available at: https://www.cabidigitallibrary.org/product/QI;2024
Mythimna unipuncta;Noctuidae;China;Asia;Palearctic;;;CAB International (CABI) (2024). CABI Invasive Species Compendium. Available at: https://www.cabidigitallibrary.org/product/QI;2024
Mythimna unipuncta;Noctuidae;Cyprus;Asia;Saharo-Arabian;2013;0;Demetriou, J., et al. (2023). The Alien to Cyprus Entomofauna (ACE) database: a review of the current status of alien insects (Arthropoda, Insecta) including an updated species checklist, discussion on impacts and recommendations for informing management. NeoBiota. 83: 11-42;2023
Mythimna unipuncta;Noctuidae;Czechia;Europe;Palearctic;;;CAB International (CABI) (2024). CABI Invasive Species Compendium. Available at: https://www.cabidigitallibrary.org/product/QI;2024
Mythimna unipuncta;Noctuidae;Germany;Europe;Palearctic;;;CAB International (CABI) (2024). CABI Invasive Species Compendium. Available at: https://www.cabidigitallibrary.org/product/QI;2024
Mythimna unipuncta;Noctuidae;Denmark;Europe;Palearctic;;;CAB International (CABI) (2024). CABI Invasive Species Compendium. Available at: https://www.cabidigitallibrary.org/product/QI;2024
Mythimna unipuncta;Noctuidae;Spain;Europe;Palearctic;;;CAB International (CABI) (2024). CABI Invasive Species Compendium. Available at: https://www.cabidigitallibrary.org/product/QI;2024
Mythimna unipuncta;Noctuidae;Canary Islands;Africa;Palearctic;;;CAB International (CABI) (2024). CABI Invasive Species Compendium. Available at: https://www.cabidigitallibrary.org/product/QI;2024
Mythimna unipuncta;Noctuidae;France;Europe;Palearctic;;;CAB International (CABI) (2024). CABI Invasive Species Compendium. Available at: https://www.cabidigitallibrary.org/product/QI;2024
Mythimna unipuncta;Noctuidae;French European Islands;Europe;Palearctic;;;CAB International (CABI) (2024). CABI Invasive Species Compendium. Available at: https://www.cabidigitallibrary.org/product/QI;2024
Mythimna unipuncta;Noctuidae;United Kingdom;Europe;Palearctic;2002;;CAB International (CABI) (2024). CABI Invasive Species Compendium. Available at: https://www.cabidigitallibrary.org/product/QI;2024
Mythimna unipuncta;Noctuidae;Greece;Europe;Palearctic;;;CAB International (CABI) (2024). CABI Invasive Species Compendium. Available at: https://www.cabidigitallibrary.org/product/QI;2024
Mythimna unipuncta;Noctuidae;Guam;Oceania;Oceanina;;0;Shine, C., et al. (2003). Invasive alien species in the Austral Pacific Region: National Reports and Directory of Resources. Global Invasive Species Programme, Cape Town, South Africa.;2003
Mythimna unipuncta;Noctuidae;Hungary;Europe;Palearctic;;;CAB International (CABI) (2024). CABI Invasive Species Compendium. Available at: https://www.cabidigitallibrary.org/product/QI;2024
Mythimna unipuncta;Noctuidae;India;Asia;Oriental;;;CAB International (CABI) (2024). CABI Invasive Species Compendium. Available at: https://www.cabidigitallibrary.org/product/QI;2024
Mythimna unipuncta;Noctuidae;Ireland;Europe;Palearctic;;;CAB International (CABI) (2024). CABI Invasive Species Compendium. Available at: https://www.cabidigitallibrary.org/product/QI;2024
Mythimna unipuncta;Noctuidae;Iran;Asia;Saharo-Arabian;;;CAB International (CABI) (2024). CABI Invasive Species Compendium. Available at: https://www.cabidigitallibrary.org/product/QI;2024
Mythimna unipuncta;Noctuidae;Iceland;Europe;Palearctic;;;CAB International (CABI) (2024). CABI Invasive Species Compendium. Available at: https://www.cabidigitallibrary.org/product/QI;2024
Mythimna unipuncta;Noctuidae;Israel;Asia;Saharo-Arabian;;;CAB International (CABI) (2024). CABI Invasive Species Compendium. Available at: https://www.cabidigitallibrary.org/product/QI;2024
Mythimna unipuncta;Noctuidae;Italy;Europe;Palearctic;;;CAB International (CABI) (2024). CABI Invasive Species Compendium. Available at: https://www.cabidigitallibrary.org/product/QI;2024
Mythimna unipuncta;Noctuidae;Luxembourg;Europe;Palearctic;;;CAB International (CABI) (2024). CABI Invasive Species Compendium. Available at: https://www.cabidigitallibrary.org/product/QI;2024
Mythimna unipuncta;Noctuidae;Morocco;Africa;Saharo-Arabian;;;CAB International (CABI) (2024). CABI Invasive Species Compendium. Available at: https://www.cabidigitallibrary.org/product/QI;2024
Mythimna unipuncta;Noctuidae;Mali;Africa;Afrotropical;;;CAB International (CABI) (2024). CABI Invasive Species Compendium. Available at: https://www.cabidigitallibrary.org/product/QI;2024
Mythimna unipuncta;Noctuidae;Malta;Europe;Saharo-Arabian;;;CAB International (CABI) (2024). CABI Invasive Species Compendium. Available at: https://www.cabidigitallibrary.org/product/QI;2024
Mythimna unipuncta;Noctuidae;Niger;Africa;Afrotropical;;;CAB International (CABI) (2024). CABI Invasive Species Compendium. Available at: https://www.cabidigitallibrary.org/product/QI;2024
Mythimna unipuncta;Noctuidae;Netherlands;Europe;Palearctic;;;CAB International (CABI) (2024). CABI Invasive Species Compendium. Available at: https://www.cabidigitallibrary.org/product/QI;2024
Mythimna unipuncta;Noctuidae;Poland;Europe;Palearctic;;;CAB International (CABI) (2024). CABI Invasive Species Compendium. Available at: https://www.cabidigitallibrary.org/product/QI;2024
Mythimna unipuncta;Noctuidae;Madeira;Africa;Palearctic;;;CAB International (CABI) (2024). CABI Invasive Species Compendium. Available at: https://www.cabidigitallibrary.org/product/QI;2024
Mythimna unipuncta;Noctuidae;Romania;Europe;Palearctic;;;CAB International (CABI) (2024). CABI Invasive Species Compendium. Available at: https://www.cabidigitallibrary.org/product/QI;2024
Mythimna unipuncta;Noctuidae;Russia Europe;Europe;Palearctic;;;CAB International (CABI) (2024). CABI Invasive Species Compendium. Available at: https://www.cabidigitallibrary.org/product/QI;2024
Mythimna unipuncta;Noctuidae;Russia Asia;Asia;Palearctic;;;CAB International (CABI) (2024). CABI Invasive Species Compendium. Available at: https://www.cabidigitallibrary.org/product/QI;2024
Mythimna unipuncta;Noctuidae;Senegal;Africa;Afrotropical;;;CAB International (CABI) (2024). CABI Invasive Species Compendium. Available at: https://www.cabidigitallibrary.org/product/QI;2024
Mythimna unipuncta;Noctuidae;Somalia;Africa;Afrotropical;;;CAB International (CABI) (2024). CABI Invasive Species Compendium. Available at: https://www.cabidigitallibrary.org/product/QI;2024
Mythimna unipuncta;Noctuidae;Slovakia;Europe;Palearctic;;;CAB International (CABI) (2024). CABI Invasive Species Compendium. Available at: https://www.cabidigitallibrary.org/product/QI;2024
Mythimna unipuncta;Noctuidae;Sweden;Europe;Palearctic;;;CAB International (CABI) (2024). CABI Invasive Species Compendium. Available at: https://www.cabidigitallibrary.org/product/QI;2024
Mythimna unipuncta;Noctuidae;Togo;Africa;Afrotropical;;;CAB International (CABI) (2024). CABI Invasive Species Compendium. Available at: https://www.cabidigitallibrary.org/product/QI;2024
Mythimna unipuncta;Noctuidae;Turkey;Asia;Palearctic;;;CAB International (CABI) (2024). CABI Invasive Species Compendium. Available at: https://www.cabidigitallibrary.org/product/QI;2024
Mythimna unipuncta;Noctuidae;Uzbekistan;Asia;Palearctic;;;CAB International (CABI) (2024). CABI Invasive Species Compendium. Available at: https://www.cabidigitallibrary.org/product/QI;2024
Nacoleia octasema;Crambidae;Australia;Australia;Australian;;;European and Mediterranean Plant Protection Organization (EPPO) (2024). EPPO Global Database. Available at: https://gd.eppo.int;2024
Nacoleia octasema;Crambidae;Vanuatu;Oceania;Oceanina;;0;European and Mediterranean Plant Protection Organization (EPPO) (2024). EPPO Global Database. Available at: https://gd.eppo.int;2024
Nemapogon granella;Tineidae;Australia;Australia;Australian;;;Mally, R., et al. (2022), Moths and butterflies on alien shores - global biogeography of non-native Lepidoptera. Dryad, Dataset. Available at: https://doi.org/10.5061/dryad.31zcrjdnw;2022
Nemapogon granella;Tineidae;Chile;South America;Neotropical;1900;;Turner, R., et al. (2024). International Non-native Insect Establishment Data (0.2.1) [Data set]. Zenodo.;2024
Nemapogon granella;Tineidae;Estonia;Europe;Palearctic;;;Invasive Species Specialist Group ISSG (2020). Global Register of Introduced and Invasive Species GRIIS. Available at: https://griis.org;2020
Nemapogon granella;Tineidae;Ireland;Europe;Palearctic;;;Invasive Species Specialist Group ISSG (2020). Global Register of Introduced and Invasive Species GRIIS. Available at: https://griis.org;2020
Nemapogon granella;Tineidae;Japan;Asia;Oriental;;0;Turner, R., et al. (2024). International Non-native Insect Establishment Data (0.2.1) [Data set]. Zenodo.;2024
Nemapogon granella;Tineidae;Japan;Asia;Sino-Japanese;;0;Turner, R., et al. (2024). International Non-native Insect Establishment Data (0.2.1) [Data set]. Zenodo.;2024
Nemapogon granella;Tineidae;South Korea;Asia;Palearctic;;;Turner, R., et al. (2024). International Non-native Insect Establishment Data (0.2.1) [Data set]. Zenodo.;2024
Nemapogon granella;Tineidae;New Zealand;Oceania;Australian;1952;;Turner, R., et al. (2024). International Non-native Insect Establishment Data (0.2.1) [Data set]. Zenodo.;2024
Nemapogon granella;Tineidae;United States;North America;Nearctic;1565;0;Simpson, A., et al. (2022). United States Register of Introduced and Invasive Species (US-RIIS) (ver. 2.0, November 2022): U.S. Geological Survey data release. Available at: https://www.sciencebase.gov/catalog/item/62d59ae5d34e87fffb2dda99;2022
Nemapogon granella;Tineidae;Hawaii;Oceania;Nearctic;1951;0;Turner, R., et al. (2024). International Non-native Insect Establishment Data (0.2.1) [Data set]. Zenodo.;2024
Nemapogon variatella;Tineidae;Iceland;Europe;Palearctic;1950;;CAB International (CABI) (2024). CABI Invasive Species Compendium. Available at: https://www.cabidigitallibrary.org/product/QI;2024
Neogalea sunia;Noctuidae;Australia;Australia;Australian;1956;1;Mally, R., et al. (2022), Moths and butterflies on alien shores - global biogeography of non-native Lepidoptera. Dryad, Dataset. Available at: https://doi.org/10.5061/dryad.31zcrjdnw;2022
Neogalea sunia;Noctuidae;New Zealand;Oceania;Australian;2021;;Turner, R., et al. (2024). International Non-native Insect Establishment Data (0.2.1) [Data set]. Zenodo.;2024
Neogalea sunia;Noctuidae;Hawaii;Oceania;Nearctic;1955;1;Turner, R., et al. (2024). International Non-native Insect Establishment Data (0.2.1) [Data set]. Zenodo.;2024
Neoleucinodes elegantalis;Crambidae;Galapagos;South America;Neotropical;2002;;CAB International (CABI) (2024). CABI Invasive Species Compendium. Available at: https://www.cabidigitallibrary.org/product/QI;2024
Neomariania rebeli;Cosmopterigidae;Portugal;Europe;Palearctic;;0;Roy, D., et al. (2020). DAISIE - Delivering Alien Invasive Species Inventories for Europe. Available at: http://www.europe-aliens.org/;2020
Neomusotima conspurcatalis;Pyralidae;United States;North America;Nearctic;2008;1;Simpson, A., et al. (2022). United States Register of Introduced and Invasive Species (US-RIIS) (ver. 2.0, November 2022): U.S. Geological Survey data release. Available at: https://www.sciencebase.gov/catalog/item/62d59ae5d34e87fffb2dda99;2022
Neurostrota gunniella;Gracillariidae;Australia;Australia;Australian;1989;1;Mally, R., et al. (2022), Moths and butterflies on alien shores - global biogeography of non-native Lepidoptera. Dryad, Dataset. Available at: https://doi.org/10.5061/dryad.31zcrjdnw;2022
Neurostrota gunniella;Gracillariidae;Thailand;Asia;Oriental;;;Prins, J., et al. (2019). An illustrated catalogue of the Neotropical Gracillariidae (Lepidoptera) with new data on primary types. Zootaxa. 4575: 1-110;2019
Neurothaumasia ankerella;Tineidae;Denmark;Europe;Palearctic;;0;CAB International (CABI) (2024). CABI Invasive Species Compendium. Available at: https://www.cabidigitallibrary.org/product/QI;2024
Niditinea fuscella;Tineidae;Australia;Australia;Australian;;;Mally, R., et al. (2022), Moths and butterflies on alien shores - global biogeography of non-native Lepidoptera. Dryad, Dataset. Available at: https://doi.org/10.5061/dryad.31zcrjdnw;2022
Niditinea fuscella;Tineidae;Ireland;Europe;Palearctic;;;CAB International (CABI) (2024). CABI Invasive Species Compendium. Available at: https://www.cabidigitallibrary.org/product/QI;2024
Niditinea fuscella;Tineidae;New Zealand;Oceania;Australian;1956;;CAB International (CABI) (2024). CABI Invasive Species Compendium. Available at: https://www.cabidigitallibrary.org/product/QI;2024
Niphograpta albiguttalis;Crambidae;Australia;Australia;Australian;;;Mally, R., et al. (2022), Moths and butterflies on alien shores - global biogeography of non-native Lepidoptera. Dryad, Dataset. Available at: https://doi.org/10.5061/dryad.31zcrjdnw;2022
Niphograpta albiguttalis;Crambidae;Nigeria;Africa;Afrotropical;2008;0;Oke, O., et al. (2012). Establishment of the moth: Niphograpta albiguttalis (Warner) (Lepidoptera: Pyralidae), a biological control agent of water hyacinth (Eichhornia crassipes) in waterways of Lagos and Ogun states, southwestern Nigeria. International Journal of Environmental Studies. 69(3): 501-506;2012
Niphograpta albiguttalis;Crambidae;United States;North America;Nearctic;1977;1;Simpson, A., et al. (2022). United States Register of Introduced and Invasive Species (US-RIIS) (ver. 2.0, November 2022): U.S. Geological Survey data release. Available at: https://www.sciencebase.gov/catalog/item/62d59ae5d34e87fffb2dda99;2022
Niphograpta albiguttalis;Crambidae;South Africa;Africa;Afrotropical;;1;Turner, R., et al. (2024). International Non-native Insect Establishment Data (0.2.1) [Data set]. Zenodo.;2024
Niphonyx segregata;Noctuidae;United States;North America;Nearctic;1995;0;Simpson, A., et al. (2022). United States Register of Introduced and Invasive Species (US-RIIS) (ver. 2.0, November 2022): U.S. Geological Survey data release. Available at: https://www.sciencebase.gov/catalog/item/62d59ae5d34e87fffb2dda99;2022
Noctua comes;Noctuidae;Canada;North America;Nearctic;1982;0;Lafontaine, J., Schmidt, B. (2010). Annotated check list of the Noctuoidea (Insecta, Lepidoptera) of North America north of Mexico. ZooKeys. 40: 1-239;2010
Noctua comes;Noctuidae;United States;North America;Nearctic;1985;0;Simpson, A., et al. (2022). United States Register of Introduced and Invasive Species (US-RIIS) (ver. 2.0, November 2022): U.S. Geological Survey data release. Available at: https://www.sciencebase.gov/catalog/item/62d59ae5d34e87fffb2dda99;2022
Noctua janthina;Noctuidae;United Kingdom;Europe;Palearctic;2001;;Turner, R., et al. (2024). International Non-native Insect Establishment Data (0.2.1) [Data set]. Zenodo.;2024
Noctua pronuba;Noctuidae;Canada;North America;Nearctic;1979;0;CAB International (CABI) (2024). CABI Invasive Species Compendium. Available at: https://www.cabidigitallibrary.org/product/QI;2024
Noctua pronuba;Noctuidae;United States;North America;Nearctic;1979;0;CAB International (CABI) (2024). CABI Invasive Species Compendium. Available at: https://www.cabidigitallibrary.org/product/QI;2024
Noctua pronuba;Noctuidae;Alaska;North America;Nearctic;;0;Simpson, A., et al. (2022). United States Register of Introduced and Invasive Species (US-RIIS) (ver. 2.0, November 2022): U.S. Geological Survey data release. Available at: https://www.sciencebase.gov/catalog/item/62d59ae5d34e87fffb2dda99;2022
Nola cucullatella;Nolidae;United States;North America;Nearctic;2008;0;Simpson, A., et al. (2022). United States Register of Introduced and Invasive Species (US-RIIS) (ver. 2.0, November 2022): U.S. Geological Survey data release. Available at: https://www.sciencebase.gov/catalog/item/62d59ae5d34e87fffb2dda99;2022
Notioplusia illustrata;Noctuidae;Australia;Australia;Australian;;;Mally, R., et al. (2022), Moths and butterflies on alien shores - global biogeography of non-native Lepidoptera. Dryad, Dataset. Available at: https://doi.org/10.5061/dryad.31zcrjdnw;2022
Notocelia cynosbatella;Tortricidae;Canada;North America;Nearctic;1978;0;Gilligan, T., et al. (2020). Immigrant Tortricidae: Holarctic versus Introduced Species in North America. Insects. 11(9):594;2020
Notocelia cynosbatella;Tortricidae;United States;North America;Nearctic;1978;0;Simpson, A., et al. (2022). United States Register of Introduced and Invasive Species (US-RIIS) (ver. 2.0, November 2022): U.S. Geological Survey data release. Available at: https://www.sciencebase.gov/catalog/item/62d59ae5d34e87fffb2dda99;2022
Notocelia rosaecolana;Tortricidae;Canada;North America;Nearctic;;0;Gilligan, T., et al. (2020). Immigrant Tortricidae: Holarctic versus Introduced Species in North America. Insects. 11(9):594;2020
Notocelia rosaecolana;Tortricidae;United States;North America;Nearctic;1909;0;Simpson, A., et al. (2022). United States Register of Introduced and Invasive Species (US-RIIS) (ver. 2.0, November 2022): U.S. Geological Survey data release. Available at: https://www.sciencebase.gov/catalog/item/62d59ae5d34e87fffb2dda99;2022
Nyctemera amicus;Erebidae;New Zealand;Oceania;Australian;;;Turner, R., et al. (2024). International Non-native Insect Establishment Data (0.2.1) [Data set]. Zenodo.;2024
Nymphula manilensis;Crambidae;Czechia;Europe;Palearctic;;0;CAB International (CABI) (2024). CABI Invasive Species Compendium. Available at: https://www.cabidigitallibrary.org/product/QI;2024
Nymphula manilensis;Crambidae;Denmark;Europe;Palearctic;1978;0;CAB International (CABI) (2024). CABI Invasive Species Compendium. Available at: https://www.cabidigitallibrary.org/product/QI;2024
Nymphula manilensis;Crambidae;United Kingdom;Europe;Palearctic;1978;0;CAB International (CABI) (2024). CABI Invasive Species Compendium. Available at: https://www.cabidigitallibrary.org/product/QI;2024
Ochsenheimeria vacculella;Ypsolophidae;United States;North America;Nearctic;1964;0;Simpson, A., et al. (2022). United States Register of Introduced and Invasive Species (US-RIIS) (ver. 2.0, November 2022): U.S. Geological Survey data release. Available at: https://www.sciencebase.gov/catalog/item/62d59ae5d34e87fffb2dda99;2022
Ocnerostoma piniariella;Yponomeutidae;Canada;North America;Nearctic;1922;0;Harris, P. (1958). Life-History and Natural Control in British Columbia of Ocnerostoma piniariella Zell.(Lepidoptera: Yponomeutidae), a Needle Miner on White Pine. The Canadian Entomologist. 90(10): 627-631;1958
Ocnerostoma piniariella;Yponomeutidae;United States;North America;Nearctic;1882;0;CAB International (CABI) (2024). CABI Invasive Species Compendium. Available at: https://www.cabidigitallibrary.org/product/QI;2024
Ocrasa nostralis;Pyralidae;Galapagos;South America;Neotropical;2003;;Turner, R., et al. (2024). International Non-native Insect Establishment Data (0.2.1) [Data set]. Zenodo.;2024
Oecia oecophila;Autostichidae;Galapagos;South America;Neotropical;2001;;Turner, R., et al. (2024). International Non-native Insect Establishment Data (0.2.1) [Data set]. Zenodo.;2024
Oegoconia caradjai;Autostichidae;New Zealand;Oceania;Australian;1919;;Turner, R., et al. (2024). International Non-native Insect Establishment Data (0.2.1) [Data set]. Zenodo.;2024
Oegoconia quadripuncta;Autostichidae;Austria;Europe;Palearctic;;0;Invasive Species Specialist Group ISSG (2020). Global Register of Introduced and Invasive Species GRIIS. Available at: https://griis.org;2020
Oegoconia quadripuncta;Autostichidae;Greece;Europe;Palearctic;;0;Lopez-Vaamonde, C., et al. (2010). Lepidoptera. Chapter 11. BioRisk. 4: 603-668;2010
Oegoconia quadripuncta;Autostichidae;Croatia;Europe;Palearctic;;0;Lopez-Vaamonde, C., et al. (2010). Lepidoptera. Chapter 11. BioRisk. 4: 603-668;2010
Oegoconia quadripuncta;Autostichidae;Azores;Europe;Palearctic;;0;Lopez-Vaamonde, C., et al. (2010). Lepidoptera. Chapter 11. BioRisk. 4: 603-668;2010
Oegoconia quadripuncta;Autostichidae;Russia Asia;Asia;Palearctic;;0;Lopez-Vaamonde, C., et al. (2010). Lepidoptera. Chapter 11. BioRisk. 4: 603-668;2010
Oegoconia quadripuncta;Autostichidae;Slovakia;Europe;Palearctic;;0;Lopez-Vaamonde, C., et al. (2010). Lepidoptera. Chapter 11. BioRisk. 4: 603-668;2010
Oegoconia quadripuncta;Autostichidae;Slovenia;Europe;Palearctic;;;Invasive Species Specialist Group ISSG (2020). Global Register of Introduced and Invasive Species GRIIS. Available at: https://griis.org;2020
Oegoconia quadripuncta;Autostichidae;United States;North America;Nearctic;;0;VanDyk, J., et al. (2020). BugGuide - Identification, Images, and Information For Insects, Spiders and Their Kin For the United States and Canada. Version 1.5. United States Geological Survey. Available at: https://bugguide.net/;2020
Oiketicus kirbyi;Psychidae;Chile;South America;Neotropical;1958;;Turner, R., et al. (2024). International Non-native Insect Establishment Data (0.2.1) [Data set]. Zenodo.;2024
Oinophila v-flava;Tineidae;Austria;Europe;Palearctic;1895;;CAB International (CABI) (2024). CABI Invasive Species Compendium. Available at: https://www.cabidigitallibrary.org/product/QI;2024
Oinophila v-flava;Tineidae;Czechia;Europe;Palearctic;1900;;CAB International (CABI) (2024). CABI Invasive Species Compendium. Available at: https://www.cabidigitallibrary.org/product/QI;2024
Oinophila v-flava;Tineidae;Denmark;Europe;Palearctic;;;CAB International (CABI) (2024). CABI Invasive Species Compendium. Available at: https://www.cabidigitallibrary.org/product/QI;2024
Oinophila v-flava;Tineidae;Netherlands;Europe;Palearctic;;;Invasive Species Specialist Group ISSG (2020). Global Register of Introduced and Invasive Species GRIIS. Available at: https://griis.org;2020
Oinophila v-flava;Tineidae;New Zealand;Oceania;Australian;2001;;Turner, R., et al. (2024). International Non-native Insect Establishment Data (0.2.1) [Data set]. Zenodo.;2024
Oinophila v-flava;Tineidae;United States;North America;Nearctic;1951;;Davis, D. (1978). The North American moths of the genera Phaeoses, Opogona, and Oinophila, with a discussion of their supergeneric affinities (Lepidoptera: Tineidae). Smithsonian Libraries. 282: 1-39;1978
Oinophila v-flava;Tineidae;Hawaii;Oceania;Nearctic;1979;0;Turner, R., et al. (2024). International Non-native Insect Establishment Data (0.2.1) [Data set]. Zenodo.;2024
Oligia latruncula;Noctuidae;United States;North America;Nearctic;;0;Simpson, A., et al. (2022). United States Register of Introduced and Invasive Species (US-RIIS) (ver. 2.0, November 2022): U.S. Geological Survey data release. Available at: https://www.sciencebase.gov/catalog/item/62d59ae5d34e87fffb2dda99;2022
Oligia strigilis;Noctuidae;United States;North America;Nearctic;;0;Simpson, A., et al. (2022). United States Register of Introduced and Invasive Species (US-RIIS) (ver. 2.0, November 2022): U.S. Geological Survey data release. Available at: https://www.sciencebase.gov/catalog/item/62d59ae5d34e87fffb2dda99;2022
Oligostigma polydectalis;Crambidae;United Kingdom;Europe;Palearctic;;;Invasive Species Specialist Group ISSG (2020). Global Register of Introduced and Invasive Species GRIIS. Available at: https://griis.org;2020
Omiodes indicata;Crambidae;Galapagos;South America;Neotropical;1989;;Turner, R., et al. (2024). International Non-native Insect Establishment Data (0.2.1) [Data set]. Zenodo.;2024
Omphisa anastomosalis;Crambidae;Japan;Asia;Oriental;1941;0;Turner, R., et al. (2024). International Non-native Insect Establishment Data (0.2.1) [Data set]. Zenodo.;2024
Omphisa anastomosalis;Crambidae;Japan;Asia;Sino-Japanese;1941;0;European and Mediterranean Plant Protection Organization (EPPO) (2024). EPPO Global Database. Available at: https://gd.eppo.int;2024
Omphisa anastomosalis;Crambidae;Hawaii;Oceania;Nearctic;1900;0;Turner, R., et al. (2024). International Non-native Insect Establishment Data (0.2.1) [Data set]. Zenodo.;2024
Operophtera brumata;Geometridae;Canada;North America;Nearctic;1930;0;European and Mediterranean Plant Protection Organization (EPPO) (2024). EPPO Global Database. Available at: https://gd.eppo.int;2024
Operophtera brumata;Geometridae;Iceland;Europe;Palearctic;;0;Invasive Species Specialist Group ISSG (2020). Global Register of Introduced and Invasive Species GRIIS. Available at: https://griis.org;2020
Operophtera brumata;Geometridae;United States;North America;Nearctic;1930;0;European and Mediterranean Plant Protection Organization (EPPO) (2024). EPPO Global Database. Available at: https://gd.eppo.int;2024
Ophiusa disjungens;Erebidae;Hawaii;Oceania;Nearctic;1974;0;Turner, R., et al. (2024). International Non-native Insect Establishment Data (0.2.1) [Data set]. Zenodo.;2024
Ophiusa tirhaca;Erebidae;Australia;Australia;Australian;;;Mally, R., et al. (2022), Moths and butterflies on alien shores - global biogeography of non-native Lepidoptera. Dryad, Dataset. Available at: https://doi.org/10.5061/dryad.31zcrjdnw;2022
Ophiusa trapezium;Erebidae;Australia;Australia;Australian;;;Mally, R., et al. (2022), Moths and butterflies on alien shores - global biogeography of non-native Lepidoptera. Dryad, Dataset. Available at: https://doi.org/10.5061/dryad.31zcrjdnw;2022
Opisina arenosella;Xyloryctidae;Bangladesh;Asia;Oriental;;0;Lu, H., et al. (2023). Ecology, invasion history and biodiversity-driven management of the coconut black-headed caterpillar Opisina arenosella in Asia. Frontiers in Plant Science. 14: 1116221;2023
Opisina arenosella;Xyloryctidae;China;Asia;Oriental;2014;0;Lu, H., et al. (2023). Ecology, invasion history and biodiversity-driven management of the coconut black-headed caterpillar Opisina arenosella in Asia. Frontiers in Plant Science. 14: 1116221;2023
Opisina arenosella;Xyloryctidae;China;Asia;Sino-Japanese;;0;Lu, H., et al. (2023). Ecology, invasion history and biodiversity-driven management of the coconut black-headed caterpillar Opisina arenosella in Asia. Frontiers in Plant Science. 14: 1116221;2023
Opisina arenosella;Xyloryctidae;Hainan;Asia;Oriental;2013;0;Jin, T., et al. (2018). Design and selection of an artificial diet for the coconut black-headed caterpillar, Opisina arenosella, based on orthogonal array analysis. Journal of Integrative Agriculture. 17(12): 2758-2757;2018
Opisina arenosella;Xyloryctidae;Myanmar;Asia;Oriental;;0;European and Mediterranean Plant Protection Organization (EPPO) (2024). EPPO Global Database. Available at: https://gd.eppo.int;2024
Opisina arenosella;Xyloryctidae;Malaysia;Asia;Oriental;;0;Lu, H., et al. (2023). Ecology, invasion history and biodiversity-driven management of the coconut black-headed caterpillar Opisina arenosella in Asia. Frontiers in Plant Science. 14: 1116221;2023
Opisina arenosella;Xyloryctidae;Pakistan;Asia;Oriental;;0;European and Mediterranean Plant Protection Organization (EPPO) (2024). EPPO Global Database. Available at: https://gd.eppo.int;2024
Opisina arenosella;Xyloryctidae;Thailand;Asia;Oriental;2007;0;European and Mediterranean Plant Protection Organization (EPPO) (2024). EPPO Global Database. Available at: https://gd.eppo.int;2024
Opisina arenosella;Xyloryctidae;Vietnam;Asia;Oriental;2020;0;Lu, H., et al. (2023). Ecology, invasion history and biodiversity-driven management of the coconut black-headed caterpillar Opisina arenosella in Asia. Frontiers in Plant Science. 14: 1116221;2023
Opogona aurisquamosa;Tineidae;Hawaii;Oceania;Nearctic;1907;0;Turner, R., et al. (2024). International Non-native Insect Establishment Data (0.2.1) [Data set]. Zenodo.;2024
Opogona comptella;Tineidae;New Zealand;Oceania;Australian;1911;0;Turner, R., et al. (2024). International Non-native Insect Establishment Data (0.2.1) [Data set]. Zenodo.;2024
Opogona omoscopa;Tineidae;Denmark;Europe;Palearctic;1996;0;CAB International (CABI) (2024). CABI Invasive Species Compendium. Available at: https://www.cabidigitallibrary.org/product/QI;2024
Opogona omoscopa;Tineidae;France;Europe;Palearctic;;;CAB International (CABI) (2024). CABI Invasive Species Compendium. Available at: https://www.cabidigitallibrary.org/product/QI;2024
Opogona omoscopa;Tineidae;French European Islands;Europe;Palearctic;1996;;CAB International (CABI) (2024). CABI Invasive Species Compendium. Available at: https://www.cabidigitallibrary.org/product/QI;2024
Opogona omoscopa;Tineidae;United Kingdom;Europe;Palearctic;2004;;Turner, R., et al. (2024). International Non-native Insect Establishment Data (0.2.1) [Data set]. Zenodo.;2024
Opogona omoscopa;Tineidae;New Zealand;Oceania;Australian;1914;;Turner, R., et al. (2024). International Non-native Insect Establishment Data (0.2.1) [Data set]. Zenodo.;2024
Opogona omoscopa;Tineidae;Portugal;Europe;Palearctic;2002;0;CAB International (CABI) (2024). CABI Invasive Species Compendium. Available at: https://www.cabidigitallibrary.org/product/QI;2024
Opogona omoscopa;Tineidae;Azores;Europe;Palearctic;;0;Roy, D., et al. (2020). DAISIE - Delivering Alien Invasive Species Inventories for Europe. Available at: http://www.europe-aliens.org/;2020
Opogona omoscopa;Tineidae;Madeira;Africa;Palearctic;1923;0;CAB International (CABI) (2024). CABI Invasive Species Compendium. Available at: https://www.cabidigitallibrary.org/product/QI;2024
Opogona omoscopa;Tineidae;Sweden;Europe;Palearctic;;0;CAB International (CABI) (2024). CABI Invasive Species Compendium. Available at: https://www.cabidigitallibrary.org/product/QI;2024
Opogona omoscopa;Tineidae;Hawaii;Oceania;Nearctic;1909;0;Turner, R., et al. (2024). International Non-native Insect Establishment Data (0.2.1) [Data set]. Zenodo.;2024
Opogona purpuriella;Tineidae;United States;North America;Nearctic;1986;0;Simpson, A., et al. (2022). United States Register of Introduced and Invasive Species (US-RIIS) (ver. 2.0, November 2022): U.S. Geological Survey data release. Available at: https://www.sciencebase.gov/catalog/item/62d59ae5d34e87fffb2dda99;2022
Opogona sacchari;Tineidae;Albania;Europe;Palearctic;;0;Roy, D., et al. (2020). DAISIE - Delivering Alien Invasive Species Inventories for Europe. Available at: http://www.europe-aliens.org/;2020
Opogona sacchari;Tineidae;Bulgaria;Europe;Palearctic;;0;Roy, D., et al. (2020). DAISIE - Delivering Alien Invasive Species Inventories for Europe. Available at: http://www.europe-aliens.org/;2020
Opogona sacchari;Tineidae;Brazil;South America;Neotropical;;0;CAB International (CABI) (2024). CABI Invasive Species Compendium. Available at: https://www.cabidigitallibrary.org/product/QI;2024
Opogona sacchari;Tineidae;Barbados;North America;Panamanian;;0;CAB International (CABI) (2024). CABI Invasive Species Compendium. Available at: https://www.cabidigitallibrary.org/product/QI;2024
Opogona sacchari;Tineidae;Switzerland;Europe;Palearctic;;0;CAB International (CABI) (2024). CABI Invasive Species Compendium. Available at: https://www.cabidigitallibrary.org/product/QI;2024
Opogona sacchari;Tineidae;China;Asia;Palearctic;1995;;CAB International (CABI) (2024). CABI Invasive Species Compendium. Available at: https://www.cabidigitallibrary.org/product/QI;2024
Opogona sacchari;Tineidae;China;Asia;Sino-Japanese;1995;;European and Mediterranean Plant Protection Organization (EPPO) (2024). EPPO Global Database. Available at: https://gd.eppo.int;2024
Opogona sacchari;Tineidae;Cyprus;Asia;Saharo-Arabian;2020;0;European and Mediterranean Plant Protection Organization (EPPO) (2024). EPPO Global Database. Available at: https://gd.eppo.int;2024
Opogona sacchari;Tineidae;Czechia;Europe;Palearctic;;0;CAB International (CABI) (2024). CABI Invasive Species Compendium. Available at: https://www.cabidigitallibrary.org/product/QI;2024
Opogona sacchari;Tineidae;Germany;Europe;Palearctic;;;CAB International (CABI) (2024). CABI Invasive Species Compendium. Available at: https://www.cabidigitallibrary.org/product/QI;2024
Opogona sacchari;Tineidae;Denmark;Europe;Palearctic;1980;0;CAB International (CABI) (2024). CABI Invasive Species Compendium. Available at: https://www.cabidigitallibrary.org/product/QI;2024
Opogona sacchari;Tineidae;Spain;Europe;Palearctic;;0;CAB International (CABI) (2024). CABI Invasive Species Compendium. Available at: https://www.cabidigitallibrary.org/product/QI;2024
Opogona sacchari;Tineidae;Canary Islands;Africa;Palearctic;;0;CAB International (CABI) (2024). CABI Invasive Species Compendium. Available at: https://www.cabidigitallibrary.org/product/QI;2024
Opogona sacchari;Tineidae;France;Europe;Palearctic;1980;0;CAB International (CABI) (2024). CABI Invasive Species Compendium. Available at: https://www.cabidigitallibrary.org/product/QI;2024
Opogona sacchari;Tineidae;United Kingdom;Europe;Palearctic;1982;0;CAB International (CABI) (2024). CABI Invasive Species Compendium. Available at: https://www.cabidigitallibrary.org/product/QI;2024
Opogona sacchari;Tineidae;British North American Islands;North America;Nearctic;;;CAB International (CABI) (2024). CABI Invasive Species Compendium. Available at: https://www.cabidigitallibrary.org/product/QI;2024
Opogona sacchari;Tineidae;Greece;Europe;Palearctic;1910;0;CAB International (CABI) (2024). CABI Invasive Species Compendium. Available at: https://www.cabidigitallibrary.org/product/QI;2024
Opogona sacchari;Tineidae;Honduras;North America;Panamanian;;0;CAB International (CABI) (2024). CABI Invasive Species Compendium. Available at: https://www.cabidigitallibrary.org/product/QI;2024
Opogona sacchari;Tineidae;Italy;Europe;Palearctic;1973;0;European and Mediterranean Plant Protection Organization (EPPO) (2024). EPPO Global Database. Available at: https://gd.eppo.int;2024
Opogona sacchari;Tineidae;Japan;Asia;Oriental;1999;0;Turner, R., et al. (2024). International Non-native Insect Establishment Data (0.2.1) [Data set]. Zenodo.;2024
Opogona sacchari;Tineidae;Japan;Asia;Sino-Japanese;1986;0;CAB International (CABI) (2024). CABI Invasive Species Compendium. Available at: https://www.cabidigitallibrary.org/product/QI;2024
Opogona sacchari;Tineidae;Morocco;Africa;Saharo-Arabian;;;European and Mediterranean Plant Protection Organization (EPPO) (2024). EPPO Global Database. Available at: https://gd.eppo.int;2024
Opogona sacchari;Tineidae;Netherlands;Europe;Palearctic;1987;0;CAB International (CABI) (2024). CABI Invasive Species Compendium. Available at: https://www.cabidigitallibrary.org/product/QI;2024
Opogona sacchari;Tineidae;Peru;South America;Neotropical;;0;European and Mediterranean Plant Protection Organization (EPPO) (2024). EPPO Global Database. Available at: https://gd.eppo.int;2024
Opogona sacchari;Tineidae;Portugal;Europe;Palearctic;;0;CAB International (CABI) (2024). CABI Invasive Species Compendium. Available at: https://www.cabidigitallibrary.org/product/QI;2024
Opogona sacchari;Tineidae;Azores;Europe;Palearctic;;0;CAB International (CABI) (2024). CABI Invasive Species Compendium. Available at: https://www.cabidigitallibrary.org/product/QI;2024
Opogona sacchari;Tineidae;Madeira;Africa;Palearctic;;0;European and Mediterranean Plant Protection Organization (EPPO) (2024). EPPO Global Database. Available at: https://gd.eppo.int;2024
Opogona sacchari;Tineidae;Russia Asia;Asia;Palearctic;;;European and Mediterranean Plant Protection Organization (EPPO) (2024). EPPO Global Database. Available at: https://gd.eppo.int;2024
Opogona sacchari;Tineidae;United States;North America;Nearctic;1963;0;European and Mediterranean Plant Protection Organization (EPPO) (2024). EPPO Global Database. Available at: https://gd.eppo.int;2024
Opogona sacchari;Tineidae;Hawaii;Oceania;Nearctic;1985;0;CAB International (CABI) (2024). CABI Invasive Species Compendium. Available at: https://www.cabidigitallibrary.org/product/QI;2024
Opogona sacchari;Tineidae;Venezuela;South America;Neotropical;;0;European and Mediterranean Plant Protection Organization (EPPO) (2024). EPPO Global Database. Available at: https://gd.eppo.int;2024
Opsitycha squalidella;Oecophoridae;New Zealand;Oceania;Australian;1939;;Turner, R., et al. (2024). International Non-native Insect Establishment Data (0.2.1) [Data set]. Zenodo.;2024
Oraesia emarginata;Erebidae;Australia;Australia;Australian;;;Mally, R., et al. (2022), Moths and butterflies on alien shores - global biogeography of non-native Lepidoptera. Dryad, Dataset. Available at: https://doi.org/10.5061/dryad.31zcrjdnw;2022
Oraesia excavata;Erebidae;Hawaii;Oceania;Nearctic;2009;0;Turner, R., et al. (2024). International Non-native Insect Establishment Data (0.2.1) [Data set]. Zenodo.;2024
Orgyia antiqua;Erebidae;Canada;North America;Nearctic;;0;Invasive Species Specialist Group ISSG (2020). Global Register of Introduced and Invasive Species GRIIS. Available at: https://griis.org;2020
Orgyia antiqua;Erebidae;Chile;South America;Neotropical;1900;;Turner, R., et al. (2024). International Non-native Insect Establishment Data (0.2.1) [Data set]. Zenodo.;2024
Orgyia antiqua;Erebidae;United States;North America;Nearctic;;0;Simpson, A., et al. (2022). United States Register of Introduced and Invasive Species (US-RIIS) (ver. 2.0, November 2022): U.S. Geological Survey data release. Available at: https://www.sciencebase.gov/catalog/item/62d59ae5d34e87fffb2dda99;2022
Ornativalva erubescens;Gelechiidae;United States;North America;Nearctic;2014;0;Simpson, A., et al. (2022). United States Register of Introduced and Invasive Species (US-RIIS) (ver. 2.0, November 2022): U.S. Geological Survey data release. Available at: https://www.sciencebase.gov/catalog/item/62d59ae5d34e87fffb2dda99;2022
Ostrinia furnacalis;Crambidae;Guam;Oceania;Oceanina;;0;Shine, C., et al. (2003). Invasive alien species in the Austral Pacific Region: National Reports and Directory of Resources. Global Invasive Species Programme, Cape Town, South Africa.;2003
Ostrinia nubilalis;Crambidae;Guam;Oceania;Oceanina;;0;Shine, C., et al. (2003). Invasive alien species in the Austral Pacific Region: National Reports and Directory of Resources. Global Invasive Species Programme, Cape Town, South Africa.;2003
Ostrinia nubilalis;Crambidae;United States;North America;Nearctic;1917;0;European and Mediterranean Plant Protection Organization (EPPO) (2024). EPPO Global Database. Available at: https://gd.eppo.int;2024
Oxyodes scrobiculata;Erebidae;Australia;Australia;Australian;;;Mally, R., et al. (2022), Moths and butterflies on alien shores - global biogeography of non-native Lepidoptera. Dryad, Dataset. Available at: https://doi.org/10.5061/dryad.31zcrjdnw;2022
Oxyplax pallivitta;Limacodidae;Japan;Asia;Oriental;1995;0;CAB International (CABI) (2024). CABI Invasive Species Compendium. Available at: https://www.cabidigitallibrary.org/product/QI;2024
Oxyplax pallivitta;Limacodidae;Hawaii;Oceania;Nearctic;2001;0;Turner, R., et al. (2024). International Non-native Insect Establishment Data (0.2.1) [Data set]. Zenodo.;2024
Paectes arcigera;Euteliidae;Galapagos;South America;Neotropical;1923;0;Turner, R., et al. (2024). International Non-native Insect Establishment Data (0.2.1) [Data set]. Zenodo.;2024
Palpita persimilis;Crambidae;Chile;South America;Neotropical;1960;;Turner, R., et al. (2024). International Non-native Insect Establishment Data (0.2.1) [Data set]. Zenodo.;2024
Palpita persimilis;Crambidae;United States;North America;Nearctic;1985;0;Simpson, A., et al. (2022). United States Register of Introduced and Invasive Species (US-RIIS) (ver. 2.0, November 2022): U.S. Geological Survey data release. Available at: https://www.sciencebase.gov/catalog/item/62d59ae5d34e87fffb2dda99;2022
Palpita vitrealis;Crambidae;Russia Europe;Europe;Palearctic;2016;0;Poltavsky, A., Ilyina, E. (2017). New Finds of Alien Lepidoptera Species in Dagestan. Russian Journal of Biological Invasions. 8(4): 347-350;2017
Pandemis cerasana;Tortricidae;United States;North America;Nearctic;1964;0;Simpson, A., et al. (2022). United States Register of Introduced and Invasive Species (US-RIIS) (ver. 2.0, November 2022): U.S. Geological Survey data release. Available at: https://www.sciencebase.gov/catalog/item/62d59ae5d34e87fffb2dda99;2022
Pandemis heparana;Tortricidae;Canada;North America;Nearctic;1978;0;Gillespie, D., Gillespie, B. (1982). A list of plant-feeding Lepidoptera introduced into British Columbia. Journal of the Entomological Society of British Columbia.  79: 37-54;1982
Pandemis heparana;Tortricidae;United States;North America;Nearctic;1978;0;Simpson, A., et al. (2022). United States Register of Introduced and Invasive Species (US-RIIS) (ver. 2.0, November 2022): U.S. Geological Survey data release. Available at: https://www.sciencebase.gov/catalog/item/62d59ae5d34e87fffb2dda99;2022
Pandesma anysa;Erebidae;Hawaii;Oceania;Nearctic;1975;0;Turner, R., et al. (2024). International Non-native Insect Establishment Data (0.2.1) [Data set]. Zenodo.;2024
Pantydia sparsa;Erebidae;New Zealand;Oceania;Australian;;;Turner, R., et al. (2024). International Non-native Insect Establishment Data (0.2.1) [Data set]. Zenodo.;2024
Papilio demodocus;Papilionidae;French African Islands;Africa;Madagascan;1863;;CAB International (CABI) (2024). CABI Invasive Species Compendium. Available at: https://www.cabidigitallibrary.org/product/QI;2024
Papilio demodocus;Papilionidae;Mauritius;Africa;Oceanina;1870;;CAB International (CABI) (2024). CABI Invasive Species Compendium. Available at: https://www.cabidigitallibrary.org/product/QI;2024
Papilio demoleus;Papilionidae;Cuba;North America;Panamanian;2007;0;European and Mediterranean Plant Protection Organization (EPPO) (2024). EPPO Global Database. Available at: https://gd.eppo.int;2024
Papilio demoleus;Papilionidae;Cyprus;Asia;Saharo-Arabian;2021;0;CAB International (CABI) (2024). CABI Invasive Species Compendium. Available at: https://www.cabidigitallibrary.org/product/QI;2024
Papilio demoleus;Papilionidae;Dominican Republic;North America;Panamanian;2004;0;CAB International (CABI) (2024). CABI Invasive Species Compendium. Available at: https://www.cabidigitallibrary.org/product/QI;2024
Papilio demoleus;Papilionidae;Jamaica;North America;Panamanian;2006;0;CAB International (CABI) (2024). CABI Invasive Species Compendium. Available at: https://www.cabidigitallibrary.org/product/QI;2024
Papilio demoleus;Papilionidae;Sri Lanka;Asia;Oriental;;;CAB International (CABI) (2024). CABI Invasive Species Compendium. Available at: https://www.cabidigitallibrary.org/product/QI;2024
Papilio demoleus;Papilionidae;Portugal;Europe;Palearctic;2012;0;CAB International (CABI) (2024). CABI Invasive Species Compendium. Available at: https://www.cabidigitallibrary.org/product/QI;2024
Papilio demoleus;Papilionidae;Seychelles;Africa;Oceanina;2016;0;Kolosova, Y., Bolotov, I. (2020). Recent invasion of the Lime Swallowtail Papilio demoleus (Lepidoptera: Papilionidae) to Seychelles. Ecologica Montenegrina. 28: 31-39;2020
Papilio demoleus;Papilionidae;Syria;Asia;Saharo-Arabian;2003;0;European and Mediterranean Plant Protection Organization (EPPO) (2024). EPPO Global Database. Available at: https://gd.eppo.int;2024
Papilio demoleus;Papilionidae;Turkey;Asia;Palearctic;2005;0;European and Mediterranean Plant Protection Organization (EPPO) (2024). EPPO Global Database. Available at: https://gd.eppo.int;2024
Papilio demoleus;Papilionidae;US North American Islands;North America;Panamanian;2006;0;European and Mediterranean Plant Protection Organization (EPPO) (2024). EPPO Global Database. Available at: https://gd.eppo.int;2024
Papilio demoleus;Papilionidae;Yemen;Asia;Saharo-Arabian;2009;0;Merit, X., et al. (2009). Papilio demoleus [Linnaeus, 1758] - Une expansion mondiale (Lepidoptera: Papilionidae). Lepidopteres-Revue des Lepidopteristes de France. 18: 44-47;2009
Papilio helenus;Papilionidae;South Korea;Asia;Palearctic;;;Turner, R., et al. (2024). International Non-native Insect Establishment Data (0.2.1) [Data set]. Zenodo.;2024
Papilio polytes;Papilionidae;Palau;Oceania;Oceanina;;0;Shine, C., et al. (2003). Invasive alien species in the Austral Pacific Region: National Reports and Directory of Resources. Global Invasive Species Programme, Cape Town, South Africa.;2003
Paracorsia repandalis;Crambidae;United States;North America;Nearctic;2010;0;Simpson, A., et al. (2022). United States Register of Introduced and Invasive Species (US-RIIS) (ver. 2.0, November 2022): U.S. Geological Survey data release. Available at: https://www.sciencebase.gov/catalog/item/62d59ae5d34e87fffb2dda99;2022
Paralipsa gularis;Pyralidae;Australia;Australia;Australian;;;Mally, R., et al. (2022), Moths and butterflies on alien shores - global biogeography of non-native Lepidoptera. Dryad, Dataset. Available at: https://doi.org/10.5061/dryad.31zcrjdnw;2022
Paralipsa gularis;Pyralidae;Austria;Europe;Palearctic;;0;Invasive Species Specialist Group ISSG (2020). Global Register of Introduced and Invasive Species GRIIS. Available at: https://griis.org;2020
Paralipsa gularis;Pyralidae;Belgium;Europe;Palearctic;;0;Roy, D., et al. (2020). DAISIE - Delivering Alien Invasive Species Inventories for Europe. Available at: http://www.europe-aliens.org/;2020
Paralipsa gularis;Pyralidae;Switzerland;Europe;Palearctic;;0;Roy, D., et al. (2020). DAISIE - Delivering Alien Invasive Species Inventories for Europe. Available at: http://www.europe-aliens.org/;2020
Paralipsa gularis;Pyralidae;Czechia;Europe;Palearctic;;0;Roy, D., et al. (2020). DAISIE - Delivering Alien Invasive Species Inventories for Europe. Available at: http://www.europe-aliens.org/;2020
Paralipsa gularis;Pyralidae;Germany;Europe;Palearctic;;0;Invasive Species Specialist Group ISSG (2020). Global Register of Introduced and Invasive Species GRIIS. Available at: https://griis.org;2020
Paralipsa gularis;Pyralidae;Denmark;Europe;Palearctic;;0;Roy, D., et al. (2020). DAISIE - Delivering Alien Invasive Species Inventories for Europe. Available at: http://www.europe-aliens.org/;2020
Paralipsa gularis;Pyralidae;France;Europe;Palearctic;;0;Roy, D., et al. (2020). DAISIE - Delivering Alien Invasive Species Inventories for Europe. Available at: http://www.europe-aliens.org/;2020
Paralipsa gularis;Pyralidae;United Kingdom;Europe;Palearctic;;0;Roy, D., et al. (2020). DAISIE - Delivering Alien Invasive Species Inventories for Europe. Available at: http://www.europe-aliens.org/;2020
Paralipsa gularis;Pyralidae;Hungary;Europe;Palearctic;;0;Roy, D., et al. (2020). DAISIE - Delivering Alien Invasive Species Inventories for Europe. Available at: http://www.europe-aliens.org/;2020
Paralipsa gularis;Pyralidae;Italy;Europe;Palearctic;1957;0;Roy, D., et al. (2020). DAISIE - Delivering Alien Invasive Species Inventories for Europe. Available at: http://www.europe-aliens.org/;2020
Paralipsa gularis;Pyralidae;Sicily and Sardinia;Europe;Palearctic;1943;0;Roy, D., et al. (2020). DAISIE - Delivering Alien Invasive Species Inventories for Europe. Available at: http://www.europe-aliens.org/;2020
Paralipsa gularis;Pyralidae;South Korea;Asia;Palearctic;;;Turner, R., et al. (2024). International Non-native Insect Establishment Data (0.2.1) [Data set]. Zenodo.;2024
Paralipsa gularis;Pyralidae;Latvia;Europe;Palearctic;;0;Roy, D., et al. (2020). DAISIE - Delivering Alien Invasive Species Inventories for Europe. Available at: http://www.europe-aliens.org/;2020
Paralipsa gularis;Pyralidae;Netherlands;Europe;Palearctic;;0;Roy, D., et al. (2020). DAISIE - Delivering Alien Invasive Species Inventories for Europe. Available at: http://www.europe-aliens.org/;2020
Paralipsa gularis;Pyralidae;Norway;Europe;Palearctic;;0;Roy, D., et al. (2020). DAISIE - Delivering Alien Invasive Species Inventories for Europe. Available at: http://www.europe-aliens.org/;2020
Paralipsa gularis;Pyralidae;Slovenia;Europe;Palearctic;;;Invasive Species Specialist Group ISSG (2020). Global Register of Introduced and Invasive Species GRIIS. Available at: https://griis.org;2020
Paralipsa gularis;Pyralidae;Sweden;Europe;Palearctic;1980;0;Invasive Species Specialist Group ISSG (2020). Global Register of Introduced and Invasive Species GRIIS. Available at: https://griis.org;2020
Paralipsa gularis;Pyralidae;Hawaii;Oceania;Nearctic;1936;0;Turner, R., et al. (2024). International Non-native Insect Establishment Data (0.2.1) [Data set]. Zenodo.;2024
Paranthrene tabaniformis;Sesiidae;United States;North America;Nearctic;;0;CAB International (CABI) (2024). CABI Invasive Species Compendium. Available at: https://www.cabidigitallibrary.org/product/QI;2024
Parantica aglea;Nymphalidae;Japan;Asia;Oriental;2000;0;Turner, R., et al. (2024). International Non-native Insect Establishment Data (0.2.1) [Data set]. Zenodo.;2024
Parapediasia teterellus;Crambidae;China;Asia;Sino-Japanese;;0;Jie, L., et al. (2020). Potential distribution analysis of an invasive alien species Parapediasia teterrella (Lepidoptera, Crambidae) in East Asia. Journal of Asia-Pacific Entomology. 23(1): 219-223;2020
Parapediasia teterellus;Crambidae;Japan;Asia;Oriental;1970;0;Turner, R., et al. (2024). International Non-native Insect Establishment Data (0.2.1) [Data set]. Zenodo.;2024
Parapediasia teterellus;Crambidae;Japan;Asia;Sino-Japanese;1964;0;National Institute for Environmental Studies - Japan (2024). Invasive Species of Japan: Lepidopterans (provisional list);2024
Parapediasia teterellus;Crambidae;South Korea;Asia;Palearctic;2003;;Turner, R., et al. (2024). International Non-native Insect Establishment Data (0.2.1) [Data set]. Zenodo.;2024
Parapoynx bilinealis;Crambidae;Denmark;Europe;Palearctic;;0;Roy, D., et al. (2020). DAISIE - Delivering Alien Invasive Species Inventories for Europe. Available at: http://www.europe-aliens.org/;2020
Parapoynx bilinealis;Crambidae;United Kingdom;Europe;Palearctic;;0;Roy, D., et al. (2020). DAISIE - Delivering Alien Invasive Species Inventories for Europe. Available at: http://www.europe-aliens.org/;2020
Parapoynx bilinealis;Crambidae;Sweden;Europe;Palearctic;;0;Roy, D., et al. (2020). DAISIE - Delivering Alien Invasive Species Inventories for Europe. Available at: http://www.europe-aliens.org/;2020
Parapoynx crisonalis;Crambidae;United Kingdom;Europe;Palearctic;1979;0;CAB International (CABI) (2024). CABI Invasive Species Compendium. Available at: https://www.cabidigitallibrary.org/product/QI;2024
Parapoynx diminutalis;Crambidae;United States;North America;Nearctic;1975;1;Simpson, A., et al. (2022). United States Register of Introduced and Invasive Species (US-RIIS) (ver. 2.0, November 2022): U.S. Geological Survey data release. Available at: https://www.sciencebase.gov/catalog/item/62d59ae5d34e87fffb2dda99;2022
Parapoynx diminutalis;Crambidae;Denmark;Europe;Palearctic;;;Invasive Species Specialist Group ISSG (2020). Global Register of Introduced and Invasive Species GRIIS. Available at: https://griis.org;2020
Parapoynx diminutalis;Crambidae;Panama;North America;Panamanian;;0;Buckingham, G., Bennett, C. (1996). Laboratory biology of an immigrant Asian moth, Parapoynx diminutalis (Lepidoptera: Pyralidae), on Hydrilla verticillata (Hydrocharitaceae). Florida Entomologist. 79(3): 353-353;1996
Parapoynx obscuralis;Crambidae;United Kingdom;Europe;Palearctic;1967;0;CAB International (CABI) (2024). CABI Invasive Species Compendium. Available at: https://www.cabidigitallibrary.org/product/QI;2024
Parapoynx polydectalis;Crambidae;United Kingdom;Europe;Palearctic;1979;0;CAB International (CABI) (2024). CABI Invasive Species Compendium. Available at: https://www.cabidigitallibrary.org/product/QI;2024
Parapoynx polydectalis;Crambidae;Netherlands;Europe;Palearctic;;0;Lopez-Vaamonde, C., et al. (2010). Lepidoptera. Chapter 11. BioRisk. 4: 603-668;2010
Parasa lepida;Limacodidae;Japan;Asia;Oriental;1982;0;Turner, R., et al. (2024). International Non-native Insect Establishment Data (0.2.1) [Data set]. Zenodo.;2024
Parasa lepida;Limacodidae;Japan;Asia;Sino-Japanese;1921;0;National Institute for Environmental Studies - Japan (2024). Invasive Species of Japan: Lepidopterans (provisional list);2024
Parascotia fuliginaria;Erebidae;United States;North America;Nearctic;2017;0;Simpson, A., et al. (2022). United States Register of Introduced and Invasive Species (US-RIIS) (ver. 2.0, November 2022): U.S. Geological Survey data release. Available at: https://www.sciencebase.gov/catalog/item/62d59ae5d34e87fffb2dda99;2022
Paraswammerdamia lutarea;Yponomeutidae;Canada;North America;Nearctic;1956;0;Armstrong, T. (1959). Swammerdamia caesiella Hbn.(Lepidoptera: Yponomeutidae), a New Pest of Japanese Plum in the Niagara Peninsula, Ontario. The Canadian Entomologist. 91(6): 340-345;1959
Paraswammerdamia lutarea;Yponomeutidae;United States;North America;Nearctic;1911;0;Simpson, A., et al. (2022). United States Register of Introduced and Invasive Species (US-RIIS) (ver. 2.0, November 2022): U.S. Geological Survey data release. Available at: https://www.sciencebase.gov/catalog/item/62d59ae5d34e87fffb2dda99;2022
Pardasena virgulana;Nolidae;United Kingdom;Europe;Palearctic;;;CAB International (CABI) (2024). CABI Invasive Species Compendium. Available at: https://www.cabidigitallibrary.org/product/QI;2024
Parectopa alysidota;Gracillariidae;New Zealand;Oceania;Australian;1880;;Turner, R., et al. (2024). International Non-native Insect Establishment Data (0.2.1) [Data set]. Zenodo.;2024
Parectopa robiniella;Gracillariidae;Austria;Europe;Palearctic;1987;0;Invasive Species Specialist Group ISSG (2020). Global Register of Introduced and Invasive Species GRIIS. Available at: https://griis.org;2020
Parectopa robiniella;Gracillariidae;Belgium;Europe;Palearctic;2013;0;European and Mediterranean Plant Protection Organization (EPPO) (2024). EPPO Global Database. Available at: https://gd.eppo.int;2024
Parectopa robiniella;Gracillariidae;Bulgaria;Europe;Palearctic;1990;0;Roy, D., et al. (2020). DAISIE - Delivering Alien Invasive Species Inventories for Europe. Available at: http://www.europe-aliens.org/;2020
Parectopa robiniella;Gracillariidae;Switzerland;Europe;Palearctic;1983;0;Roy, D., et al. (2020). DAISIE - Delivering Alien Invasive Species Inventories for Europe. Available at: http://www.europe-aliens.org/;2020
Parectopa robiniella;Gracillariidae;Czechia;Europe;Palearctic;;0;Roy, D., et al. (2020). DAISIE - Delivering Alien Invasive Species Inventories for Europe. Available at: http://www.europe-aliens.org/;2020
Parectopa robiniella;Gracillariidae;Germany;Europe;Palearctic;;0;Roy, D., et al. (2020). DAISIE - Delivering Alien Invasive Species Inventories for Europe. Available at: http://www.europe-aliens.org/;2020
Parectopa robiniella;Gracillariidae;Spain;Europe;Palearctic;;0;Roy, D., et al. (2020). DAISIE - Delivering Alien Invasive Species Inventories for Europe. Available at: http://www.europe-aliens.org/;2020
Parectopa robiniella;Gracillariidae;France;Europe;Palearctic;1988;0;European and Mediterranean Plant Protection Organization (EPPO) (2024). EPPO Global Database. Available at: https://gd.eppo.int;2024
Parectopa robiniella;Gracillariidae;United Kingdom;Europe;Palearctic;;0;Roy, D., et al. (2020). DAISIE - Delivering Alien Invasive Species Inventories for Europe. Available at: http://www.europe-aliens.org/;2020
Parectopa robiniella;Gracillariidae;Croatia;Europe;Palearctic;;0;European and Mediterranean Plant Protection Organization (EPPO) (2024). EPPO Global Database. Available at: https://gd.eppo.int;2024
Parectopa robiniella;Gracillariidae;Hungary;Europe;Palearctic;1983;0;European and Mediterranean Plant Protection Organization (EPPO) (2024). EPPO Global Database. Available at: https://gd.eppo.int;2024
Parectopa robiniella;Gracillariidae;Italy;Europe;Palearctic;1970;0;Roy, D., et al. (2020). DAISIE - Delivering Alien Invasive Species Inventories for Europe. Available at: http://www.europe-aliens.org/;2020
Parectopa robiniella;Gracillariidae;Lithuania;Europe;Palearctic;2007;0;European and Mediterranean Plant Protection Organization (EPPO) (2024). EPPO Global Database. Available at: https://gd.eppo.int;2024
Parectopa robiniella;Gracillariidae;North Macedonia;Europe;Palearctic;;0;European and Mediterranean Plant Protection Organization (EPPO) (2024). EPPO Global Database. Available at: https://gd.eppo.int;2024
Parectopa robiniella;Gracillariidae;Poland;Europe;Palearctic;1960;0;Roy, D., et al. (2020). DAISIE - Delivering Alien Invasive Species Inventories for Europe. Available at: http://www.europe-aliens.org/;2020
Parectopa robiniella;Gracillariidae;Romania;Europe;Palearctic;1994;0;European and Mediterranean Plant Protection Organization (EPPO) (2024). EPPO Global Database. Available at: https://gd.eppo.int;2024
Parectopa robiniella;Gracillariidae;Russia Europe;Europe;Palearctic;2011;;European and Mediterranean Plant Protection Organization (EPPO) (2024). EPPO Global Database. Available at: https://gd.eppo.int;2024
Parectopa robiniella;Gracillariidae;Serbia;Europe;Palearctic;;0;European and Mediterranean Plant Protection Organization (EPPO) (2024). EPPO Global Database. Available at: https://gd.eppo.int;2024
Parectopa robiniella;Gracillariidae;Slovakia;Europe;Palearctic;1987;0;European and Mediterranean Plant Protection Organization (EPPO) (2024). EPPO Global Database. Available at: https://gd.eppo.int;2024
Parectopa robiniella;Gracillariidae;Slovenia;Europe;Palearctic;;0;European and Mediterranean Plant Protection Organization (EPPO) (2024). EPPO Global Database. Available at: https://gd.eppo.int;2024
Pareuchaetes insulata;Erebidae;South Africa;Africa;Afrotropical;2001;1;Turner, R., et al. (2024). International Non-native Insect Establishment Data (0.2.1) [Data set]. Zenodo.;2024
Pareuchaetes pseudoinsulata;Erebidae;China;Asia;Oriental;2023;0;Cock, M., et al. (2023). Citizen science to monitor the establishment and spread of a biological control agent: the case of Pareuchaetes pseudoinsulata (Lepidoptera, Erebidae) for the control of Chromolaena odorata (Asteraceae) in South and South-East Asia. CABI Agriculture and Bioscience. 4: 25;2023
Pareuchaetes pseudoinsulata;Erebidae;Hainan;Asia;Oriental;2023;0;Cock, M., et al. (2023). Citizen science to monitor the establishment and spread of a biological control agent: the case of Pareuchaetes pseudoinsulata (Lepidoptera, Erebidae) for the control of Chromolaena odorata (Asteraceae) in South and South-East Asia. CABI Agriculture and Bioscience. 4: 25;2023
Pareuchaetes pseudoinsulata;Erebidae;Micronesia;Oceania;Oceanina;;0;Raman, A., et al. (2006). Induced-defense responses in the leaves of Chromolaena odorata consequent to infestation by Pareuchaetes pseudoinsulata (Lepidoptera: Arctiidae). Journal of Plant Diseases and Protection. 113(5): 234-239;2006
Pareuchaetes pseudoinsulata;Erebidae;Ghana;Africa;Afrotropical;1970;1;Muniappan, R., et al. (2005). Distribution and biological control of Chromolaena odorata. In: Inderjit, S. (ed.), Invasive Plants: Ecological and Agricultural Aspects, pp. 223-233. Birkhauser Verlag, Basel, Switzerland;2005
Pareuchaetes pseudoinsulata;Erebidae;Guam;Oceania;Oceanina;;0;Cerny, K. (2011). A Review of the subfamily Arctiinae (Lepidoptera: Arctiidae) from the Philippines. Entomofauna. 32(3): 29-92;2011
Pareuchaetes pseudoinsulata;Erebidae;Indonesia;Asia;Oriental;1992;1;Cock, M., et al. (2023). Citizen science to monitor the establishment and spread of a biological control agent: the case of Pareuchaetes pseudoinsulata (Lepidoptera, Erebidae) for the control of Chromolaena odorata (Asteraceae) in South and South-East Asia. CABI Agriculture and Bioscience. 4: 25;2023
Pareuchaetes pseudoinsulata;Erebidae;India;Asia;Oriental;1973;1;Cock, M., et al. (2023). Citizen science to monitor the establishment and spread of a biological control agent: the case of Pareuchaetes pseudoinsulata (Lepidoptera, Erebidae) for the control of Chromolaena odorata (Asteraceae) in South and South-East Asia. CABI Agriculture and Bioscience. 4: 25;2023
Pareuchaetes pseudoinsulata;Erebidae;Cambodia;Asia;Oriental;2023;0;Cock, M., et al. (2023). Citizen science to monitor the establishment and spread of a biological control agent: the case of Pareuchaetes pseudoinsulata (Lepidoptera, Erebidae) for the control of Chromolaena odorata (Asteraceae) in South and South-East Asia. CABI Agriculture and Bioscience. 4: 25;2023
Pareuchaetes pseudoinsulata;Erebidae;Sri Lanka;Asia;Oriental;1973;1;Cock, M., et al. (2023). Citizen science to monitor the establishment and spread of a biological control agent: the case of Pareuchaetes pseudoinsulata (Lepidoptera, Erebidae) for the control of Chromolaena odorata (Asteraceae) in South and South-East Asia. CABI Agriculture and Bioscience. 4: 25;2023
Pareuchaetes pseudoinsulata;Erebidae;Malaysia;Asia;Oriental;1970;1;Cock, M., et al. (2023). Citizen science to monitor the establishment and spread of a biological control agent: the case of Pareuchaetes pseudoinsulata (Lepidoptera, Erebidae) for the control of Chromolaena odorata (Asteraceae) in South and South-East Asia. CABI Agriculture and Bioscience. 4: 25;2023
Pareuchaetes pseudoinsulata;Erebidae;Nigeria;Africa;Afrotropical;1972;1;Uyi, O., et al. (2011). Discovery of, and studies on, Pareuchaetes pseudoinsulata (Lepidoptera: Arctiidae) in southern Nigeria. International Journal of Tropical Insect Science. 31(3): 199-203;2011
Pareuchaetes pseudoinsulata;Erebidae;Philippines;Asia;Oriental;1985;0;Cock, M., et al. (2023). Citizen science to monitor the establishment and spread of a biological control agent: the case of Pareuchaetes pseudoinsulata (Lepidoptera, Erebidae) for the control of Chromolaena odorata (Asteraceae) in South and South-East Asia. CABI Agriculture and Bioscience. 4: 25;2023
Pareuchaetes pseudoinsulata;Erebidae;Palau;Oceania;Oceanina;;0;Raman, A., et al. (2006). Induced-defense responses in the leaves of Chromolaena odorata consequent to infestation by Pareuchaetes pseudoinsulata (Lepidoptera: Arctiidae). Journal of Plant Diseases and Protection. 113(5): 234-239;2006
Pareuchaetes pseudoinsulata;Erebidae;Papua New Guinea;Oceania;Oceanina;;0;Raman, A., et al. (2006). Induced-defense responses in the leaves of Chromolaena odorata consequent to infestation by Pareuchaetes pseudoinsulata (Lepidoptera: Arctiidae). Journal of Plant Diseases and Protection. 113(5): 234-239;2006
Pareuchaetes pseudoinsulata;Erebidae;US Oceania Micronesia Islands;North America;Oceanina;;0;Raman, A., et al. (2006). Induced-defense responses in the leaves of Chromolaena odorata consequent to infestation by Pareuchaetes pseudoinsulata (Lepidoptera: Arctiidae). Journal of Plant Diseases and Protection. 113(5): 234-239;2006
Pareuchaetes pseudoinsulata;Erebidae;US Oceania Micronesia Islands;Oceania;Oceanina;;0;Raman, A., et al. (2006). Induced-defense responses in the leaves of Chromolaena odorata consequent to infestation by Pareuchaetes pseudoinsulata (Lepidoptera: Arctiidae). Journal of Plant Diseases and Protection. 113(5): 234-239;2006
Parochmastis hilderi;Tineidae;New Zealand;Oceania;Australian;2012;;Turner, R., et al. (2024). International Non-native Insect Establishment Data (0.2.1) [Data set]. Zenodo.;2024
Pasiphila rectangulata;Geometridae;Canada;North America;Nearctic;1970;0;Maier, C. (2005). Hosts, pattern of seasonal emergence and flight, and new distributional records of palearctic Pasiphila rectangulata (Lepidoptera: Geometridae) in the northeastern United States. Annals of the Entomological Society of America. 98(2): 214-218;2005
Pasiphila rectangulata;Geometridae;United States;North America;Nearctic;1968;0;Simpson, A., et al. (2022). United States Register of Introduced and Invasive Species (US-RIIS) (ver. 2.0, November 2022): U.S. Geological Survey data release. Available at: https://www.sciencebase.gov/catalog/item/62d59ae5d34e87fffb2dda99;2022
Paysandisia archon;Castniidae;Albania;Europe;Palearctic;;0;Mori, E., et al. (2023). Invasions by the palm borer moth Paysandisia archon in Italy and assessment of its trophic spectrum. Biological Invasions. 25: 1373-1386;2023
Paysandisia archon;Castniidae;Bulgaria;Europe;Palearctic;;;CAB International (CABI) (2024). CABI Invasive Species Compendium. Available at: https://www.cabidigitallibrary.org/product/QI;2024
Paysandisia archon;Castniidae;Cyprus;Asia;Saharo-Arabian;2009;0;European and Mediterranean Plant Protection Organization (EPPO) (2024). EPPO Global Database. Available at: https://gd.eppo.int;2024
Paysandisia archon;Castniidae;Spain;Europe;Palearctic;1992;0;CAB International (CABI) (2024). CABI Invasive Species Compendium. Available at: https://www.cabidigitallibrary.org/product/QI;2024
Paysandisia archon;Castniidae;Spanish European Islands;Europe;Palearctic;2003;0;European and Mediterranean Plant Protection Organization (EPPO) (2024). EPPO Global Database. Available at: https://gd.eppo.int;2024
Paysandisia archon;Castniidae;France;Europe;Palearctic;2001;0;CAB International (CABI) (2024). CABI Invasive Species Compendium. Available at: https://www.cabidigitallibrary.org/product/QI;2024
Paysandisia archon;Castniidae;United Kingdom;Europe;Palearctic;2002;0;European and Mediterranean Plant Protection Organization (EPPO) (2024). EPPO Global Database. Available at: https://gd.eppo.int;2024
Paysandisia archon;Castniidae;Georgia;Asia;Palearctic;;0;Mori, E., et al. (2023). Invasions by the palm borer moth Paysandisia archon in Italy and assessment of its trophic spectrum. Biological Invasions. 25: 1373-1386;2023
Paysandisia archon;Castniidae;Greece;Europe;Palearctic;1995;0;CAB International (CABI) (2024). CABI Invasive Species Compendium. Available at: https://www.cabidigitallibrary.org/product/QI;2024
Paysandisia archon;Castniidae;Greece European Islands;Europe;Palearctic;;0;CAB International (CABI) (2024). CABI Invasive Species Compendium. Available at: https://www.cabidigitallibrary.org/product/QI;2024
Paysandisia archon;Castniidae;Croatia;Europe;Palearctic;2012;0;European and Mediterranean Plant Protection Organization (EPPO) (2024). EPPO Global Database. Available at: https://gd.eppo.int;2024
Paysandisia archon;Castniidae;Hungary;Europe;Palearctic;2023;0;Safian, S., et al. (2023). First report of the palm borer moth, Paysandisia archon (Burmeister, 1879), in Hungary (Lepidoptera: Castniidae). Folia Entomologica Hungarica. 84: 137-143;2023
Paysandisia archon;Castniidae;Italy;Europe;Palearctic;2002;0;European and Mediterranean Plant Protection Organization (EPPO) (2024). EPPO Global Database. Available at: https://gd.eppo.int;2024
Paysandisia archon;Castniidae;Sicily and Sardinia;Europe;Palearctic;2005;0;European and Mediterranean Plant Protection Organization (EPPO) (2024). EPPO Global Database. Available at: https://gd.eppo.int;2024
Paysandisia archon;Castniidae;Portugal;Europe;Palearctic;1992;0;European and Mediterranean Plant Protection Organization (EPPO) (2024). EPPO Global Database. Available at: https://gd.eppo.int;2024
Paysandisia archon;Castniidae;Russia Asia;Asia;Palearctic;;0;Mori, E., et al. (2023). Invasions by the palm borer moth Paysandisia archon in Italy and assessment of its trophic spectrum. Biological Invasions. 25: 1373-1386;2023
Paysandisia archon;Castniidae;Slovakia;Europe;Palearctic;2009;;CAB International (CABI) (2024). CABI Invasive Species Compendium. Available at: https://www.cabidigitallibrary.org/product/QI;2024
Paysandisia archon;Castniidae;Slovenia;Europe;Palearctic;2008;0;CAB International (CABI) (2024). CABI Invasive Species Compendium. Available at: https://www.cabidigitallibrary.org/product/QI;2024
Paysandisia archon;Castniidae;Ukraine;Europe;Palearctic;;0;European and Mediterranean Plant Protection Organization (EPPO) (2024). EPPO Global Database. Available at: https://gd.eppo.int;2024
Pectinophora fusculella;Gelechiidae;Australia;Australia;Australian;;;Mally, R., et al. (2022), Moths and butterflies on alien shores - global biogeography of non-native Lepidoptera. Dryad, Dataset. Available at: https://doi.org/10.5061/dryad.31zcrjdnw;2022
Pectinophora fusculella;Gelechiidae;Hawaii;Oceania;Nearctic;1952;0;Turner, R., et al. (2024). International Non-native Insect Establishment Data (0.2.1) [Data set]. Zenodo.;2024
Pectinophora gossypiella;Gelechiidae;Albania;Europe;Palearctic;;0;CAB International (CABI) (2024). CABI Invasive Species Compendium. Available at: https://www.cabidigitallibrary.org/product/QI;2024
Pectinophora gossypiella;Gelechiidae;Australia;Australia;Australian;;;CAB International (CABI) (2024). CABI Invasive Species Compendium. Available at: https://www.cabidigitallibrary.org/product/QI;2024
Pectinophora gossypiella;Gelechiidae;China;Asia;Palearctic;;;European and Mediterranean Plant Protection Organization (EPPO) (2024). EPPO Global Database. Available at: https://gd.eppo.int;2024
Pectinophora gossypiella;Gelechiidae;Cyprus;Asia;Saharo-Arabian;1937;0;European and Mediterranean Plant Protection Organization (EPPO) (2024). EPPO Global Database. Available at: https://gd.eppo.int;2024
Pectinophora gossypiella;Gelechiidae;Dominica;North America;Panamanian;;;European and Mediterranean Plant Protection Organization (EPPO) (2024). EPPO Global Database. Available at: https://gd.eppo.int;2024
Pectinophora gossypiella;Gelechiidae;Denmark;Europe;Palearctic;;;European and Mediterranean Plant Protection Organization (EPPO) (2024). EPPO Global Database. Available at: https://gd.eppo.int;2024
Pectinophora gossypiella;Gelechiidae;Spain;Europe;Palearctic;;0;European and Mediterranean Plant Protection Organization (EPPO) (2024). EPPO Global Database. Available at: https://gd.eppo.int;2024
Pectinophora gossypiella;Gelechiidae;Greece;Europe;Palearctic;1935;0;CAB International (CABI) (2024). CABI Invasive Species Compendium. Available at: https://www.cabidigitallibrary.org/product/QI;2024
Pectinophora gossypiella;Gelechiidae;Greece European Islands;Europe;Palearctic;;0;Roy, D., et al. (2020). DAISIE - Delivering Alien Invasive Species Inventories for Europe. Available at: http://www.europe-aliens.org/;2020
Pectinophora gossypiella;Gelechiidae;Israel;Asia;Saharo-Arabian;;0;European and Mediterranean Plant Protection Organization (EPPO) (2024). EPPO Global Database. Available at: https://gd.eppo.int;2024
Pectinophora gossypiella;Gelechiidae;Italy;Europe;Palearctic;1935;0;CAB International (CABI) (2024). CABI Invasive Species Compendium. Available at: https://www.cabidigitallibrary.org/product/QI;2024
Pectinophora gossypiella;Gelechiidae;Sicily and Sardinia;Europe;Palearctic;1935;0;European and Mediterranean Plant Protection Organization (EPPO) (2024). EPPO Global Database. Available at: https://gd.eppo.int;2024
Pectinophora gossypiella;Gelechiidae;Japan;Asia;Oriental;;0;Turner, R., et al. (2024). International Non-native Insect Establishment Data (0.2.1) [Data set]. Zenodo.;2024
Pectinophora gossypiella;Gelechiidae;Japan;Asia;Sino-Japanese;;0;Turner, R., et al. (2024). International Non-native Insect Establishment Data (0.2.1) [Data set]. Zenodo.;2024
Pectinophora gossypiella;Gelechiidae;Kenya;Africa;Afrotropical;;0;European and Mediterranean Plant Protection Organization (EPPO) (2024). EPPO Global Database. Available at: https://gd.eppo.int;2024
Pectinophora gossypiella;Gelechiidae;Mexico;North America;Nearctic;1911;0;European and Mediterranean Plant Protection Organization (EPPO) (2024). EPPO Global Database. Available at: https://gd.eppo.int;2024
Pectinophora gossypiella;Gelechiidae;Peru;South America;Neotropical;1983;0;CAB International (CABI) (2024). CABI Invasive Species Compendium. Available at: https://www.cabidigitallibrary.org/product/QI;2024
Pectinophora gossypiella;Gelechiidae;United States;North America;Nearctic;1916;0;European and Mediterranean Plant Protection Organization (EPPO) (2024). EPPO Global Database. Available at: https://gd.eppo.int;2024
Pectinophora gossypiella;Gelechiidae;Hawaii;Oceania;Nearctic;1907;0;European and Mediterranean Plant Protection Organization (EPPO) (2024). EPPO Global Database. Available at: https://gd.eppo.int;2024
Pectinophora gossypiella;Gelechiidae;South Africa;Africa;Afrotropical;;0;Turner, R., et al. (2024). International Non-native Insect Establishment Data (0.2.1) [Data set]. Zenodo.;2024
Pempelia genistella;Pyralidae;New Zealand;Oceania;Australian;1998;1;Turner, R., et al. (2024). International Non-native Insect Establishment Data (0.2.1) [Data set]. Zenodo.;2024
Pempelia genistella;Pyralidae;Hawaii;Oceania;Nearctic;1996;1;Turner, R., et al. (2024). International Non-native Insect Establishment Data (0.2.1) [Data set]. Zenodo.;2024
Penicillaria jocosatrix;Euteliidae;Palau;Oceania;Oceanina;;0;Shine, C., et al. (2003). Invasive alien species in the Austral Pacific Region: National Reports and Directory of Resources. Global Invasive Species Programme, Cape Town, South Africa.;2003
Penicillaria jocosatrix;Euteliidae;United States;North America;Nearctic;;0;Simpson, A., et al. (2022). United States Register of Introduced and Invasive Species (US-RIIS) (ver. 2.0, November 2022): U.S. Geological Survey data release. Available at: https://www.sciencebase.gov/catalog/item/62d59ae5d34e87fffb2dda99;2022
Penicillaria jocosatrix;Euteliidae;Hawaii;Oceania;Nearctic;1968;0;Turner, R., et al. (2024). International Non-native Insect Establishment Data (0.2.1) [Data set]. Zenodo.;2024
Pennisetia hylaeiformis;Sesiidae;United Kingdom;Europe;Palearctic;2007;0;Turner, R., et al. (2024). International Non-native Insect Establishment Data (0.2.1) [Data set]. Zenodo.;2024
Pennisetia marginatum;Sesiidae;Hawaii;Oceania;Nearctic;1963;1;Turner, R., et al. (2024). International Non-native Insect Establishment Data (0.2.1) [Data set]. Zenodo.;2024
Peribatodes perversaria;Geometridae;Germany;Europe;Palearctic;1952;0;CAB International (CABI) (2024). CABI Invasive Species Compendium. Available at: https://www.cabidigitallibrary.org/product/QI;2024
Pericyma cruegeri;Erebidae;Japan;Asia;Oriental;1986;0;Turner, R., et al. (2024). International Non-native Insect Establishment Data (0.2.1) [Data set]. Zenodo.;2024
Pericyma cruegeri;Erebidae;Japan;Asia;Sino-Japanese;1986;0;National Institute for Environmental Studies - Japan (2024). Invasive Species of Japan: Lepidopterans (provisional list);2024
Pericyma cruegeri;Erebidae;Hawaii;Oceania;Nearctic;1971;0;Turner, R., et al. (2024). International Non-native Insect Establishment Data (0.2.1) [Data set]. Zenodo.;2024
Peridroma saucia;Noctuidae;Japan;Asia;Oriental;;0;Turner, R., et al. (2024). International Non-native Insect Establishment Data (0.2.1) [Data set]. Zenodo.;2024
Peridroma saucia;Noctuidae;Japan;Asia;Sino-Japanese;1976;0;National Institute for Environmental Studies - Japan (2024). Invasive Species of Japan: Lepidopterans (provisional list);2024
Peridroma saucia;Noctuidae;South Korea;Asia;Palearctic;1997;;Turner, R., et al. (2024). International Non-native Insect Establishment Data (0.2.1) [Data set]. Zenodo.;2024
Peridroma saucia;Noctuidae;United States;North America;Nearctic;1900;0;Simpson, A., et al. (2022). United States Register of Introduced and Invasive Species (US-RIIS) (ver. 2.0, November 2022): U.S. Geological Survey data release. Available at: https://www.sciencebase.gov/catalog/item/62d59ae5d34e87fffb2dda99;2022
Peridroma saucia;Noctuidae;Hawaii;Oceania;Nearctic;;0;Turner, R., et al. (2024). International Non-native Insect Establishment Data (0.2.1) [Data set]. Zenodo.;2024
Periploca orichalcella;Cosmopterigidae;Hawaii;Oceania;Nearctic;1956;0;Turner, R., et al. (2024). International Non-native Insect Establishment Data (0.2.1) [Data set]. Zenodo.;2024
Perittia herrichiella;Elachistidae;Canada;North America;Nearctic;1970;0;Kaila, L. (1995). A Revision Of The North American Perittia (Onceroptila), With First Nearctic Records Of The Genus Mendesia (Elachistidae). Journal of the Lepidopterists Society. 49(3): 208-222;1995
Perittia herrichiella;Elachistidae;United States;North America;Nearctic;;0;Simpson, A., et al. (2022). United States Register of Introduced and Invasive Species (US-RIIS) (ver. 2.0, November 2022): U.S. Geological Survey data release. Available at: https://www.sciencebase.gov/catalog/item/62d59ae5d34e87fffb2dda99;2022
Perixera illepidaria;Geometridae;Australia;Australia;Australian;;;Mally, R., et al. (2022), Moths and butterflies on alien shores - global biogeography of non-native Lepidoptera. Dryad, Dataset. Available at: https://doi.org/10.5061/dryad.31zcrjdnw;2022
Perizoma alchemillata;Geometridae;Canada;North America;Nearctic;1954;0;Morris, R., Bolte, K. (1977). The European Species Perizoma alchemillata (the Small Rivulet (BR.))(Lepidoptera: Geometridae) in Newfoundland). The Canadian Entomologist. 109(3): 385-387;1977
Perizoma alchemillata;Geometridae;United States;North America;Nearctic;1958;0;Simpson, A., et al. (2022). United States Register of Introduced and Invasive Species (US-RIIS) (ver. 2.0, November 2022): U.S. Geological Survey data release. Available at: https://www.sciencebase.gov/catalog/item/62d59ae5d34e87fffb2dda99;2022
Phalaenoides glycinae;Noctuidae;New Zealand;Oceania;Australian;1942;;Turner, R., et al. (2024). International Non-native Insect Establishment Data (0.2.1) [Data set]. Zenodo.;2024
Phereoeca allutella;Tineidae;Galapagos;South America;Neotropical;;;Turner, R., et al. (2024). International Non-native Insect Establishment Data (0.2.1) [Data set]. Zenodo.;2024
Phereoeca allutella;Tineidae;Hawaii;Oceania;Nearctic;1916;0;Turner, R., et al. (2024). International Non-native Insect Establishment Data (0.2.1) [Data set]. Zenodo.;2024
Philobota chionoptera;Oecophoridae;New Zealand;Oceania;Australian;2010;;Turner, R., et al. (2024). International Non-native Insect Establishment Data (0.2.1) [Data set]. Zenodo.;2024
Phobetron hipparchia;Limacodidae;Denmark;Europe;Palearctic;;;Invasive Species Specialist Group ISSG (2020). Global Register of Introduced and Invasive Species GRIIS. Available at: https://griis.org;2020
Phoebis agarithe;Pieridae;Hawaii;Oceania;Nearctic;2004;0;Turner, R., et al. (2024). International Non-native Insect Establishment Data (0.2.1) [Data set]. Zenodo.;2024
Phrissogonus laticostata;Geometridae;New Zealand;Oceania;Australian;;;Mally, R., et al. (2022), Moths and butterflies on alien shores - global biogeography of non-native Lepidoptera. Dryad, Dataset. Available at: https://doi.org/10.5061/dryad.31zcrjdnw;2022
Phtheochroa pulvillana;Tortricidae;Austria;Europe;Palearctic;;;CAB International (CABI) (2024). CABI Invasive Species Compendium. Available at: https://www.cabidigitallibrary.org/product/QI;2024
Phtheochroa pulvillana;Tortricidae;Slovenia;Europe;Palearctic;;;Invasive Species Specialist Group ISSG (2020). Global Register of Introduced and Invasive Species GRIIS. Available at: https://griis.org;2020
Phthorimaea absoluta;Gelechiidae;Afghanistan;Asia;Saharo-Arabian;2015;0;CAB International (CABI) (2024). CABI Invasive Species Compendium. Available at: https://www.cabidigitallibrary.org/product/QI;2024
Phthorimaea absoluta;Gelechiidae;Angola;Africa;Afrotropical;2017;0;European and Mediterranean Plant Protection Organization (EPPO) (2024). EPPO Global Database. Available at: https://gd.eppo.int;2024
Phthorimaea absoluta;Gelechiidae;Albania;Europe;Palearctic;2009;0;European and Mediterranean Plant Protection Organization (EPPO) (2024). EPPO Global Database. Available at: https://gd.eppo.int;2024
Phthorimaea absoluta;Gelechiidae;United Arab Emirates;Asia;Saharo-Arabian;2010;0;CAB International (CABI) (2024). CABI Invasive Species Compendium. Available at: https://www.cabidigitallibrary.org/product/QI;2024
Phthorimaea absoluta;Gelechiidae;Argentina;South America;Neotropical;1964;;CAB International (CABI) (2024). CABI Invasive Species Compendium. Available at: https://www.cabidigitallibrary.org/product/QI;2024
Phthorimaea absoluta;Gelechiidae;Austria;Europe;Palearctic;2010;;CAB International (CABI) (2024). CABI Invasive Species Compendium. Available at: https://www.cabidigitallibrary.org/product/QI;2024
Phthorimaea absoluta;Gelechiidae;Burundi;Africa;Afrotropical;2018;0;European and Mediterranean Plant Protection Organization (EPPO) (2024). EPPO Global Database. Available at: https://gd.eppo.int;2024
Phthorimaea absoluta;Gelechiidae;Belgium;Europe;Palearctic;2009;;CAB International (CABI) (2024). CABI Invasive Species Compendium. Available at: https://www.cabidigitallibrary.org/product/QI;2024
Phthorimaea absoluta;Gelechiidae;Benin;Africa;Afrotropical;2017;;CAB International (CABI) (2024). CABI Invasive Species Compendium. Available at: https://www.cabidigitallibrary.org/product/QI;2024
Phthorimaea absoluta;Gelechiidae;Burkina Faso;Africa;Afrotropical;2016;0;CAB International (CABI) (2024). CABI Invasive Species Compendium. Available at: https://www.cabidigitallibrary.org/product/QI;2024
Phthorimaea absoluta;Gelechiidae;Bangladesh;Asia;Oriental;2016;0;European and Mediterranean Plant Protection Organization (EPPO) (2024). EPPO Global Database. Available at: https://gd.eppo.int;2024
Phthorimaea absoluta;Gelechiidae;Bulgaria;Europe;Palearctic;2009;0;European and Mediterranean Plant Protection Organization (EPPO) (2024). EPPO Global Database. Available at: https://gd.eppo.int;2024
Phthorimaea absoluta;Gelechiidae;Bahrain;Asia;Saharo-Arabian;2009;0;CAB International (CABI) (2024). CABI Invasive Species Compendium. Available at: https://www.cabidigitallibrary.org/product/QI;2024
Phthorimaea absoluta;Gelechiidae;Bosnia and Herzegovina;Europe;Palearctic;2010;0;CAB International (CABI) (2024). CABI Invasive Species Compendium. Available at: https://www.cabidigitallibrary.org/product/QI;2024
Phthorimaea absoluta;Gelechiidae;Bolivia;South America;Neotropical;1983;;European and Mediterranean Plant Protection Organization (EPPO) (2024). EPPO Global Database. Available at: https://gd.eppo.int;2024
Phthorimaea absoluta;Gelechiidae;Brazil;South America;Neotropical;1979;;CAB International (CABI) (2024). CABI Invasive Species Compendium. Available at: https://www.cabidigitallibrary.org/product/QI;2024
Phthorimaea absoluta;Gelechiidae;Botswana;Africa;Afrotropical;2017;0;European and Mediterranean Plant Protection Organization (EPPO) (2024). EPPO Global Database. Available at: https://gd.eppo.int;2024
Phthorimaea absoluta;Gelechiidae;Switzerland;Europe;Palearctic;2009;0;European and Mediterranean Plant Protection Organization (EPPO) (2024). EPPO Global Database. Available at: https://gd.eppo.int;2024
Phthorimaea absoluta;Gelechiidae;Chile;South America;Neotropical;1935;;European and Mediterranean Plant Protection Organization (EPPO) (2024). EPPO Global Database. Available at: https://gd.eppo.int;2024
Phthorimaea absoluta;Gelechiidae;China;Asia;Palearctic;2017;;CAB International (CABI) (2024). CABI Invasive Species Compendium. Available at: https://www.cabidigitallibrary.org/product/QI;2024
Phthorimaea absoluta;Gelechiidae;Cote dIvoire;Africa;Afrotropical;2020;0;European and Mediterranean Plant Protection Organization (EPPO) (2024). EPPO Global Database. Available at: https://gd.eppo.int;2024
Phthorimaea absoluta;Gelechiidae;Cameroon;Africa;Afrotropical;;;CAB International (CABI) (2024). CABI Invasive Species Compendium. Available at: https://www.cabidigitallibrary.org/product/QI;2024
Phthorimaea absoluta;Gelechiidae;Colombia;South America;Neotropical;1989;;European and Mediterranean Plant Protection Organization (EPPO) (2024). EPPO Global Database. Available at: https://gd.eppo.int;2024
Phthorimaea absoluta;Gelechiidae;Costa Rica;North America;Panamanian;2014;0;CAB International (CABI) (2024). CABI Invasive Species Compendium. Available at: https://www.cabidigitallibrary.org/product/QI;2024
Phthorimaea absoluta;Gelechiidae;Cyprus;Asia;Saharo-Arabian;2009;0;European and Mediterranean Plant Protection Organization (EPPO) (2024). EPPO Global Database. Available at: https://gd.eppo.int;2024
Phthorimaea absoluta;Gelechiidae;Czechia;Europe;Palearctic;2013;0;CAB International (CABI) (2024). CABI Invasive Species Compendium. Available at: https://www.cabidigitallibrary.org/product/QI;2024
Phthorimaea absoluta;Gelechiidae;Algeria;Africa;Saharo-Arabian;2008;0;CAB International (CABI) (2024). CABI Invasive Species Compendium. Available at: https://www.cabidigitallibrary.org/product/QI;2024
Phthorimaea absoluta;Gelechiidae;Ecuador;South America;Neotropical;1989;;European and Mediterranean Plant Protection Organization (EPPO) (2024). EPPO Global Database. Available at: https://gd.eppo.int;2024
Phthorimaea absoluta;Gelechiidae;Galapagos;South America;Neotropical;2002;;Turner, R., et al. (2024). International Non-native Insect Establishment Data (0.2.1) [Data set]. Zenodo.;2024
Phthorimaea absoluta;Gelechiidae;Egypt;Africa;Saharo-Arabian;2008;0;CAB International (CABI) (2024). CABI Invasive Species Compendium. Available at: https://www.cabidigitallibrary.org/product/QI;2024
Phthorimaea absoluta;Gelechiidae;Spain;Europe;Palearctic;2006;0;CAB International (CABI) (2024). CABI Invasive Species Compendium. Available at: https://www.cabidigitallibrary.org/product/QI;2024
Phthorimaea absoluta;Gelechiidae;Canary Islands;Africa;Palearctic;2008;;CAB International (CABI) (2024). CABI Invasive Species Compendium. Available at: https://www.cabidigitallibrary.org/product/QI;2024
Phthorimaea absoluta;Gelechiidae;Spanish European Islands;Europe;Palearctic;2006;0;European and Mediterranean Plant Protection Organization (EPPO) (2024). EPPO Global Database. Available at: https://gd.eppo.int;2024
Phthorimaea absoluta;Gelechiidae;Ethiopia;Africa;Afrotropical;2012;0;CAB International (CABI) (2024). CABI Invasive Species Compendium. Available at: https://www.cabidigitallibrary.org/product/QI;2024
Phthorimaea absoluta;Gelechiidae;France;Europe;Palearctic;2008;0;European and Mediterranean Plant Protection Organization (EPPO) (2024). EPPO Global Database. Available at: https://gd.eppo.int;2024
Phthorimaea absoluta;Gelechiidae;French European Islands;Europe;Palearctic;2006;0;CAB International (CABI) (2024). CABI Invasive Species Compendium. Available at: https://www.cabidigitallibrary.org/product/QI;2024
Phthorimaea absoluta;Gelechiidae;United Kingdom;Europe;Palearctic;2007;0;European and Mediterranean Plant Protection Organization (EPPO) (2024). EPPO Global Database. Available at: https://gd.eppo.int;2024
Phthorimaea absoluta;Gelechiidae;Georgia;Asia;Palearctic;2011;0;European and Mediterranean Plant Protection Organization (EPPO) (2024). EPPO Global Database. Available at: https://gd.eppo.int;2024
Phthorimaea absoluta;Gelechiidae;Ghana;Africa;Afrotropical;;;European and Mediterranean Plant Protection Organization (EPPO) (2024). EPPO Global Database. Available at: https://gd.eppo.int;2024
Phthorimaea absoluta;Gelechiidae;Guinea;Africa;Afrotropical;2015;0;Hossain, M., et al. (2016). First Record of Tuta absoluta (Lepidoptera: Gelechiidae) from Bangladesh. Journal of Agricultural and Urban Entomology. 32(1):101-105;2016
Phthorimaea absoluta;Gelechiidae;Gambia;Africa;Afrotropical;2013;0;Hossain, M., et al. (2016). First Record of Tuta absoluta (Lepidoptera: Gelechiidae) from Bangladesh. Journal of Agricultural and Urban Entomology. 32(1):101-105;2016
Phthorimaea absoluta;Gelechiidae;Greece;Europe;Palearctic;2006;0;CAB International (CABI) (2024). CABI Invasive Species Compendium. Available at: https://www.cabidigitallibrary.org/product/QI;2024
Phthorimaea absoluta;Gelechiidae;Greece European Islands;Europe;Palearctic;2009;;European and Mediterranean Plant Protection Organization (EPPO) (2024). EPPO Global Database. Available at: https://gd.eppo.int;2024
Phthorimaea absoluta;Gelechiidae;Croatia;Europe;Palearctic;2009;0;CAB International (CABI) (2024). CABI Invasive Species Compendium. Available at: https://www.cabidigitallibrary.org/product/QI;2024
Phthorimaea absoluta;Gelechiidae;Haiti;North America;Panamanian;2018;;CAB International (CABI) (2024). CABI Invasive Species Compendium. Available at: https://www.cabidigitallibrary.org/product/QI;2024
Phthorimaea absoluta;Gelechiidae;Hungary;Europe;Palearctic;2010;0;European and Mediterranean Plant Protection Organization (EPPO) (2024). EPPO Global Database. Available at: https://gd.eppo.int;2024
Phthorimaea absoluta;Gelechiidae;India;Asia;Oriental;2013;0;European and Mediterranean Plant Protection Organization (EPPO) (2024). EPPO Global Database. Available at: https://gd.eppo.int;2024
Phthorimaea absoluta;Gelechiidae;India;Asia;Sino-Japanese;;;CAB International (CABI) (2024). CABI Invasive Species Compendium. Available at: https://www.cabidigitallibrary.org/product/QI;2024
Phthorimaea absoluta;Gelechiidae;Iran;Asia;Saharo-Arabian;2010;0;CAB International (CABI) (2024). CABI Invasive Species Compendium. Available at: https://www.cabidigitallibrary.org/product/QI;2024
Phthorimaea absoluta;Gelechiidae;Iraq;Asia;Saharo-Arabian;2009;0;European and Mediterranean Plant Protection Organization (EPPO) (2024). EPPO Global Database. Available at: https://gd.eppo.int;2024
Phthorimaea absoluta;Gelechiidae;Israel;Asia;Saharo-Arabian;2009;0;CAB International (CABI) (2024). CABI Invasive Species Compendium. Available at: https://www.cabidigitallibrary.org/product/QI;2024
Phthorimaea absoluta;Gelechiidae;Italy;Europe;Palearctic;2008;0;European and Mediterranean Plant Protection Organization (EPPO) (2024). EPPO Global Database. Available at: https://gd.eppo.int;2024
Phthorimaea absoluta;Gelechiidae;Sicily and Sardinia;Europe;Palearctic;2008;0;CAB International (CABI) (2024). CABI Invasive Species Compendium. Available at: https://www.cabidigitallibrary.org/product/QI;2024
Phthorimaea absoluta;Gelechiidae;Jordan;Asia;Saharo-Arabian;2009;0;European and Mediterranean Plant Protection Organization (EPPO) (2024). EPPO Global Database. Available at: https://gd.eppo.int;2024
Phthorimaea absoluta;Gelechiidae;Kenya;Africa;Afrotropical;2013;0;European and Mediterranean Plant Protection Organization (EPPO) (2024). EPPO Global Database. Available at: https://gd.eppo.int;2024
Phthorimaea absoluta;Gelechiidae;Kyrgyzstan;Asia;Palearctic;2016;0;European and Mediterranean Plant Protection Organization (EPPO) (2024). EPPO Global Database. Available at: https://gd.eppo.int;2024
Phthorimaea absoluta;Gelechiidae;Kuwait;Asia;Saharo-Arabian;2010;0;CAB International (CABI) (2024). CABI Invasive Species Compendium. Available at: https://www.cabidigitallibrary.org/product/QI;2024
Phthorimaea absoluta;Gelechiidae;Libya;Africa;Saharo-Arabian;2009;0;CAB International (CABI) (2024). CABI Invasive Species Compendium. Available at: https://www.cabidigitallibrary.org/product/QI;2024
Phthorimaea absoluta;Gelechiidae;Lesotho;Africa;Afrotropical;2018;;European and Mediterranean Plant Protection Organization (EPPO) (2024). EPPO Global Database. Available at: https://gd.eppo.int;2024
Phthorimaea absoluta;Gelechiidae;Lithuania;Europe;Palearctic;2009;0;European and Mediterranean Plant Protection Organization (EPPO) (2024). EPPO Global Database. Available at: https://gd.eppo.int;2024
Phthorimaea absoluta;Gelechiidae;Morocco;Africa;Saharo-Arabian;2008;0;CAB International (CABI) (2024). CABI Invasive Species Compendium. Available at: https://www.cabidigitallibrary.org/product/QI;2024
Phthorimaea absoluta;Gelechiidae;Mali;Africa;Afrotropical;2015;0;Hossain, M., et al. (2016). First Record of Tuta absoluta (Lepidoptera: Gelechiidae) from Bangladesh. Journal of Agricultural and Urban Entomology. 32(1):101-105;2016
Phthorimaea absoluta;Gelechiidae;Malta;Europe;Saharo-Arabian;2009;0;CAB International (CABI) (2024). CABI Invasive Species Compendium. Available at: https://www.cabidigitallibrary.org/product/QI;2024
Phthorimaea absoluta;Gelechiidae;Montenegro;Europe;Palearctic;2010;0;European and Mediterranean Plant Protection Organization (EPPO) (2024). EPPO Global Database. Available at: https://gd.eppo.int;2024
Phthorimaea absoluta;Gelechiidae;Mozambique;Africa;Afrotropical;2017;;European and Mediterranean Plant Protection Organization (EPPO) (2024). EPPO Global Database. Available at: https://gd.eppo.int;2024
Phthorimaea absoluta;Gelechiidae;Malawi;Africa;Afrotropical;;;CAB International (CABI) (2024). CABI Invasive Species Compendium. Available at: https://www.cabidigitallibrary.org/product/QI;2024
Phthorimaea absoluta;Gelechiidae;Niger;Africa;Afrotropical;2012;0;CAB International (CABI) (2024). CABI Invasive Species Compendium. Available at: https://www.cabidigitallibrary.org/product/QI;2024
Phthorimaea absoluta;Gelechiidae;Nigeria;Africa;Afrotropical;2015;0;European and Mediterranean Plant Protection Organization (EPPO) (2024). EPPO Global Database. Available at: https://gd.eppo.int;2024
Phthorimaea absoluta;Gelechiidae;Netherlands;Europe;Palearctic;2009;0;European and Mediterranean Plant Protection Organization (EPPO) (2024). EPPO Global Database. Available at: https://gd.eppo.int;2024
Phthorimaea absoluta;Gelechiidae;Norway;Europe;Palearctic;;;European and Mediterranean Plant Protection Organization (EPPO) (2024). EPPO Global Database. Available at: https://gd.eppo.int;2024
Phthorimaea absoluta;Gelechiidae;Nepal;Asia;Sino-Japanese;2016;0;CAB International (CABI) (2024). CABI Invasive Species Compendium. Available at: https://www.cabidigitallibrary.org/product/QI;2024
Phthorimaea absoluta;Gelechiidae;Oman;Asia;Saharo-Arabian;2011;0;Hossain, M., et al. (2016). First Record of Tuta absoluta (Lepidoptera: Gelechiidae) from Bangladesh. Journal of Agricultural and Urban Entomology. 32(1):101-105;2016
Phthorimaea absoluta;Gelechiidae;Pakistan;Asia;Oriental;2020;;CAB International (CABI) (2024). CABI Invasive Species Compendium. Available at: https://www.cabidigitallibrary.org/product/QI;2024
Phthorimaea absoluta;Gelechiidae;Panama;North America;Panamanian;2013;0;European and Mediterranean Plant Protection Organization (EPPO) (2024). EPPO Global Database. Available at: https://gd.eppo.int;2024
Phthorimaea absoluta;Gelechiidae;Portugal;Europe;Palearctic;2009;0;CAB International (CABI) (2024). CABI Invasive Species Compendium. Available at: https://www.cabidigitallibrary.org/product/QI;2024
Phthorimaea absoluta;Gelechiidae;Azores;Europe;Palearctic;;;CAB International (CABI) (2024). CABI Invasive Species Compendium. Available at: https://www.cabidigitallibrary.org/product/QI;2024
Phthorimaea absoluta;Gelechiidae;Paraguay;South America;Neotropical;1994;;CAB International (CABI) (2024). CABI Invasive Species Compendium. Available at: https://www.cabidigitallibrary.org/product/QI;2024
Phthorimaea absoluta;Gelechiidae;Qatar;Asia;Saharo-Arabian;2010;0;European and Mediterranean Plant Protection Organization (EPPO) (2024). EPPO Global Database. Available at: https://gd.eppo.int;2024
Phthorimaea absoluta;Gelechiidae;Romania;Europe;Palearctic;2000;0;CAB International (CABI) (2024). CABI Invasive Species Compendium. Available at: https://www.cabidigitallibrary.org/product/QI;2024
Phthorimaea absoluta;Gelechiidae;Russia Europe;Europe;Palearctic;2010;;CAB International (CABI) (2024). CABI Invasive Species Compendium. Available at: https://www.cabidigitallibrary.org/product/QI;2024
Phthorimaea absoluta;Gelechiidae;Russia Asia;Asia;Palearctic;2009;0;European and Mediterranean Plant Protection Organization (EPPO) (2024). EPPO Global Database. Available at: https://gd.eppo.int;2024
Phthorimaea absoluta;Gelechiidae;Rwanda;Africa;Afrotropical;2015;;European and Mediterranean Plant Protection Organization (EPPO) (2024). EPPO Global Database. Available at: https://gd.eppo.int;2024
Phthorimaea absoluta;Gelechiidae;Saudi Arabia;Asia;Saharo-Arabian;2009;0;European and Mediterranean Plant Protection Organization (EPPO) (2024). EPPO Global Database. Available at: https://gd.eppo.int;2024
Phthorimaea absoluta;Gelechiidae;Sudan;Africa;Afrotropical;2010;;CAB International (CABI) (2024). CABI Invasive Species Compendium. Available at: https://www.cabidigitallibrary.org/product/QI;2024
Phthorimaea absoluta;Gelechiidae;Senegal;Africa;Afrotropical;2012;0;CAB International (CABI) (2024). CABI Invasive Species Compendium. Available at: https://www.cabidigitallibrary.org/product/QI;2024
Phthorimaea absoluta;Gelechiidae;Serbia;Europe;Palearctic;2011;0;European and Mediterranean Plant Protection Organization (EPPO) (2024). EPPO Global Database. Available at: https://gd.eppo.int;2024
Phthorimaea absoluta;Gelechiidae;Slovenia;Europe;Palearctic;2009;0;CAB International (CABI) (2024). CABI Invasive Species Compendium. Available at: https://www.cabidigitallibrary.org/product/QI;2024
Phthorimaea absoluta;Gelechiidae;Seychelles;Africa;Oceanina;;;CAB International (CABI) (2024). CABI Invasive Species Compendium. Available at: https://www.cabidigitallibrary.org/product/QI;2024
Phthorimaea absoluta;Gelechiidae;Syria;Asia;Saharo-Arabian;2009;0;CAB International (CABI) (2024). CABI Invasive Species Compendium. Available at: https://www.cabidigitallibrary.org/product/QI;2024
Phthorimaea absoluta;Gelechiidae;Togo;Africa;Afrotropical;2018;0;European and Mediterranean Plant Protection Organization (EPPO) (2024). EPPO Global Database. Available at: https://gd.eppo.int;2024
Phthorimaea absoluta;Gelechiidae;Tajikistan;Asia;Palearctic;2016;0;European and Mediterranean Plant Protection Organization (EPPO) (2024). EPPO Global Database. Available at: https://gd.eppo.int;2024
Phthorimaea absoluta;Gelechiidae;Turkmenistan;Asia;Palearctic;2015;;European and Mediterranean Plant Protection Organization (EPPO) (2024). EPPO Global Database. Available at: https://gd.eppo.int;2024
Phthorimaea absoluta;Gelechiidae;Tunisia;Africa;Saharo-Arabian;2008;0;CAB International (CABI) (2024). CABI Invasive Species Compendium. Available at: https://www.cabidigitallibrary.org/product/QI;2024
Phthorimaea absoluta;Gelechiidae;Turkey;Asia;Palearctic;2009;0;European and Mediterranean Plant Protection Organization (EPPO) (2024). EPPO Global Database. Available at: https://gd.eppo.int;2024
Phthorimaea absoluta;Gelechiidae;Tanzania;Africa;Afrotropical;2014;0;European and Mediterranean Plant Protection Organization (EPPO) (2024). EPPO Global Database. Available at: https://gd.eppo.int;2024
Phthorimaea absoluta;Gelechiidae;Uganda;Africa;Afrotropical;2015;0;CAB International (CABI) (2024). CABI Invasive Species Compendium. Available at: https://www.cabidigitallibrary.org/product/QI;2024
Phthorimaea absoluta;Gelechiidae;Ukraine;Europe;Palearctic;2014;0;European and Mediterranean Plant Protection Organization (EPPO) (2024). EPPO Global Database. Available at: https://gd.eppo.int;2024
Phthorimaea absoluta;Gelechiidae;Uruguay;South America;Neotropical;1995;;European and Mediterranean Plant Protection Organization (EPPO) (2024). EPPO Global Database. Available at: https://gd.eppo.int;2024
Phthorimaea absoluta;Gelechiidae;Uzbekistan;Asia;Palearctic;2015;0;CAB International (CABI) (2024). CABI Invasive Species Compendium. Available at: https://www.cabidigitallibrary.org/product/QI;2024
Phthorimaea absoluta;Gelechiidae;Venezuela;South America;Neotropical;1964;;European and Mediterranean Plant Protection Organization (EPPO) (2024). EPPO Global Database. Available at: https://gd.eppo.int;2024
Phthorimaea absoluta;Gelechiidae;Kosovo;Europe;Palearctic;2010;0;Hossain, M., et al. (2016). First Record of Tuta absoluta (Lepidoptera: Gelechiidae) from Bangladesh. Journal of Agricultural and Urban Entomology. 32(1):101-105;2016
Phthorimaea absoluta;Gelechiidae;Yemen;Asia;Saharo-Arabian;2010;0;CAB International (CABI) (2024). CABI Invasive Species Compendium. Available at: https://www.cabidigitallibrary.org/product/QI;2024
Phthorimaea absoluta;Gelechiidae;South Africa;Africa;Afrotropical;2016;0;Turner, R., et al. (2024). International Non-native Insect Establishment Data (0.2.1) [Data set]. Zenodo.;2024
Phthorimaea absoluta;Gelechiidae;Zambia;Africa;Afrotropical;2015;0;European and Mediterranean Plant Protection Organization (EPPO) (2024). EPPO Global Database. Available at: https://gd.eppo.int;2024
Phthorimaea absoluta;Gelechiidae;Zimbabwe;Africa;Afrotropical;;0;CAB International (CABI) (2024). CABI Invasive Species Compendium. Available at: https://www.cabidigitallibrary.org/product/QI;2024
Phthorimaea operculella;Gelechiidae;Albania;Europe;Palearctic;;0;CAB International (CABI) (2024). CABI Invasive Species Compendium. Available at: https://www.cabidigitallibrary.org/product/QI;2024
Phthorimaea operculella;Gelechiidae;Australia;Australia;Australian;;;European and Mediterranean Plant Protection Organization (EPPO) (2024). EPPO Global Database. Available at: https://gd.eppo.int;2024
Phthorimaea operculella;Gelechiidae;Belgium;Europe;Palearctic;;0;European and Mediterranean Plant Protection Organization (EPPO) (2024). EPPO Global Database. Available at: https://gd.eppo.int;2024
Phthorimaea operculella;Gelechiidae;Bulgaria;Europe;Palearctic;;0;European and Mediterranean Plant Protection Organization (EPPO) (2024). EPPO Global Database. Available at: https://gd.eppo.int;2024
Phthorimaea operculella;Gelechiidae;Chile;South America;Neotropical;1904;;CAB International (CABI) (2024). CABI Invasive Species Compendium. Available at: https://www.cabidigitallibrary.org/product/QI;2024
Phthorimaea operculella;Gelechiidae;China;Asia;Palearctic;1937;;CAB International (CABI) (2024). CABI Invasive Species Compendium. Available at: https://www.cabidigitallibrary.org/product/QI;2024
Phthorimaea operculella;Gelechiidae;Cyprus;Asia;Saharo-Arabian;1937;0;CAB International (CABI) (2024). CABI Invasive Species Compendium. Available at: https://www.cabidigitallibrary.org/product/QI;2024
Phthorimaea operculella;Gelechiidae;Denmark;Europe;Palearctic;;0;CAB International (CABI) (2024). CABI Invasive Species Compendium. Available at: https://www.cabidigitallibrary.org/product/QI;2024
Phthorimaea operculella;Gelechiidae;Spain;Europe;Palearctic;;0;European and Mediterranean Plant Protection Organization (EPPO) (2024). EPPO Global Database. Available at: https://gd.eppo.int;2024
Phthorimaea operculella;Gelechiidae;Ethiopia;Africa;Afrotropical;;0;CAB International (CABI) (2024). CABI Invasive Species Compendium. Available at: https://www.cabidigitallibrary.org/product/QI;2024
Phthorimaea operculella;Gelechiidae;United Kingdom;Europe;Palearctic;;0;CAB International (CABI) (2024). CABI Invasive Species Compendium. Available at: https://www.cabidigitallibrary.org/product/QI;2024
Phthorimaea operculella;Gelechiidae;Georgia;Asia;Palearctic;1938;0;CAB International (CABI) (2024). CABI Invasive Species Compendium. Available at: https://www.cabidigitallibrary.org/product/QI;2024
Phthorimaea operculella;Gelechiidae;Greece;Europe;Palearctic;1899;0;European and Mediterranean Plant Protection Organization (EPPO) (2024). EPPO Global Database. Available at: https://gd.eppo.int;2024
Phthorimaea operculella;Gelechiidae;Hungary;Europe;Palearctic;1975;0;European and Mediterranean Plant Protection Organization (EPPO) (2024). EPPO Global Database. Available at: https://gd.eppo.int;2024
Phthorimaea operculella;Gelechiidae;Ireland;Europe;Palearctic;;;Invasive Species Specialist Group ISSG (2020). Global Register of Introduced and Invasive Species GRIIS. Available at: https://griis.org;2020
Phthorimaea operculella;Gelechiidae;Israel;Asia;Saharo-Arabian;;0;European and Mediterranean Plant Protection Organization (EPPO) (2024). EPPO Global Database. Available at: https://gd.eppo.int;2024
Phthorimaea operculella;Gelechiidae;Italy;Europe;Palearctic;1950;0;CAB International (CABI) (2024). CABI Invasive Species Compendium. Available at: https://www.cabidigitallibrary.org/product/QI;2024
Phthorimaea operculella;Gelechiidae;Sicily and Sardinia;Europe;Palearctic;1949;0;European and Mediterranean Plant Protection Organization (EPPO) (2024). EPPO Global Database. Available at: https://gd.eppo.int;2024
Phthorimaea operculella;Gelechiidae;Japan;Asia;Oriental;1967;0;Turner, R., et al. (2024). International Non-native Insect Establishment Data (0.2.1) [Data set]. Zenodo.;2024
Phthorimaea operculella;Gelechiidae;Japan;Asia;Sino-Japanese;1953;0;National Institute for Environmental Studies - Japan (2024). Invasive Species of Japan: Lepidopterans (provisional list);2024
Phthorimaea operculella;Gelechiidae;Kenya;Africa;Afrotropical;;0;European and Mediterranean Plant Protection Organization (EPPO) (2024). EPPO Global Database. Available at: https://gd.eppo.int;2024
Phthorimaea operculella;Gelechiidae;South Korea;Asia;Palearctic;1968;;European and Mediterranean Plant Protection Organization (EPPO) (2024). EPPO Global Database. Available at: https://gd.eppo.int;2024
Phthorimaea operculella;Gelechiidae;South Korean Islands;Asia;Palearctic;1963;0;Maharjan, R., Jung, C. (2011). Rearing methods of potato tuber moth, Phthorimaea oper- culella (Zeller) (Lepidoptera: Gelechiidae). Korean Journal of Soil Zoology. 15: 53-57;2011
Phthorimaea operculella;Gelechiidae;North Macedonia;Europe;Palearctic;;0;European and Mediterranean Plant Protection Organization (EPPO) (2024). EPPO Global Database. Available at: https://gd.eppo.int;2024
Phthorimaea operculella;Gelechiidae;Malta;Europe;Saharo-Arabian;;0;CAB International (CABI) (2024). CABI Invasive Species Compendium. Available at: https://www.cabidigitallibrary.org/product/QI;2024
Phthorimaea operculella;Gelechiidae;Netherlands;Europe;Palearctic;;0;European and Mediterranean Plant Protection Organization (EPPO) (2024). EPPO Global Database. Available at: https://gd.eppo.int;2024
Phthorimaea operculella;Gelechiidae;Nepal;Asia;Sino-Japanese;;;European and Mediterranean Plant Protection Organization (EPPO) (2024). EPPO Global Database. Available at: https://gd.eppo.int;2024
Phthorimaea operculella;Gelechiidae;New Zealand;Oceania;Australian;1921;;European and Mediterranean Plant Protection Organization (EPPO) (2024). EPPO Global Database. Available at: https://gd.eppo.int;2024
Phthorimaea operculella;Gelechiidae;Portugal;Europe;Palearctic;;0;European and Mediterranean Plant Protection Organization (EPPO) (2024). EPPO Global Database. Available at: https://gd.eppo.int;2024
Phthorimaea operculella;Gelechiidae;Azores;Europe;Palearctic;;0;CAB International (CABI) (2024). CABI Invasive Species Compendium. Available at: https://www.cabidigitallibrary.org/product/QI;2024
Phthorimaea operculella;Gelechiidae;Madeira;Africa;Palearctic;;0;European and Mediterranean Plant Protection Organization (EPPO) (2024). EPPO Global Database. Available at: https://gd.eppo.int;2024
Phthorimaea operculella;Gelechiidae;Romania;Europe;Palearctic;2000;0;European and Mediterranean Plant Protection Organization (EPPO) (2024). EPPO Global Database. Available at: https://gd.eppo.int;2024
Phthorimaea operculella;Gelechiidae;Russia Europe;Europe;Palearctic;;;CAB International (CABI) (2024). CABI Invasive Species Compendium. Available at: https://www.cabidigitallibrary.org/product/QI;2024
Phthorimaea operculella;Gelechiidae;Russia Asia;Asia;Palearctic;;0;European and Mediterranean Plant Protection Organization (EPPO) (2024). EPPO Global Database. Available at: https://gd.eppo.int;2024
Phthorimaea operculella;Gelechiidae;Slovenia;Europe;Palearctic;1950;0;European and Mediterranean Plant Protection Organization (EPPO) (2024). EPPO Global Database. Available at: https://gd.eppo.int;2024
Phthorimaea operculella;Gelechiidae;United States;North America;Nearctic;1856;0;CAB International (CABI) (2024). CABI Invasive Species Compendium. Available at: https://www.cabidigitallibrary.org/product/QI;2024
Phthorimaea operculella;Gelechiidae;Hawaii;Oceania;Nearctic;1881;0;Turner, R., et al. (2024). International Non-native Insect Establishment Data (0.2.1) [Data set]. Zenodo.;2024
Phthorimaea operculella;Gelechiidae;South Africa;Africa;Afrotropical;1900;0;CAB International (CABI) (2024). CABI Invasive Species Compendium. Available at: https://www.cabidigitallibrary.org/product/QI;2024
Phyllocnistis citrella;Gracillariidae;Albania;Europe;Palearctic;;0;Roy, D., et al. (2020). DAISIE - Delivering Alien Invasive Species Inventories for Europe. Available at: http://www.europe-aliens.org/;2020
Phyllocnistis citrella;Gracillariidae;Australia;Australia;Australian;1940;0;European and Mediterranean Plant Protection Organization (EPPO) (2024). EPPO Global Database. Available at: https://gd.eppo.int;2024
Phyllocnistis citrella;Gracillariidae;Benin;Africa;Afrotropical;1996;0;CAB International (CABI) (2024). CABI Invasive Species Compendium. Available at: https://www.cabidigitallibrary.org/product/QI;2024
Phyllocnistis citrella;Gracillariidae;Barbados;North America;Panamanian;2001;;European and Mediterranean Plant Protection Organization (EPPO) (2024). EPPO Global Database. Available at: https://gd.eppo.int;2024
Phyllocnistis citrella;Gracillariidae;Chile;South America;Neotropical;1998;;Turner, R., et al. (2024). International Non-native Insect Establishment Data (0.2.1) [Data set]. Zenodo.;2024
Phyllocnistis citrella;Gracillariidae;Cote dIvoire;Africa;Afrotropical;1970;0;European and Mediterranean Plant Protection Organization (EPPO) (2024). EPPO Global Database. Available at: https://gd.eppo.int;2024
Phyllocnistis citrella;Gracillariidae;Colombia;South America;Neotropical;;;European and Mediterranean Plant Protection Organization (EPPO) (2024). EPPO Global Database. Available at: https://gd.eppo.int;2024
Phyllocnistis citrella;Gracillariidae;Costa Rica;North America;Panamanian;;;CAB International (CABI) (2024). CABI Invasive Species Compendium. Available at: https://www.cabidigitallibrary.org/product/QI;2024
Phyllocnistis citrella;Gracillariidae;Cyprus;Asia;Saharo-Arabian;1994;0;CAB International (CABI) (2024). CABI Invasive Species Compendium. Available at: https://www.cabidigitallibrary.org/product/QI;2024
Phyllocnistis citrella;Gracillariidae;Dominica;North America;Panamanian;;;European and Mediterranean Plant Protection Organization (EPPO) (2024). EPPO Global Database. Available at: https://gd.eppo.int;2024
Phyllocnistis citrella;Gracillariidae;Dominican Republic;North America;Panamanian;;;European and Mediterranean Plant Protection Organization (EPPO) (2024). EPPO Global Database. Available at: https://gd.eppo.int;2024
Phyllocnistis citrella;Gracillariidae;Galapagos;South America;Neotropical;2005;0;Turner, R., et al. (2024). International Non-native Insect Establishment Data (0.2.1) [Data set]. Zenodo.;2024
Phyllocnistis citrella;Gracillariidae;Spain;Europe;Palearctic;1993;0;European and Mediterranean Plant Protection Organization (EPPO) (2024). EPPO Global Database. Available at: https://gd.eppo.int;2024
Phyllocnistis citrella;Gracillariidae;France;Europe;Palearctic;1995;0;European and Mediterranean Plant Protection Organization (EPPO) (2024). EPPO Global Database. Available at: https://gd.eppo.int;2024
Phyllocnistis citrella;Gracillariidae;Micronesia;Oceania;Oceanina;1996;0;CAB International (CABI) (2024). CABI Invasive Species Compendium. Available at: https://www.cabidigitallibrary.org/product/QI;2024
Phyllocnistis citrella;Gracillariidae;British North American Islands;North America;Nearctic;1998;0;European and Mediterranean Plant Protection Organization (EPPO) (2024). EPPO Global Database. Available at: https://gd.eppo.int;2024
Phyllocnistis citrella;Gracillariidae;Greece;Europe;Palearctic;1993;0;CAB International (CABI) (2024). CABI Invasive Species Compendium. Available at: https://www.cabidigitallibrary.org/product/QI;2024
Phyllocnistis citrella;Gracillariidae;Guam;Oceania;Oceanina;1995;0;European and Mediterranean Plant Protection Organization (EPPO) (2024). EPPO Global Database. Available at: https://gd.eppo.int;2024
Phyllocnistis citrella;Gracillariidae;Croatia;Europe;Palearctic;;;European and Mediterranean Plant Protection Organization (EPPO) (2024). EPPO Global Database. Available at: https://gd.eppo.int;2024
Phyllocnistis citrella;Gracillariidae;Iraq;Asia;Saharo-Arabian;;;European and Mediterranean Plant Protection Organization (EPPO) (2024). EPPO Global Database. Available at: https://gd.eppo.int;2024
Phyllocnistis citrella;Gracillariidae;Israel;Asia;Saharo-Arabian;1994;0;European and Mediterranean Plant Protection Organization (EPPO) (2024). EPPO Global Database. Available at: https://gd.eppo.int;2024
Phyllocnistis citrella;Gracillariidae;Italy;Europe;Palearctic;1994;0;European and Mediterranean Plant Protection Organization (EPPO) (2024). EPPO Global Database. Available at: https://gd.eppo.int;2024
Phyllocnistis citrella;Gracillariidae;Sicily and Sardinia;Europe;Palearctic;1995;0;European and Mediterranean Plant Protection Organization (EPPO) (2024). EPPO Global Database. Available at: https://gd.eppo.int;2024
Phyllocnistis citrella;Gracillariidae;Saint Lucia;North America;Neotropical;;;CAB International (CABI) (2024). CABI Invasive Species Compendium. Available at: https://www.cabidigitallibrary.org/product/QI;2024
Phyllocnistis citrella;Gracillariidae;Morocco;Africa;Saharo-Arabian;;0;CAB International (CABI) (2024). CABI Invasive Species Compendium. Available at: https://www.cabidigitallibrary.org/product/QI;2024
Phyllocnistis citrella;Gracillariidae;Malta;Europe;Saharo-Arabian;1995;0;CAB International (CABI) (2024). CABI Invasive Species Compendium. Available at: https://www.cabidigitallibrary.org/product/QI;2024
Phyllocnistis citrella;Gracillariidae;Mauritius;Africa;Oceanina;1995;0;European and Mediterranean Plant Protection Organization (EPPO) (2024). EPPO Global Database. Available at: https://gd.eppo.int;2024
Phyllocnistis citrella;Gracillariidae;Nigeria;Africa;Afrotropical;1988;0;CAB International (CABI) (2024). CABI Invasive Species Compendium. Available at: https://www.cabidigitallibrary.org/product/QI;2024
Phyllocnistis citrella;Gracillariidae;Peru;South America;Neotropical;1995;0;European and Mediterranean Plant Protection Organization (EPPO) (2024). EPPO Global Database. Available at: https://gd.eppo.int;2024
Phyllocnistis citrella;Gracillariidae;Palau;Oceania;Oceanina;;0;CAB International (CABI) (2024). CABI Invasive Species Compendium. Available at: https://www.cabidigitallibrary.org/product/QI;2024
Phyllocnistis citrella;Gracillariidae;Portugal;Europe;Palearctic;;0;CAB International (CABI) (2024). CABI Invasive Species Compendium. Available at: https://www.cabidigitallibrary.org/product/QI;2024
Phyllocnistis citrella;Gracillariidae;Azores;Europe;Palearctic;1997;0;CAB International (CABI) (2024). CABI Invasive Species Compendium. Available at: https://www.cabidigitallibrary.org/product/QI;2024
Phyllocnistis citrella;Gracillariidae;Madeira;Africa;Palearctic;1995;0;European and Mediterranean Plant Protection Organization (EPPO) (2024). EPPO Global Database. Available at: https://gd.eppo.int;2024
Phyllocnistis citrella;Gracillariidae;Russia Asia;Asia;Palearctic;;;Invasive Species Specialist Group ISSG (2020). Global Register of Introduced and Invasive Species GRIIS. Available at: https://griis.org;2020
Phyllocnistis citrella;Gracillariidae;Saudi Arabia;Asia;Saharo-Arabian;1960;0;European and Mediterranean Plant Protection Organization (EPPO) (2024). EPPO Global Database. Available at: https://gd.eppo.int;2024
Phyllocnistis citrella;Gracillariidae;Sudan;Africa;Afrotropical;1967;0;European and Mediterranean Plant Protection Organization (EPPO) (2024). EPPO Global Database. Available at: https://gd.eppo.int;2024
Phyllocnistis citrella;Gracillariidae;Serbia;Europe;Palearctic;;0;CAB International (CABI) (2024). CABI Invasive Species Compendium. Available at: https://www.cabidigitallibrary.org/product/QI;2024
Phyllocnistis citrella;Gracillariidae;Seychelles;Africa;Oceanina;;;Invasive Species Specialist Group ISSG (2020). Global Register of Introduced and Invasive Species GRIIS. Available at: https://griis.org;2020
Phyllocnistis citrella;Gracillariidae;Turkmenistan;Asia;Palearctic;;;European and Mediterranean Plant Protection Organization (EPPO) (2024). EPPO Global Database. Available at: https://gd.eppo.int;2024
Phyllocnistis citrella;Gracillariidae;Turkey;Asia;Palearctic;;;CAB International (CABI) (2024). CABI Invasive Species Compendium. Available at: https://www.cabidigitallibrary.org/product/QI;2024
Phyllocnistis citrella;Gracillariidae;United States;North America;Nearctic;1993;0;European and Mediterranean Plant Protection Organization (EPPO) (2024). EPPO Global Database. Available at: https://gd.eppo.int;2024
Phyllocnistis citrella;Gracillariidae;Hawaii;Oceania;Nearctic;2000;0;CAB International (CABI) (2024). CABI Invasive Species Compendium. Available at: https://www.cabidigitallibrary.org/product/QI;2024
Phyllocnistis citrella;Gracillariidae;Venezuela;South America;Neotropical;;0;CAB International (CABI) (2024). CABI Invasive Species Compendium. Available at: https://www.cabidigitallibrary.org/product/QI;2024
Phyllocnistis citrella;Gracillariidae;Samoa;Oceania;Oceanina;1995;0;European and Mediterranean Plant Protection Organization (EPPO) (2024). EPPO Global Database. Available at: https://gd.eppo.int;2024
Phyllocnistis citrella;Gracillariidae;Yemen;Asia;Saharo-Arabian;1977;0;CAB International (CABI) (2024). CABI Invasive Species Compendium. Available at: https://www.cabidigitallibrary.org/product/QI;2024
Phyllocnistis citrella;Gracillariidae;South Africa;Africa;Afrotropical;1986;0;European and Mediterranean Plant Protection Organization (EPPO) (2024). EPPO Global Database. Available at: https://gd.eppo.int;2024
Phyllocnistis vitegenella;Gracillariidae;Albania;Europe;Palearctic;;0;CAB International (CABI) (2024). CABI Invasive Species Compendium. Available at: https://www.cabidigitallibrary.org/product/QI;2024
Phyllocnistis vitegenella;Gracillariidae;Switzerland;Europe;Palearctic;2009;0;CAB International (CABI) (2024). CABI Invasive Species Compendium. Available at: https://www.cabidigitallibrary.org/product/QI;2024
Phyllocnistis vitegenella;Gracillariidae;Italy;Europe;Palearctic;1994;0;CAB International (CABI) (2024). CABI Invasive Species Compendium. Available at: https://www.cabidigitallibrary.org/product/QI;2024
Phyllocnistis vitegenella;Gracillariidae;Romania;Europe;Palearctic;2013;0;European and Mediterranean Plant Protection Organization (EPPO) (2024). EPPO Global Database. Available at: https://gd.eppo.int;2024
Phyllocnistis vitegenella;Gracillariidae;Slovenia;Europe;Palearctic;2004;0;European and Mediterranean Plant Protection Organization (EPPO) (2024). EPPO Global Database. Available at: https://gd.eppo.int;2024
Phyllonorycter blancardella;Gracillariidae;Canada;North America;Nearctic;1933;0;Kirichenko, N., et al. (2019). Invasive leafminers on woody plants: a global review of pathways, impact, and management. Journal of Pest Science. 92: 93-106;2019
Phyllonorycter blancardella;Gracillariidae;United States;North America;Nearctic;1940;0;Simpson, A., et al. (2022). United States Register of Introduced and Invasive Species (US-RIIS) (ver. 2.0, November 2022): U.S. Geological Survey data release. Available at: https://www.sciencebase.gov/catalog/item/62d59ae5d34e87fffb2dda99;2022
Phyllonorycter geniculella;Gracillariidae;Ireland;Europe;Palearctic;;;CAB International (CABI) (2024). CABI Invasive Species Compendium. Available at: https://www.cabidigitallibrary.org/product/QI;2024
Phyllonorycter geniculella;Gracillariidae;Lithuania;Europe;Palearctic;;0;Lopez-Vaamonde, C., et al. (2010). Lepidoptera. Chapter 11. BioRisk. 4: 603-668;2010
Phyllonorycter geniculella;Gracillariidae;Latvia;Europe;Palearctic;;0;Lopez-Vaamonde, C., et al. (2010). Lepidoptera. Chapter 11. BioRisk. 4: 603-668;2010
Phyllonorycter geniculella;Gracillariidae;Sweden;Europe;Palearctic;;0;CAB International (CABI) (2024). CABI Invasive Species Compendium. Available at: https://www.cabidigitallibrary.org/product/QI;2024
Phyllonorycter issikii;Gracillariidae;Austria;Europe;Palearctic;2000;0;CAB International (CABI) (2024). CABI Invasive Species Compendium. Available at: https://www.cabidigitallibrary.org/product/QI;2024
Phyllonorycter issikii;Gracillariidae;Belgium;Europe;Palearctic;2009;0;Ermolaev, I., et al. (2018). Food Plants of Lime Leafminer Phyllonorycter issikii (Kumata, 1963) (Lepidoptera, Gracillariidae). Russian Journal of Biological Invasions. 9(3): 205-214;2018
Phyllonorycter issikii;Gracillariidae;Bulgaria;Europe;Palearctic;2009;0;CAB International (CABI) (2024). CABI Invasive Species Compendium. Available at: https://www.cabidigitallibrary.org/product/QI;2024
Phyllonorycter issikii;Gracillariidae;Belarus;Europe;Palearctic;1998;0;CAB International (CABI) (2024). CABI Invasive Species Compendium. Available at: https://www.cabidigitallibrary.org/product/QI;2024
Phyllonorycter issikii;Gracillariidae;Switzerland;Europe;Palearctic;2009;0;CAB International (CABI) (2024). CABI Invasive Species Compendium. Available at: https://www.cabidigitallibrary.org/product/QI;2024
Phyllonorycter issikii;Gracillariidae;Czechia;Europe;Palearctic;2000;0;CAB International (CABI) (2024). CABI Invasive Species Compendium. Available at: https://www.cabidigitallibrary.org/product/QI;2024
Phyllonorycter issikii;Gracillariidae;Germany;Europe;Palearctic;2001;0;CAB International (CABI) (2024). CABI Invasive Species Compendium. Available at: https://www.cabidigitallibrary.org/product/QI;2024
Phyllonorycter issikii;Gracillariidae;Denmark;Europe;Palearctic;;;Invasive Species Specialist Group ISSG (2020). Global Register of Introduced and Invasive Species GRIIS. Available at: https://griis.org;2020
Phyllonorycter issikii;Gracillariidae;Spain;Europe;Palearctic;;;Roy, D., et al. (2020). DAISIE - Delivering Alien Invasive Species Inventories for Europe. Available at: http://www.europe-aliens.org/;2020
Phyllonorycter issikii;Gracillariidae;Estonia;Europe;Palearctic;;0;CAB International (CABI) (2024). CABI Invasive Species Compendium. Available at: https://www.cabidigitallibrary.org/product/QI;2024
Phyllonorycter issikii;Gracillariidae;Finland;Europe;Palearctic;2002;0;CAB International (CABI) (2024). CABI Invasive Species Compendium. Available at: https://www.cabidigitallibrary.org/product/QI;2024
Phyllonorycter issikii;Gracillariidae;France;Europe;Palearctic;2007;;CAB International (CABI) (2024). CABI Invasive Species Compendium. Available at: https://www.cabidigitallibrary.org/product/QI;2024
Phyllonorycter issikii;Gracillariidae;United Kingdom;Europe;Palearctic;2005;0;Roy, D., et al. (2020). DAISIE - Delivering Alien Invasive Species Inventories for Europe. Available at: http://www.europe-aliens.org/;2020
Phyllonorycter issikii;Gracillariidae;Croatia;Europe;Palearctic;2005;0;CAB International (CABI) (2024). CABI Invasive Species Compendium. Available at: https://www.cabidigitallibrary.org/product/QI;2024
Phyllonorycter issikii;Gracillariidae;Hungary;Europe;Palearctic;2000;0;CAB International (CABI) (2024). CABI Invasive Species Compendium. Available at: https://www.cabidigitallibrary.org/product/QI;2024
Phyllonorycter issikii;Gracillariidae;Italy;Europe;Palearctic;2007;0;CAB International (CABI) (2024). CABI Invasive Species Compendium. Available at: https://www.cabidigitallibrary.org/product/QI;2024
Phyllonorycter issikii;Gracillariidae;Lithuania;Europe;Palearctic;1997;0;European and Mediterranean Plant Protection Organization (EPPO) (2024). EPPO Global Database. Available at: https://gd.eppo.int;2024
Phyllonorycter issikii;Gracillariidae;Latvia;Europe;Palearctic;1998;0;European and Mediterranean Plant Protection Organization (EPPO) (2024). EPPO Global Database. Available at: https://gd.eppo.int;2024
Phyllonorycter issikii;Gracillariidae;Moldova;Europe;Palearctic;2003;0;CAB International (CABI) (2024). CABI Invasive Species Compendium. Available at: https://www.cabidigitallibrary.org/product/QI;2024
Phyllonorycter issikii;Gracillariidae;Netherlands;Europe;Palearctic;2009;0;European and Mediterranean Plant Protection Organization (EPPO) (2024). EPPO Global Database. Available at: https://gd.eppo.int;2024
Phyllonorycter issikii;Gracillariidae;Poland;Europe;Palearctic;1961;0;CAB International (CABI) (2024). CABI Invasive Species Compendium. Available at: https://www.cabidigitallibrary.org/product/QI;2024
Phyllonorycter issikii;Gracillariidae;Romania;Europe;Palearctic;2002;0;CAB International (CABI) (2024). CABI Invasive Species Compendium. Available at: https://www.cabidigitallibrary.org/product/QI;2024
Phyllonorycter issikii;Gracillariidae;Russia Asia;Asia;Palearctic;1987;0;CAB International (CABI) (2024). CABI Invasive Species Compendium. Available at: https://www.cabidigitallibrary.org/product/QI;2024
Phyllonorycter issikii;Gracillariidae;Slovakia;Europe;Palearctic;2000;0;CAB International (CABI) (2024). CABI Invasive Species Compendium. Available at: https://www.cabidigitallibrary.org/product/QI;2024
Phyllonorycter issikii;Gracillariidae;Slovenia;Europe;Palearctic;2004;0;CAB International (CABI) (2024). CABI Invasive Species Compendium. Available at: https://www.cabidigitallibrary.org/product/QI;2024
Phyllonorycter issikii;Gracillariidae;Ukraine;Europe;Palearctic;1988;0;CAB International (CABI) (2024). CABI Invasive Species Compendium. Available at: https://www.cabidigitallibrary.org/product/QI;2024
Phyllonorycter joannisi;Gracillariidae;United Kingdom;Europe;Palearctic;;0;CAB International (CABI) (2024). CABI Invasive Species Compendium. Available at: https://www.cabidigitallibrary.org/product/QI;2024
Phyllonorycter leucographella;Gracillariidae;Bulgaria;Europe;Palearctic;;0;Roy, D., et al. (2020). DAISIE - Delivering Alien Invasive Species Inventories for Europe. Available at: http://www.europe-aliens.org/;2020
Phyllonorycter leucographella;Gracillariidae;Switzerland;Europe;Palearctic;1975;0;CAB International (CABI) (2024). CABI Invasive Species Compendium. Available at: https://www.cabidigitallibrary.org/product/QI;2024
Phyllonorycter leucographella;Gracillariidae;Czechia;Europe;Palearctic;1995;0;CAB International (CABI) (2024). CABI Invasive Species Compendium. Available at: https://www.cabidigitallibrary.org/product/QI;2024
Phyllonorycter leucographella;Gracillariidae;Denmark;Europe;Palearctic;1993;0;CAB International (CABI) (2024). CABI Invasive Species Compendium. Available at: https://www.cabidigitallibrary.org/product/QI;2024
Phyllonorycter leucographella;Gracillariidae;Croatia;Europe;Palearctic;;0;Roy, D., et al. (2020). DAISIE - Delivering Alien Invasive Species Inventories for Europe. Available at: http://www.europe-aliens.org/;2020
Phyllonorycter leucographella;Gracillariidae;Hungary;Europe;Palearctic;1991;0;Roy, D., et al. (2020). DAISIE - Delivering Alien Invasive Species Inventories for Europe. Available at: http://www.europe-aliens.org/;2020
Phyllonorycter leucographella;Gracillariidae;Poland;Europe;Palearctic;1999;0;CAB International (CABI) (2024). CABI Invasive Species Compendium. Available at: https://www.cabidigitallibrary.org/product/QI;2024
Phyllonorycter leucographella;Gracillariidae;Romania;Europe;Palearctic;2000;0;Timus, A. (2015). The Invasive Entomofauna of the Holometabola Group, Superorder Mecopteroidea for Republic of Moldova. Current Trends in Natural Sciences. 4(7): 50-58;2015
Phyllonorycter leucographella;Gracillariidae;Serbia;Europe;Palearctic;;0;CAB International (CABI) (2024). CABI Invasive Species Compendium. Available at: https://www.cabidigitallibrary.org/product/QI;2024
Phyllonorycter leucographella;Gracillariidae;Slovakia;Europe;Palearctic;1997;0;CAB International (CABI) (2024). CABI Invasive Species Compendium. Available at: https://www.cabidigitallibrary.org/product/QI;2024
Phyllonorycter leucographella;Gracillariidae;Slovenia;Europe;Palearctic;;0;CAB International (CABI) (2024). CABI Invasive Species Compendium. Available at: https://www.cabidigitallibrary.org/product/QI;2024
Phyllonorycter leucographella;Gracillariidae;Sweden;Europe;Palearctic;1850;0;CAB International (CABI) (2024). CABI Invasive Species Compendium. Available at: https://www.cabidigitallibrary.org/product/QI;2024
Phyllonorycter medicaginella;Gracillariidae;Austria;Europe;Palearctic;1965;0;Mishchenko, A., Yefremova, Z. (2012). Phyllonorycter medicaginella (Lepidoptera, Gracillariidae) and its parasitoids (Hymenoptera, Eulophidae) in the Middle Volga River basin. Entomological Review. 92(8): 845-850;2012
Phyllonorycter medicaginella;Gracillariidae;Denmark;Europe;Palearctic;1992;0;Mishchenko, A., Yefremova, Z. (2012). Phyllonorycter medicaginella (Lepidoptera, Gracillariidae) and its parasitoids (Hymenoptera, Eulophidae) in the Middle Volga River basin. Entomological Review. 92(8): 845-850;2012
Phyllonorycter medicaginella;Gracillariidae;Luxembourg;Europe;Palearctic;2000;0;Invasive Species Specialist Group ISSG (2020). Global Register of Introduced and Invasive Species GRIIS. Available at: https://griis.org;2020
Phyllonorycter mespilella;Gracillariidae;Canada;North America;Nearctic;;0;Kirichenko, N., et al. (2019). Invasive leafminers on woody plants: a global review of pathways, impact, and management. Journal of Pest Science. 92: 93-106;2019
Phyllonorycter mespilella;Gracillariidae;United States;North America;Nearctic;1936;0;Simpson, A., et al. (2022). United States Register of Introduced and Invasive Species (US-RIIS) (ver. 2.0, November 2022): U.S. Geological Survey data release. Available at: https://www.sciencebase.gov/catalog/item/62d59ae5d34e87fffb2dda99;2022
Phyllonorycter messaniella;Gracillariidae;Australia;Australia;Australian;1950;0;CAB International (CABI) (2024). CABI Invasive Species Compendium. Available at: https://www.cabidigitallibrary.org/product/QI;2024
Phyllonorycter messaniella;Gracillariidae;Ireland;Europe;Palearctic;;;Invasive Species Specialist Group ISSG (2020). Global Register of Introduced and Invasive Species GRIIS. Available at: https://griis.org;2020
Phyllonorycter messaniella;Gracillariidae;New Zealand;Oceania;Australian;1950;0;CAB International (CABI) (2024). CABI Invasive Species Compendium. Available at: https://www.cabidigitallibrary.org/product/QI;2024
Phyllonorycter messaniella;Gracillariidae;Azores;Europe;Palearctic;;0;Lopez-Vaamonde, C., et al. (2010). Lepidoptera. Chapter 11. BioRisk. 4: 603-668;2010
Phyllonorycter platani;Gracillariidae;Greece;Europe;Palearctic;1870;0;Pullaiah, T., Ielmini, M.R. (Eds.) (2021). Invasive Alien Species: Observations and Issues from Around the World. Volume 3: Issues and Invasions in Europe. Wiley. 326pp.;2021
Phyllonorycter platani;Gracillariidae;Luxembourg;Europe;Palearctic;;;Invasive Species Specialist Group ISSG (2020). Global Register of Introduced and Invasive Species GRIIS. Available at: https://griis.org;2020
Phyllonorycter platani;Gracillariidae;Poland;Europe;Palearctic;1969;0;Roy, D., et al. (2020). DAISIE - Delivering Alien Invasive Species Inventories for Europe. Available at: http://www.europe-aliens.org/;2020
Phyllonorycter platani;Gracillariidae;Romania;Europe;Palearctic;;;Invasive Species Specialist Group ISSG (2020). Global Register of Introduced and Invasive Species GRIIS. Available at: https://griis.org;2020
Phyllonorycter platani;Gracillariidae;Ukraine;Europe;Palearctic;1998;0;Lesovoya, N., et al. (2019). The Mediterranean Butterfly Phyllonorycter platani (Staudinger, 1870) in the Fomin Botanic Garden (Kiev, Ukraine). Russian Journal of Biological Invasions. 10(1): 104-107;2019
Physula albipunctilla;Erebidae;United States;North America;Nearctic;1980;0;Simpson, A., et al. (2022). United States Register of Introduced and Invasive Species (US-RIIS) (ver. 2.0, November 2022): U.S. Geological Survey data release. Available at: https://www.sciencebase.gov/catalog/item/62d59ae5d34e87fffb2dda99;2022
Pieris brassicae;Pieridae;Chile;South America;Neotropical;1969;;CAB International (CABI) (2024). CABI Invasive Species Compendium. Available at: https://www.cabidigitallibrary.org/product/QI;2024
Pieris brassicae;Pieridae;Japan;Asia;Sino-Japanese;1995;0;Turner, R., et al. (2024). International Non-native Insect Establishment Data (0.2.1) [Data set]. Zenodo.;2024
Pieris brassicae;Pieridae;New Zealand;Oceania;Australian;2010;;European and Mediterranean Plant Protection Organization (EPPO) (2024). EPPO Global Database. Available at: https://gd.eppo.int;2024
Pieris brassicae;Pieridae;United States;North America;Nearctic;;0;Simpson, A., et al. (2022). United States Register of Introduced and Invasive Species (US-RIIS) (ver. 2.0, November 2022): U.S. Geological Survey data release. Available at: https://www.sciencebase.gov/catalog/item/62d59ae5d34e87fffb2dda99;2022
Pieris brassicae;Pieridae;South Africa;Africa;Afrotropical;1994;0;CAB International (CABI) (2024). CABI Invasive Species Compendium. Available at: https://www.cabidigitallibrary.org/product/QI;2024
Pieris canidia;Pieridae;Japan;Asia;Oriental;1988;0;Turner, R., et al. (2024). International Non-native Insect Establishment Data (0.2.1) [Data set]. Zenodo.;2024
Pieris rapae;Pieridae;Australia;Australia;Australian;1832;0;CAB International (CABI) (2024). CABI Invasive Species Compendium. Available at: https://www.cabidigitallibrary.org/product/QI;2024
Pieris rapae;Pieridae;Canada;North America;Nearctic;1860;;CAB International (CABI) (2024). CABI Invasive Species Compendium. Available at: https://www.cabidigitallibrary.org/product/QI;2024
Pieris rapae;Pieridae;Guam;Oceania;Oceanina;;0;Shine, C., et al. (2003). Invasive alien species in the Austral Pacific Region: National Reports and Directory of Resources. Global Invasive Species Programme, Cape Town, South Africa.;2003
Pieris rapae;Pieridae;Japan;Asia;Oriental;1958;0;Turner, R., et al. (2024). International Non-native Insect Establishment Data (0.2.1) [Data set]. Zenodo.;2024
Pieris rapae;Pieridae;Japan;Asia;Sino-Japanese;1700;0;CAB International (CABI) (2024). CABI Invasive Species Compendium. Available at: https://www.cabidigitallibrary.org/product/QI;2024
Pieris rapae;Pieridae;South Korea;Asia;Palearctic;;;Turner, R., et al. (2024). International Non-native Insect Establishment Data (0.2.1) [Data set]. Zenodo.;2024
Pieris rapae;Pieridae;Mexico;North America;Nearctic;;0;CAB International (CABI) (2024). CABI Invasive Species Compendium. Available at: https://www.cabidigitallibrary.org/product/QI;2024
Pieris rapae;Pieridae;New Zealand;Oceania;Australian;1924;0;Turner, R., et al. (2024). International Non-native Insect Establishment Data (0.2.1) [Data set]. Zenodo.;2024
Pieris rapae;Pieridae;United States;North America;Nearctic;1855;0;CAB International (CABI) (2024). CABI Invasive Species Compendium. Available at: https://www.cabidigitallibrary.org/product/QI;2024
Pieris rapae;Pieridae;Hawaii;Oceania;Nearctic;1897;0;CAB International (CABI) (2024). CABI Invasive Species Compendium. Available at: https://www.cabidigitallibrary.org/product/QI;2024
Piletocera bufalis;Crambidae;Galapagos;South America;Neotropical;1906;;Turner, R., et al. (2024). International Non-native Insect Establishment Data (0.2.1) [Data set]. Zenodo.;2024
Pilocrocis ramentalis;Crambidae;Galapagos;South America;Neotropical;1899;;Turner, R., et al. (2024). International Non-native Insect Establishment Data (0.2.1) [Data set]. Zenodo.;2024
Platyedra subcinerea;Gelechiidae;New Zealand;Oceania;Australian;2010;;Turner, R., et al. (2024). International Non-native Insect Establishment Data (0.2.1) [Data set]. Zenodo.;2024
Platyedra subcinerea;Gelechiidae;Azores;Europe;Palearctic;;0;Lopez-Vaamonde, C., et al. (2010). Lepidoptera. Chapter 11. BioRisk. 4: 603-668;2010
Platyedra subcinerea;Gelechiidae;United States;North America;Nearctic;1952;0;European and Mediterranean Plant Protection Organization (EPPO) (2024). EPPO Global Database. Available at: https://gd.eppo.int;2024
Platynota rostrana;Tortricidae;United Kingdom;Europe;Palearctic;;;Invasive Species Specialist Group ISSG (2020). Global Register of Introduced and Invasive Species GRIIS. Available at: https://griis.org;2020
Platynota stultana;Tortricidae;Hawaii;Oceania;Nearctic;1991;0;Turner, R., et al. (2024). International Non-native Insect Establishment Data (0.2.1) [Data set]. Zenodo.;2024
Platyptilia isodactylus;Pterophoridae;Australia;Australia;Australian;1999;1;Leiss, K. (2011). Management practices for control of ragwort species. Phytochemistry Reviews. 10(1): 153-163;2011
Platyptilia isodactylus;Pterophoridae;New Zealand;Oceania;Australian;2006;1;Turner, R., et al. (2024). International Non-native Insect Establishment Data (0.2.1) [Data set]. Zenodo.;2024
Plesiomorpha flaviceps;Geometridae;Germany;Europe;Palearctic;2017;0;Seliger, R., A. Hemmersbach (2018). Zwei adventive Schmetterlingsarten neu fur Deutschland: Plesiomorpha flaviceps (Butler, 1881) und Prays citri (Milliere, 1873) (Lep., Geometridae et Praydidae). Melanargia. 30(2): 49-52;2018
Plesiomorpha flaviceps;Geometridae;Netherlands;Europe;Palearctic;;;Invasive Species Specialist Group ISSG (2020). Global Register of Introduced and Invasive Species GRIIS. Available at: https://griis.org;2020
Plodia interpunctella;Pyralidae;Albania;Europe;Palearctic;;0;Roy, D., et al. (2020). DAISIE - Delivering Alien Invasive Species Inventories for Europe. Available at: http://www.europe-aliens.org/;2020
Plodia interpunctella;Pyralidae;United Arab Emirates;Asia;Saharo-Arabian;;;Invasive Species Specialist Group ISSG (2020). Global Register of Introduced and Invasive Species GRIIS. Available at: https://griis.org;2020
Plodia interpunctella;Pyralidae;Australia;Australia;Australian;;;Mally, R., et al. (2022), Moths and butterflies on alien shores - global biogeography of non-native Lepidoptera. Dryad, Dataset. Available at: https://doi.org/10.5061/dryad.31zcrjdnw;2022
Plodia interpunctella;Pyralidae;Austria;Europe;Palearctic;;0;Roy, D., et al. (2020). DAISIE - Delivering Alien Invasive Species Inventories for Europe. Available at: http://www.europe-aliens.org/;2020
Plodia interpunctella;Pyralidae;Belgium;Europe;Palearctic;;0;Roy, D., et al. (2020). DAISIE - Delivering Alien Invasive Species Inventories for Europe. Available at: http://www.europe-aliens.org/;2020
Plodia interpunctella;Pyralidae;Bulgaria;Europe;Palearctic;;0;Roy, D., et al. (2020). DAISIE - Delivering Alien Invasive Species Inventories for Europe. Available at: http://www.europe-aliens.org/;2020
Plodia interpunctella;Pyralidae;Belarus;Europe;Palearctic;;0;Invasive Species Specialist Group ISSG (2020). Global Register of Introduced and Invasive Species GRIIS. Available at: https://griis.org;2020
Plodia interpunctella;Pyralidae;Switzerland;Europe;Palearctic;;0;Roy, D., et al. (2020). DAISIE - Delivering Alien Invasive Species Inventories for Europe. Available at: http://www.europe-aliens.org/;2020
Plodia interpunctella;Pyralidae;Chile;South America;Neotropical;1930;;Turner, R., et al. (2024). International Non-native Insect Establishment Data (0.2.1) [Data set]. Zenodo.;2024
Plodia interpunctella;Pyralidae;China;Asia;Palearctic;;;Invasive Species Specialist Group ISSG (2020). Global Register of Introduced and Invasive Species GRIIS. Available at: https://griis.org;2020
Plodia interpunctella;Pyralidae;Czechia;Europe;Palearctic;;0;Roy, D., et al. (2020). DAISIE - Delivering Alien Invasive Species Inventories for Europe. Available at: http://www.europe-aliens.org/;2020
Plodia interpunctella;Pyralidae;Germany;Europe;Palearctic;1813;0;Invasive Species Specialist Group ISSG (2020). Global Register of Introduced and Invasive Species GRIIS. Available at: https://griis.org;2020
Plodia interpunctella;Pyralidae;Denmark;Europe;Palearctic;;0;Invasive Species Specialist Group ISSG (2020). Global Register of Introduced and Invasive Species GRIIS. Available at: https://griis.org;2020
Plodia interpunctella;Pyralidae;Spain;Europe;Palearctic;1991;0;Roy, D., et al. (2020). DAISIE - Delivering Alien Invasive Species Inventories for Europe. Available at: http://www.europe-aliens.org/;2020
Plodia interpunctella;Pyralidae;Estonia;Europe;Palearctic;;0;Invasive Species Specialist Group ISSG (2020). Global Register of Introduced and Invasive Species GRIIS. Available at: https://griis.org;2020
Plodia interpunctella;Pyralidae;Finland;Europe;Palearctic;;0;Roy, D., et al. (2020). DAISIE - Delivering Alien Invasive Species Inventories for Europe. Available at: http://www.europe-aliens.org/;2020
Plodia interpunctella;Pyralidae;France;Europe;Palearctic;;0;Roy, D., et al. (2020). DAISIE - Delivering Alien Invasive Species Inventories for Europe. Available at: http://www.europe-aliens.org/;2020
Plodia interpunctella;Pyralidae;United Kingdom;Europe;Palearctic;;0;Roy, D., et al. (2020). DAISIE - Delivering Alien Invasive Species Inventories for Europe. Available at: http://www.europe-aliens.org/;2020
Plodia interpunctella;Pyralidae;Greece European Islands;Europe;Palearctic;;0;Roy, D., et al. (2020). DAISIE - Delivering Alien Invasive Species Inventories for Europe. Available at: http://www.europe-aliens.org/;2020
Plodia interpunctella;Pyralidae;Hungary;Europe;Palearctic;;0;Roy, D., et al. (2020). DAISIE - Delivering Alien Invasive Species Inventories for Europe. Available at: http://www.europe-aliens.org/;2020
Plodia interpunctella;Pyralidae;Ireland;Europe;Palearctic;;0;Roy, D., et al. (2020). DAISIE - Delivering Alien Invasive Species Inventories for Europe. Available at: http://www.europe-aliens.org/;2020
Plodia interpunctella;Pyralidae;Iceland;Europe;Palearctic;;0;Roy, D., et al. (2020). DAISIE - Delivering Alien Invasive Species Inventories for Europe. Available at: http://www.europe-aliens.org/;2020
Plodia interpunctella;Pyralidae;Italy;Europe;Palearctic;;0;Roy, D., et al. (2020). DAISIE - Delivering Alien Invasive Species Inventories for Europe. Available at: http://www.europe-aliens.org/;2020
Plodia interpunctella;Pyralidae;Japan;Asia;Oriental;;0;Turner, R., et al. (2024). International Non-native Insect Establishment Data (0.2.1) [Data set]. Zenodo.;2024
Plodia interpunctella;Pyralidae;Japan;Asia;Sino-Japanese;1917;0;Turner, R., et al. (2024). International Non-native Insect Establishment Data (0.2.1) [Data set]. Zenodo.;2024
Plodia interpunctella;Pyralidae;South Korea;Asia;Palearctic;1910;;Turner, R., et al. (2024). International Non-native Insect Establishment Data (0.2.1) [Data set]. Zenodo.;2024
Plodia interpunctella;Pyralidae;Lithuania;Europe;Palearctic;;0;Roy, D., et al. (2020). DAISIE - Delivering Alien Invasive Species Inventories for Europe. Available at: http://www.europe-aliens.org/;2020
Plodia interpunctella;Pyralidae;Latvia;Europe;Palearctic;1924;0;Roy, D., et al. (2020). DAISIE - Delivering Alien Invasive Species Inventories for Europe. Available at: http://www.europe-aliens.org/;2020
Plodia interpunctella;Pyralidae;North Macedonia;Europe;Palearctic;;0;Roy, D., et al. (2020). DAISIE - Delivering Alien Invasive Species Inventories for Europe. Available at: http://www.europe-aliens.org/;2020
Plodia interpunctella;Pyralidae;Malta;Europe;Saharo-Arabian;;0;Roy, D., et al. (2020). DAISIE - Delivering Alien Invasive Species Inventories for Europe. Available at: http://www.europe-aliens.org/;2020
Plodia interpunctella;Pyralidae;Montenegro;Europe;Palearctic;;0;Lopez-Vaamonde, C., et al. (2010). Lepidoptera. Chapter 11. BioRisk. 4: 603-668;2010
Plodia interpunctella;Pyralidae;Netherlands;Europe;Palearctic;1926;0;Roy, D., et al. (2020). DAISIE - Delivering Alien Invasive Species Inventories for Europe. Available at: http://www.europe-aliens.org/;2020
Plodia interpunctella;Pyralidae;New Zealand;Oceania;Australian;1923;;Turner, R., et al. (2024). International Non-native Insect Establishment Data (0.2.1) [Data set]. Zenodo.;2024
Plodia interpunctella;Pyralidae;Portugal;Europe;Palearctic;;0;Roy, D., et al. (2020). DAISIE - Delivering Alien Invasive Species Inventories for Europe. Available at: http://www.europe-aliens.org/;2020
Plodia interpunctella;Pyralidae;Azores;Europe;Palearctic;;0;Roy, D., et al. (2020). DAISIE - Delivering Alien Invasive Species Inventories for Europe. Available at: http://www.europe-aliens.org/;2020
Plodia interpunctella;Pyralidae;Madeira;Africa;Palearctic;;0;Roy, D., et al. (2020). DAISIE - Delivering Alien Invasive Species Inventories for Europe. Available at: http://www.europe-aliens.org/;2020
Plodia interpunctella;Pyralidae;Romania;Europe;Palearctic;;0;Roy, D., et al. (2020). DAISIE - Delivering Alien Invasive Species Inventories for Europe. Available at: http://www.europe-aliens.org/;2020
Plodia interpunctella;Pyralidae;Russia Asia;Asia;Palearctic;;0;Invasive Species Specialist Group ISSG (2020). Global Register of Introduced and Invasive Species GRIIS. Available at: https://griis.org;2020
Plodia interpunctella;Pyralidae;Slovakia;Europe;Palearctic;1910;0;Roy, D., et al. (2020). DAISIE - Delivering Alien Invasive Species Inventories for Europe. Available at: http://www.europe-aliens.org/;2020
Plodia interpunctella;Pyralidae;Slovenia;Europe;Palearctic;;0;Invasive Species Specialist Group ISSG (2020). Global Register of Introduced and Invasive Species GRIIS. Available at: https://griis.org;2020
Plodia interpunctella;Pyralidae;Sweden;Europe;Palearctic;1953;0;Roy, D., et al. (2020). DAISIE - Delivering Alien Invasive Species Inventories for Europe. Available at: http://www.europe-aliens.org/;2020
Plodia interpunctella;Pyralidae;United States;North America;Nearctic;1565;0;Simpson, A., et al. (2022). United States Register of Introduced and Invasive Species (US-RIIS) (ver. 2.0, November 2022): U.S. Geological Survey data release. Available at: https://www.sciencebase.gov/catalog/item/62d59ae5d34e87fffb2dda99;2022
Plodia interpunctella;Pyralidae;Hawaii;Oceania;Nearctic;1879;0;Turner, R., et al. (2024). International Non-native Insect Establishment Data (0.2.1) [Data set]. Zenodo.;2024
Plodia interpunctella;Pyralidae;South Africa;Africa;Afrotropical;;0;Turner, R., et al. (2024). International Non-native Insect Establishment Data (0.2.1) [Data set]. Zenodo.;2024
Plutella porrectella;Plutellidae;Canada;North America;Nearctic;;0;CAB International (CABI) (2024). CABI Invasive Species Compendium. Available at: https://www.cabidigitallibrary.org/product/QI;2024
Plutella porrectella;Plutellidae;Ireland;Europe;Palearctic;;;CAB International (CABI) (2024). CABI Invasive Species Compendium. Available at: https://www.cabidigitallibrary.org/product/QI;2024
Plutella porrectella;Plutellidae;Sweden;Europe;Palearctic;;0;CAB International (CABI) (2024). CABI Invasive Species Compendium. Available at: https://www.cabidigitallibrary.org/product/QI;2024
Plutella porrectella;Plutellidae;United States;North America;Nearctic;1565;0;Simpson, A., et al. (2022). United States Register of Introduced and Invasive Species (US-RIIS) (ver. 2.0, November 2022): U.S. Geological Survey data release. Available at: https://www.sciencebase.gov/catalog/item/62d59ae5d34e87fffb2dda99;2022
Plutella xylostella;Plutellidae;United Arab Emirates;Asia;Saharo-Arabian;;;Invasive Species Specialist Group ISSG (2020). Global Register of Introduced and Invasive Species GRIIS. Available at: https://griis.org;2020
Plutella xylostella;Plutellidae;Australia;Australia;Australian;;;CAB International (CABI) (2024). CABI Invasive Species Compendium. Available at: https://www.cabidigitallibrary.org/product/QI;2024
Plutella xylostella;Plutellidae;Benin;Africa;Afrotropical;;0;CAB International (CABI) (2024). CABI Invasive Species Compendium. Available at: https://www.cabidigitallibrary.org/product/QI;2024
Plutella xylostella;Plutellidae;Chile;South America;Neotropical;1883;;CAB International (CABI) (2024). CABI Invasive Species Compendium. Available at: https://www.cabidigitallibrary.org/product/QI;2024
Plutella xylostella;Plutellidae;China;Asia;Oriental;;0;CAB International (CABI) (2024). CABI Invasive Species Compendium. Available at: https://www.cabidigitallibrary.org/product/QI;2024
Plutella xylostella;Plutellidae;China;Asia;Palearctic;;0;CAB International (CABI) (2024). CABI Invasive Species Compendium. Available at: https://www.cabidigitallibrary.org/product/QI;2024
Plutella xylostella;Plutellidae;China;Asia;Sino-Japanese;;0;CAB International (CABI) (2024). CABI Invasive Species Compendium. Available at: https://www.cabidigitallibrary.org/product/QI;2024
Plutella xylostella;Plutellidae;Hainan;Asia;Oriental;;0;CAB International (CABI) (2024). CABI Invasive Species Compendium. Available at: https://www.cabidigitallibrary.org/product/QI;2024
Plutella xylostella;Plutellidae;Costa Rica;North America;Panamanian;;;CAB International (CABI) (2024). CABI Invasive Species Compendium. Available at: https://www.cabidigitallibrary.org/product/QI;2024
Plutella xylostella;Plutellidae;Dominica;North America;Panamanian;;;CAB International (CABI) (2024). CABI Invasive Species Compendium. Available at: https://www.cabidigitallibrary.org/product/QI;2024
Plutella xylostella;Plutellidae;Galapagos;South America;Neotropical;2004;;Turner, R., et al. (2024). International Non-native Insect Establishment Data (0.2.1) [Data set]. Zenodo.;2024
Plutella xylostella;Plutellidae;Guam;Oceania;Oceanina;;0;CAB International (CABI) (2024). CABI Invasive Species Compendium. Available at: https://www.cabidigitallibrary.org/product/QI;2024
Plutella xylostella;Plutellidae;Japan;Asia;Oriental;;;CAB International (CABI) (2024). CABI Invasive Species Compendium. Available at: https://www.cabidigitallibrary.org/product/QI;2024
Plutella xylostella;Plutellidae;Japan;Asia;Sino-Japanese;;;Turner, R., et al. (2024). International Non-native Insect Establishment Data (0.2.1) [Data set]. Zenodo.;2024
Plutella xylostella;Plutellidae;South Korea;Asia;Palearctic;;;Turner, R., et al. (2024). International Non-native Insect Establishment Data (0.2.1) [Data set]. Zenodo.;2024
Plutella xylostella;Plutellidae;New Zealand;Oceania;Australian;1909;;CAB International (CABI) (2024). CABI Invasive Species Compendium. Available at: https://www.cabidigitallibrary.org/product/QI;2024
Plutella xylostella;Plutellidae;Palau;Oceania;Oceanina;;0;Shine, C., et al. (2003). Invasive alien species in the Austral Pacific Region: National Reports and Directory of Resources. Global Invasive Species Programme, Cape Town, South Africa.;2003
Plutella xylostella;Plutellidae;Seychelles;Africa;Oceanina;;;CAB International (CABI) (2024). CABI Invasive Species Compendium. Available at: https://www.cabidigitallibrary.org/product/QI;2024
Plutella xylostella;Plutellidae;Togo;Africa;Afrotropical;;0;Agboyi L., et al. (2016). Pesticide resistance in Plutella xylostella (Lepidoptera: Plutellidae) populations from Togo and Benin. International Journal of Tropical Insect Science. 36(4): 204-210;2016
Plutella xylostella;Plutellidae;United States;North America;Nearctic;1854;0;CAB International (CABI) (2024). CABI Invasive Species Compendium. Available at: https://www.cabidigitallibrary.org/product/QI;2024
Plutella xylostella;Plutellidae;Hawaii;Oceania;Nearctic;1899;0;Turner, R., et al. (2024). International Non-native Insect Establishment Data (0.2.1) [Data set]. Zenodo.;2024
Plutella xylostella;Plutellidae;US Polynesian Islands;Oceania;Oceanina;;0;Sulifoa, J., Ebenebe, A. (2007). Evaluation of pheromone trapping of diamondback moth (Plutella xylostella) as a tool for monitoring larval infestations in cabbage crops in Samoa. The South Pacific Journal of Natural and Applied Sciences. 25(1): 43-46;2007
Polydesma boarmoides;Erebidae;Hawaii;Oceania;Nearctic;1945;0;Turner, R., et al. (2024). International Non-native Insect Establishment Data (0.2.1) [Data set]. Zenodo.;2024
Polydesma umbricola;Erebidae;Hawaii;Oceania;Nearctic;1945;0;Turner, R., et al. (2024). International Non-native Insect Establishment Data (0.2.1) [Data set]. Zenodo.;2024
Polysoma eumetalla;Gracillariidae;New Zealand;Oceania;Australian;1948;;Turner, R., et al. (2024). International Non-native Insect Establishment Data (0.2.1) [Data set]. Zenodo.;2024
Pontia daplidice;Pieridae;Japan;Asia;Sino-Japanese;1929;0;Turner, R., et al. (2024). International Non-native Insect Establishment Data (0.2.1) [Data set]. Zenodo.;2024
Porphyrosela hardenbergiella;Gracillariidae;New Zealand;Oceania;Australian;1954;;Turner, R., et al. (2024). International Non-native Insect Establishment Data (0.2.1) [Data set]. Zenodo.;2024
Porphyrosela minuta;Gracillariidae;United States;North America;Nearctic;2008;0;Simpson, A., et al. (2022). United States Register of Introduced and Invasive Species (US-RIIS) (ver. 2.0, November 2022): U.S. Geological Survey data release. Available at: https://www.sciencebase.gov/catalog/item/62d59ae5d34e87fffb2dda99;2022
Praeacedes atomosella;Tineidae;Galapagos;South America;Neotropical;2002;;Turner, R., et al. (2024). International Non-native Insect Establishment Data (0.2.1) [Data set]. Zenodo.;2024
Prays citri;Praydidae;Albania;Europe;Palearctic;;0;Roy, D., et al. (2020). DAISIE - Delivering Alien Invasive Species Inventories for Europe. Available at: http://www.europe-aliens.org/;2020
Prays citri;Praydidae;Cyprus;Asia;Saharo-Arabian;1977;0;European and Mediterranean Plant Protection Organization (EPPO) (2024). EPPO Global Database. Available at: https://gd.eppo.int;2024
Prays citri;Praydidae;Denmark;Europe;Palearctic;2000;0;CAB International (CABI) (2024). CABI Invasive Species Compendium. Available at: https://www.cabidigitallibrary.org/product/QI;2024
Prays citri;Praydidae;Spain;Europe;Palearctic;;0;CAB International (CABI) (2024). CABI Invasive Species Compendium. Available at: https://www.cabidigitallibrary.org/product/QI;2024
Prays citri;Praydidae;France;Europe;Palearctic;;0;CAB International (CABI) (2024). CABI Invasive Species Compendium. Available at: https://www.cabidigitallibrary.org/product/QI;2024
Prays citri;Praydidae;French European Islands;Europe;Palearctic;;0;CAB International (CABI) (2024). CABI Invasive Species Compendium. Available at: https://www.cabidigitallibrary.org/product/QI;2024
Prays citri;Praydidae;Greece;Europe;Palearctic;1877;0;CAB International (CABI) (2024). CABI Invasive Species Compendium. Available at: https://www.cabidigitallibrary.org/product/QI;2024
Prays citri;Praydidae;Greece European Islands;Europe;Palearctic;;0;CAB International (CABI) (2024). CABI Invasive Species Compendium. Available at: https://www.cabidigitallibrary.org/product/QI;2024
Prays citri;Praydidae;Israel;Asia;Saharo-Arabian;;0;CAB International (CABI) (2024). CABI Invasive Species Compendium. Available at: https://www.cabidigitallibrary.org/product/QI;2024
Prays citri;Praydidae;Italy;Europe;Palearctic;;0;European and Mediterranean Plant Protection Organization (EPPO) (2024). EPPO Global Database. Available at: https://gd.eppo.int;2024
Prays citri;Praydidae;Sicily and Sardinia;Europe;Palearctic;1881;0;CAB International (CABI) (2024). CABI Invasive Species Compendium. Available at: https://www.cabidigitallibrary.org/product/QI;2024
Prays citri;Praydidae;Netherlands;Europe;Palearctic;;0;CAB International (CABI) (2024). CABI Invasive Species Compendium. Available at: https://www.cabidigitallibrary.org/product/QI;2024
Prays citri;Praydidae;New Zealand;Oceania;Australian;1975;;CAB International (CABI) (2024). CABI Invasive Species Compendium. Available at: https://www.cabidigitallibrary.org/product/QI;2024
Prays citri;Praydidae;Portugal;Europe;Palearctic;1964;0;CAB International (CABI) (2024). CABI Invasive Species Compendium. Available at: https://www.cabidigitallibrary.org/product/QI;2024
Prays citri;Praydidae;Azores;Europe;Palearctic;;0;CAB International (CABI) (2024). CABI Invasive Species Compendium. Available at: https://www.cabidigitallibrary.org/product/QI;2024
Prays citri;Praydidae;Madeira;Africa;Palearctic;1995;0;CAB International (CABI) (2024). CABI Invasive Species Compendium. Available at: https://www.cabidigitallibrary.org/product/QI;2024
Prays citri;Praydidae;South Africa;Africa;Afrotropical;;;CAB International (CABI) (2024). CABI Invasive Species Compendium. Available at: https://www.cabidigitallibrary.org/product/QI;2024
Prays nephelomima;Praydidae;New Zealand;Oceania;Australian;1975;;Turner, R., et al. (2024). International Non-native Insect Establishment Data (0.2.1) [Data set]. Zenodo.;2024
Prays oleae;Praydidae;Denmark;Europe;Palearctic;;;Invasive Species Specialist Group ISSG (2020). Global Register of Introduced and Invasive Species GRIIS. Available at: https://griis.org;2020
Prays oleae;Praydidae;Azores;Europe;Palearctic;;0;Lopez-Vaamonde, C., et al. (2010). Lepidoptera. Chapter 11. BioRisk. 4: 603-668;2010
Prepona laertes;Nymphalidae;United States;North America;Nearctic;2013;0;Simpson, A., et al. (2022). United States Register of Introduced and Invasive Species (US-RIIS) (ver. 2.0, November 2022): U.S. Geological Survey data release. Available at: https://www.sciencebase.gov/catalog/item/62d59ae5d34e87fffb2dda99;2022
Promalactis suzukiella;Oecophoridae;United States;North America;Nearctic;2002;0;Simpson, A., et al. (2022). United States Register of Introduced and Invasive Species (US-RIIS) (ver. 2.0, November 2022): U.S. Geological Survey data release. Available at: https://www.sciencebase.gov/catalog/item/62d59ae5d34e87fffb2dda99;2022
Proteuxoa sanguinipuncta;Noctuidae;New Zealand;Oceania;Australian;2007;;Turner, R., et al. (2024). International Non-native Insect Establishment Data (0.2.1) [Data set]. Zenodo.;2024
Pseudocoremia suavis;Geometridae;United Kingdom;Europe;Palearctic;2007;0;Turner, R., et al. (2024). International Non-native Insect Establishment Data (0.2.1) [Data set]. Zenodo.;2024
Pseudopyrausta santatalis;Crambidae;Hawaii;Oceania;Nearctic;1954;1;Turner, R., et al. (2024). International Non-native Insect Establishment Data (0.2.1) [Data set]. Zenodo.;2024
Psilogramma increta;Sphingidae;Hawaii;Oceania;Nearctic;;0;Turner, R., et al. (2024). International Non-native Insect Establishment Data (0.2.1) [Data set]. Zenodo.;2024
Psilogramma menephron;Sphingidae;Hawaii;Oceania;Nearctic;;0;Simpson, A., et al. (2022). United States Register of Introduced and Invasive Species (US-RIIS) (ver. 2.0, November 2022): U.S. Geological Survey data release. Available at: https://www.sciencebase.gov/catalog/item/62d59ae5d34e87fffb2dda99;2022
Psyche casta;Psychidae;Canada;North America;Nearctic;;0;Niitsu, S., Maeda, D. (2022). Discovery of Psyche casta (Pallas, 1767)(Psychidae, Psychinae) in Japan. Lepidoptera Science. 73(1): 7-11;2022
Psyche casta;Psychidae;United States;North America;Nearctic;1931;0;Simpson, A., et al. (2022). United States Register of Introduced and Invasive Species (US-RIIS) (ver. 2.0, November 2022): U.S. Geological Survey data release. Available at: https://www.sciencebase.gov/catalog/item/62d59ae5d34e87fffb2dda99;2022
Psychoides filicivora;Tineidae;France;Europe;Palearctic;;;Invasive Species Specialist Group ISSG (2020). Global Register of Introduced and Invasive Species GRIIS. Available at: https://griis.org;2020
Psychoides filicivora;Tineidae;United Kingdom;Europe;Palearctic;1940;0;Invasive Species Specialist Group ISSG (2020). Global Register of Introduced and Invasive Species GRIIS. Available at: https://griis.org;2020
Psychoides filicivora;Tineidae;Ireland;Europe;Palearctic;1909;0;Roy, D., et al. (2020). DAISIE - Delivering Alien Invasive Species Inventories for Europe. Available at: http://www.europe-aliens.org/;2020
Pterolonche inspersa;Pterolonchidae;United States;North America;Nearctic;1988;1;Simpson, A., et al. (2022). United States Register of Introduced and Invasive Species (US-RIIS) (ver. 2.0, November 2022): U.S. Geological Survey data release. Available at: https://www.sciencebase.gov/catalog/item/62d59ae5d34e87fffb2dda99;2022
Ptichodis immunis;Erebidae;United States;North America;Nearctic;1989;0;Simpson, A., et al. (2022). United States Register of Introduced and Invasive Species (US-RIIS) (ver. 2.0, November 2022): U.S. Geological Survey data release. Available at: https://www.sciencebase.gov/catalog/item/62d59ae5d34e87fffb2dda99;2022
Pygospila tyres;Crambidae;France;Europe;Palearctic;;;Invasive Species Specialist Group ISSG (2020). Global Register of Introduced and Invasive Species GRIIS. Available at: https://griis.org;2020
Pyralis farinalis;Pyralidae;Australia;Australia;Australian;;;Mally, R., et al. (2022), Moths and butterflies on alien shores - global biogeography of non-native Lepidoptera. Dryad, Dataset. Available at: https://doi.org/10.5061/dryad.31zcrjdnw;2022
Pyralis farinalis;Pyralidae;Chile;South America;Neotropical;1930;;Turner, R., et al. (2024). International Non-native Insect Establishment Data (0.2.1) [Data set]. Zenodo.;2024
Pyralis farinalis;Pyralidae;Ireland;Europe;Palearctic;;;Invasive Species Specialist Group ISSG (2020). Global Register of Introduced and Invasive Species GRIIS. Available at: https://griis.org;2020
Pyralis farinalis;Pyralidae;Japan;Asia;Oriental;;0;Turner, R., et al. (2024). International Non-native Insect Establishment Data (0.2.1) [Data set]. Zenodo.;2024
Pyralis farinalis;Pyralidae;Japan;Asia;Sino-Japanese;1910;0;National Institute for Environmental Studies - Japan (2024). Invasive Species of Japan: Lepidopterans (provisional list);2024
Pyralis farinalis;Pyralidae;South Korea;Asia;Palearctic;1930;;Turner, R., et al. (2024). International Non-native Insect Establishment Data (0.2.1) [Data set]. Zenodo.;2024
Pyralis farinalis;Pyralidae;New Zealand;Oceania;Australian;1884;;Turner, R., et al. (2024). International Non-native Insect Establishment Data (0.2.1) [Data set]. Zenodo.;2024
Pyralis farinalis;Pyralidae;Russia Asia;Asia;Palearctic;;;Invasive Species Specialist Group ISSG (2020). Global Register of Introduced and Invasive Species GRIIS. Available at: https://griis.org;2020
Pyralis manihotalis;Pyralidae;Galapagos;South America;Neotropical;1989;;Turner, R., et al. (2024). International Non-native Insect Establishment Data (0.2.1) [Data set]. Zenodo.;2024
Pyrausta inornatalis;Crambidae;Japan;Asia;Oriental;2019;0;Osada, Y. (2022). Description of immature stages of the southern pink moth, Pyrausta inornatalis (Fernald, 1885)(Lepidoptera: Crambidae). Journal of Asia-Pacific Biodiversity. 15(4): 568-573;2022
Pyrausta inornatalis;Crambidae;Japan;Asia;Sino-Japanese;2019;0;Osada, Y. (2022). Description of immature stages of the southern pink moth, Pyrausta inornatalis (Fernald, 1885)(Lepidoptera: Crambidae). Journal of Asia-Pacific Biodiversity. 15(4): 568-573;2022
Pyrausta panopealis;Crambidae;Galapagos;South America;Neotropical;1989;;Turner, R., et al. (2024). International Non-native Insect Establishment Data (0.2.1) [Data set]. Zenodo.;2024
Pyrausta perelegans;Crambidae;Hawaii;Oceania;Nearctic;;1;Turner, R., et al. (2024). International Non-native Insect Establishment Data (0.2.1) [Data set]. Zenodo.;2024
Pyropteron doryliformis;Sesiidae;Australia;Australia;Australian;1989;1;Mally, R., et al. (2022), Moths and butterflies on alien shores - global biogeography of non-native Lepidoptera. Dryad, Dataset. Available at: https://doi.org/10.5061/dryad.31zcrjdnw;2022
Pyrrharctia isabella;Erebidae;United Kingdom;Europe;Palearctic;;;Invasive Species Specialist Group ISSG (2020). Global Register of Introduced and Invasive Species GRIIS. Available at: https://griis.org;2020
Pyrrharctia isabella;Erebidae;British North American Islands;North America;Nearctic;;0;Ferguson, D., et al. (1991). The Lepidoptera of Bermuda: their food plants, biogeography, and means of dispersal. The Memoirs of the Entomological Society of Canada. 123(S158): 3-105;1991
Recurvaria nanella;Gelechiidae;United States;North America;Nearctic;1776;0;Simpson, A., et al. (2022). United States Register of Introduced and Invasive Species (US-RIIS) (ver. 2.0, November 2022): U.S. Geological Survey data release. Available at: https://www.sciencebase.gov/catalog/item/62d59ae5d34e87fffb2dda99;2022
Rhectocraspeda periusalis;Crambidae;Galapagos;South America;Neotropical;1989;;Turner, R., et al. (2024). International Non-native Insect Establishment Data (0.2.1) [Data set]. Zenodo.;2024
Rhizedra lutosa;Noctuidae;United States;North America;Nearctic;1988;0;Simpson, A., et al. (2022). United States Register of Introduced and Invasive Species (US-RIIS) (ver. 2.0, November 2022): U.S. Geological Survey data release. Available at: https://www.sciencebase.gov/catalog/item/62d59ae5d34e87fffb2dda99;2022
Rhopobota naevana;Tortricidae;Azores;Europe;Palearctic;;0;Lopez-Vaamonde, C., et al. (2010). Lepidoptera. Chapter 11. BioRisk. 4: 603-668;2010
Rhopobota naevana;Tortricidae;United States;North America;Nearctic;;0;Simpson, A., et al. (2022). United States Register of Introduced and Invasive Species (US-RIIS) (ver. 2.0, November 2022): U.S. Geological Survey data release. Available at: https://www.sciencebase.gov/catalog/item/62d59ae5d34e87fffb2dda99;2022
Rhyacionia buoliana;Tortricidae;Argentina;South America;Neotropical;;;CAB International (CABI) (2024). CABI Invasive Species Compendium. Available at: https://www.cabidigitallibrary.org/product/QI;2024
Rhyacionia buoliana;Tortricidae;Canada;North America;Nearctic;1927;0;CAB International (CABI) (2024). CABI Invasive Species Compendium. Available at: https://www.cabidigitallibrary.org/product/QI;2024
Rhyacionia buoliana;Tortricidae;Chile;South America;Neotropical;1985;;Turner, R., et al. (2024). International Non-native Insect Establishment Data (0.2.1) [Data set]. Zenodo.;2024
Rhyacionia buoliana;Tortricidae;Portugal;Europe;Palearctic;;0;CAB International (CABI) (2024). CABI Invasive Species Compendium. Available at: https://www.cabidigitallibrary.org/product/QI;2024
Rhyacionia buoliana;Tortricidae;Uruguay;South America;Neotropical;;;European and Mediterranean Plant Protection Organization (EPPO) (2024). EPPO Global Database. Available at: https://gd.eppo.int;2024
Rhyacionia buoliana;Tortricidae;United States;North America;Nearctic;1913;0;European and Mediterranean Plant Protection Organization (EPPO) (2024). EPPO Global Database. Available at: https://gd.eppo.int;2024
Rhyacionia buoliana;Tortricidae;Alaska;North America;Nearctic;;0;Simpson, A., et al. (2022). United States Register of Introduced and Invasive Species (US-RIIS) (ver. 2.0, November 2022): U.S. Geological Survey data release. Available at: https://www.sciencebase.gov/catalog/item/62d59ae5d34e87fffb2dda99;2022
Rhyacionia buoliana;Tortricidae;South Africa;Africa;Afrotropical;;;Invasive Species Specialist Group ISSG (2020). Global Register of Introduced and Invasive Species GRIIS. Available at: https://griis.org;2020
Rhynchopalpus brunella;Nolidae;Hawaii;Oceania;Nearctic;1964;1;Turner, R., et al. (2024). International Non-native Insect Establishment Data (0.2.1) [Data set]. Zenodo.;2024
Rothschildia orizaba;Saturniidae;Poland;Europe;Palearctic;;;Invasive Species Specialist Group ISSG (2020). Global Register of Introduced and Invasive Species GRIIS. Available at: https://griis.org;2020
Salbia haemorrhoidalis;Crambidae;Australia;Australia;Australian;;1;Mally, R., et al. (2022), Moths and butterflies on alien shores - global biogeography of non-native Lepidoptera. Dryad, Dataset. Available at: https://doi.org/10.5061/dryad.31zcrjdnw;2022
Salbia haemorrhoidalis;Crambidae;French African Islands;Africa;Madagascan;2015;0;Bippus, M. (2019). Pyraloidea of Mauritius and neighbouring islands (Lepidoptera). Phelsuma. 27: 36-57;2019
Salbia haemorrhoidalis;Crambidae;Mauritius;Africa;Oceanina;1965;1;Bippus, M. (2019). Pyraloidea of Mauritius and neighbouring islands (Lepidoptera). Phelsuma. 27: 36-57;2019
Salbia haemorrhoidalis;Crambidae;Swaziland;Africa;Afrotropical;;;Invasive Species Specialist Group ISSG (2020). Global Register of Introduced and Invasive Species GRIIS. Available at: https://griis.org;2020
Salbia haemorrhoidalis;Crambidae;Hawaii;Oceania;Nearctic;1956;1;Turner, R., et al. (2024). International Non-native Insect Establishment Data (0.2.1) [Data set]. Zenodo.;2024
Salbia haemorrhoidalis;Crambidae;South Africa;Africa;Afrotropical;1960;1;Turner, R., et al. (2024). International Non-native Insect Establishment Data (0.2.1) [Data set]. Zenodo.;2024
Samea ecclesialis;Crambidae;Galapagos;South America;Neotropical;1964;0;Turner, R., et al. (2024). International Non-native Insect Establishment Data (0.2.1) [Data set]. Zenodo.;2024
Samea multiplicalis;Crambidae;Australia;Australia;Australian;;;Mally, R., et al. (2022), Moths and butterflies on alien shores - global biogeography of non-native Lepidoptera. Dryad, Dataset. Available at: https://doi.org/10.5061/dryad.31zcrjdnw;2022
Sameodes cancellalis;Crambidae;Denmark;Europe;Palearctic;;;CAB International (CABI) (2024). CABI Invasive Species Compendium. Available at: https://www.cabidigitallibrary.org/product/QI;2024
Samia cynthia;Saturniidae;Albania;Europe;Palearctic;;0;Roy, D., et al. (2020). DAISIE - Delivering Alien Invasive Species Inventories for Europe. Available at: http://www.europe-aliens.org/;2020
Samia cynthia;Saturniidae;Australia;Australia;Australian;;0;Mally, R., et al. (2022), Moths and butterflies on alien shores - global biogeography of non-native Lepidoptera. Dryad, Dataset. Available at: https://doi.org/10.5061/dryad.31zcrjdnw;2022
Samia cynthia;Saturniidae;Austria;Europe;Palearctic;;0;Roy, D., et al. (2020). DAISIE - Delivering Alien Invasive Species Inventories for Europe. Available at: http://www.europe-aliens.org/;2020
Samia cynthia;Saturniidae;Canada;North America;Nearctic;;;Invasive Species Specialist Group ISSG (2020). Global Register of Introduced and Invasive Species GRIIS. Available at: https://griis.org;2020
Samia cynthia;Saturniidae;Switzerland;Europe;Palearctic;;0;Roy, D., et al. (2020). DAISIE - Delivering Alien Invasive Species Inventories for Europe. Available at: http://www.europe-aliens.org/;2020
Samia cynthia;Saturniidae;Germany;Europe;Palearctic;;0;Roy, D., et al. (2020). DAISIE - Delivering Alien Invasive Species Inventories for Europe. Available at: http://www.europe-aliens.org/;2020
Samia cynthia;Saturniidae;Spain;Europe;Palearctic;1900;0;Roy, D., et al. (2020). DAISIE - Delivering Alien Invasive Species Inventories for Europe. Available at: http://www.europe-aliens.org/;2020
Samia cynthia;Saturniidae;France;Europe;Palearctic;;0;Roy, D., et al. (2020). DAISIE - Delivering Alien Invasive Species Inventories for Europe. Available at: http://www.europe-aliens.org/;2020
Samia cynthia;Saturniidae;Georgia;Asia;Palearctic;;0;Peigler, R., Naumann, S. (2003). A revision of the silkmoth genus Samia.  University of the Incarnate Word, San Antonio. Texas, United States of America.;2003
Samia cynthia;Saturniidae;Croatia;Europe;Palearctic;;0;Invasive Species Specialist Group ISSG (2020). Global Register of Introduced and Invasive Species GRIIS. Available at: https://griis.org;2020
Samia cynthia;Saturniidae;Italy;Europe;Palearctic;;0;Roy, D., et al. (2020). DAISIE - Delivering Alien Invasive Species Inventories for Europe. Available at: http://www.europe-aliens.org/;2020
Samia cynthia;Saturniidae;Japan;Asia;Sino-Japanese;;0;Peigler, R., Naumann, S. (2003). A revision of the silkmoth genus Samia.  University of the Incarnate Word, San Antonio. Texas, United States of America.;2003
Samia cynthia;Saturniidae;Slovenia;Europe;Palearctic;;0;Roy, D., et al. (2020). DAISIE - Delivering Alien Invasive Species Inventories for Europe. Available at: http://www.europe-aliens.org/;2020
Samia cynthia;Saturniidae;United States;North America;Nearctic;1870;0;Simpson, A., et al. (2022). United States Register of Introduced and Invasive Species (US-RIIS) (ver. 2.0, November 2022): U.S. Geological Survey data release. Available at: https://www.sciencebase.gov/catalog/item/62d59ae5d34e87fffb2dda99;2022
Sarisophora leucoscia;Lecithoceridae;New Zealand;Oceania;Australian;1998;0;Turner, R., et al. (2024). International Non-native Insect Establishment Data (0.2.1) [Data set]. Zenodo.;2024
Saturnia pyri;Saturniidae;Denmark;Europe;Palearctic;;;Invasive Species Specialist Group ISSG (2020). Global Register of Introduced and Invasive Species GRIIS. Available at: https://griis.org;2020
Scardia amurensis;Tineidae;United States;North America;Nearctic;1967;0;Simpson, A., et al. (2022). United States Register of Introduced and Invasive Species (US-RIIS) (ver. 2.0, November 2022): U.S. Geological Survey data release. Available at: https://www.sciencebase.gov/catalog/item/62d59ae5d34e87fffb2dda99;2022
Sceliodes laisalis;Crambidae;Portugal;Europe;Palearctic;;0;European and Mediterranean Plant Protection Organization (EPPO) (2024). EPPO Global Database. Available at: https://gd.eppo.int;2024
Sceliodes laisalis;Crambidae;Spain;Europe;Palearctic;;0;European and Mediterranean Plant Protection Organization (EPPO) (2024). EPPO Global Database. Available at: https://gd.eppo.int;2024
Sceliodes laisalis;Crambidae;United Kingdom;Europe;Palearctic;;0;Invasive Species Specialist Group ISSG (2020). Global Register of Introduced and Invasive Species GRIIS. Available at: https://griis.org;2020
Schiffermuelleria amasiella;Oecophoridae;Belgium;Europe;Palearctic;;0;Roy, D., et al. (2020). DAISIE - Delivering Alien Invasive Species Inventories for Europe. Available at: http://www.europe-aliens.org/;2020
Schiffermuelleria amasiella;Oecophoridae;Germany;Europe;Palearctic;;0;Roy, D., et al. (2020). DAISIE - Delivering Alien Invasive Species Inventories for Europe. Available at: http://www.europe-aliens.org/;2020
Schiffermuelleria amasiella;Oecophoridae;Denmark;Europe;Palearctic;;0;Roy, D., et al. (2020). DAISIE - Delivering Alien Invasive Species Inventories for Europe. Available at: http://www.europe-aliens.org/;2020
Schiffermuelleria amasiella;Oecophoridae;France;Europe;Palearctic;;;Invasive Species Specialist Group ISSG (2020). Global Register of Introduced and Invasive Species GRIIS. Available at: https://griis.org;2020
Schiffermuelleria amasiella;Oecophoridae;Netherlands;Europe;Palearctic;;0;Roy, D., et al. (2020). DAISIE - Delivering Alien Invasive Species Inventories for Europe. Available at: http://www.europe-aliens.org/;2020
Schiffermuelleria amasiella;Oecophoridae;Sweden;Europe;Palearctic;;0;Roy, D., et al. (2020). DAISIE - Delivering Alien Invasive Species Inventories for Europe. Available at: http://www.europe-aliens.org/;2020
Schreckensteinia festaliella;Schreckensteiniidae;Canada;North America;Nearctic;;0;VanDyk, J., et al. (2020). BugGuide - Identification, Images, and Information For Insects, Spiders and Their Kin For the United States and Canada. Version 1.5. United States Geological Survey. Available at: https://bugguide.net/;2020
Schreckensteinia festaliella;Schreckensteiniidae;United States;North America;Nearctic;;0;VanDyk, J., et al. (2020). BugGuide - Identification, Images, and Information For Insects, Spiders and Their Kin For the United States and Canada. Version 1.5. United States Geological Survey. Available at: https://bugguide.net/;2020
Schreckensteinia festaliella;Schreckensteiniidae;Alaska;North America;Nearctic;2008;0;Simpson, A., et al. (2022). United States Register of Introduced and Invasive Species (US-RIIS) (ver. 2.0, November 2022): U.S. Geological Survey data release. Available at: https://www.sciencebase.gov/catalog/item/62d59ae5d34e87fffb2dda99;2022
Schreckensteinia festaliella;Schreckensteiniidae;Hawaii;Oceania;Nearctic;1963;1;Turner, R., et al. (2024). International Non-native Insect Establishment Data (0.2.1) [Data set]. Zenodo.;2024
Sciota adelphella;Pyralidae;United Kingdom;Europe;Palearctic;1992;;Turner, R., et al. (2024). International Non-native Insect Establishment Data (0.2.1) [Data set]. Zenodo.;2024
Sclerocona acutella;Crambidae;United States;North America;Nearctic;1984;0;Simpson, A., et al. (2022). United States Register of Introduced and Invasive Species (US-RIIS) (ver. 2.0, November 2022): U.S. Geological Survey data release. Available at: https://www.sciencebase.gov/catalog/item/62d59ae5d34e87fffb2dda99;2022
Scopula personata;Geometridae;Hawaii;Oceania;Nearctic;1976;0;Turner, R., et al. (2024). International Non-native Insect Establishment Data (0.2.1) [Data set]. Zenodo.;2024
Scrobipalpa aptatella;Gelechiidae;Cyprus;Asia;Saharo-Arabian;1970;0;European and Mediterranean Plant Protection Organization (EPPO) (2024). EPPO Global Database. Available at: https://gd.eppo.int;2024
Scrobipalpa obsoletella;Gelechiidae;New Zealand;Oceania;Australian;1980;0;Turner, R., et al. (2024). International Non-native Insect Establishment Data (0.2.1) [Data set]. Zenodo.;2024
Scrobipalpa obsoletella;Gelechiidae;United States;North America;Nearctic;;0;Bidzilya, O., Li, H. (2010). The genus Scrobipalpa Janse (Lepidoptera, Gelechiidae) in China, with descriptions of 13 new species. Zootaxa. 2513(1): 1-26;2010
Scrobipalpa ocellatella;Gelechiidae;Ireland;Europe;Palearctic;;;Invasive Species Specialist Group ISSG (2020). Global Register of Introduced and Invasive Species GRIIS. Available at: https://griis.org;2020
Scythris buszkoi;Scythrididae;Poland;Europe;Palearctic;;;Invasive Species Specialist Group ISSG (2020). Global Register of Introduced and Invasive Species GRIIS. Available at: https://griis.org;2020
Scythris sinensis;Scythrididae;United States;North America;Nearctic;2011;0;Simpson, A., et al. (2022). United States Register of Introduced and Invasive Species (US-RIIS) (ver. 2.0, November 2022): U.S. Geological Survey data release. Available at: https://www.sciencebase.gov/catalog/item/62d59ae5d34e87fffb2dda99;2022
Sedina buettneri;Noctuidae;Bulgaria;Europe;Palearctic;1980;0;CAB International (CABI) (2024). CABI Invasive Species Compendium. Available at: https://www.cabidigitallibrary.org/product/QI;2024
Selania leplastriana;Tortricidae;Sweden;Europe;Palearctic;;0;CAB International (CABI) (2024). CABI Invasive Species Compendium. Available at: https://www.cabidigitallibrary.org/product/QI;2024
Sericinus montela;Papilionidae;Japan;Asia;Sino-Japanese;1970;1;Turner, R., et al. (2024). International Non-native Insect Establishment Data (0.2.1) [Data set]. Zenodo.;2024
Serrodes mediopallens;Erebidae;Australia;Australia;Australian;;0;PaDIL (2025). The Pest and Disease Image Library (PaDIL). Available at: https://www.padil.gov.au/;2025
Sesamia inferens;Noctuidae;United States;North America;Nearctic;;0;European and Mediterranean Plant Protection Organization (EPPO) (2024). EPPO Global Database. Available at: https://gd.eppo.int;2024
Sesamia nonagrioides;Noctuidae;Azores;Europe;Palearctic;;0;Lopez-Vaamonde, C., et al. (2010). Lepidoptera. Chapter 11. BioRisk. 4: 603-668;2010
Sesamia nonagrioides;Noctuidae;Madeira;Africa;Palearctic;;0;Lopez-Vaamonde, C., et al. (2010). Lepidoptera. Chapter 11. BioRisk. 4: 603-668;2010
Sesia apiformis;Sesiidae;United States;North America;Nearctic;1880;0;Simpson, A., et al. (2022). United States Register of Introduced and Invasive Species (US-RIIS) (ver. 2.0, November 2022): U.S. Geological Survey data release. Available at: https://www.sciencebase.gov/catalog/item/62d59ae5d34e87fffb2dda99;2022
Setomorpha rutella;Tineidae;Galapagos;South America;Neotropical;2001;;Turner, R., et al. (2024). International Non-native Insect Establishment Data (0.2.1) [Data set]. Zenodo.;2024
Setomorpha rutella;Tineidae;United Kingdom;Europe;Palearctic;;0;Davis, T. (2012). A Review of the Status of Microlepidoptera in Britain. Butterfly Conservation Report No. S12-02. Butterfly Conservation, Wareham.;2012
Sibine apicalis;Limacodidae;Denmark;Europe;Palearctic;;;CAB International (CABI) (2024). CABI Invasive Species Compendium. Available at: https://www.cabidigitallibrary.org/product/QI;2024
Simplicia cornicalis;Erebidae;United States;North America;Nearctic;2006;0;Simpson, A., et al. (2022). United States Register of Introduced and Invasive Species (US-RIIS) (ver. 2.0, November 2022): U.S. Geological Survey data release. Available at: https://www.sciencebase.gov/catalog/item/62d59ae5d34e87fffb2dda99;2022
Sinica sinica;Zygaenidae;United Kingdom;Europe;Palearctic;;;Invasive Species Specialist Group ISSG (2020). Global Register of Introduced and Invasive Species GRIIS. Available at: https://griis.org;2020
Sinica sinica;Zygaenidae;United States;North America;Nearctic;2004;0;Schultz, P., et al. (2006). Biology and Distribution of Pryeria sinica, a New Pest of Euonymus Found in Virginia and Maryland. Plant Health Progress. 7(1): 49;2006
Sisyracera inabsconsalis;Crambidae;Galapagos;South America;Neotropical;1989;;Turner, R., et al. (2024). International Non-native Insect Establishment Data (0.2.1) [Data set]. Zenodo.;2024
Sitochroa palealis;Crambidae;United States;North America;Nearctic;2004;0;Simpson, A., et al. (2022). United States Register of Introduced and Invasive Species (US-RIIS) (ver. 2.0, November 2022): U.S. Geological Survey data release. Available at: https://www.sciencebase.gov/catalog/item/62d59ae5d34e87fffb2dda99;2022
Sitotroga cerealella;Gelechiidae;Albania;Europe;Palearctic;;0;Roy, D., et al. (2020). DAISIE - Delivering Alien Invasive Species Inventories for Europe. Available at: http://www.europe-aliens.org/;2020
Sitotroga cerealella;Gelechiidae;Australia;Australia;Australian;;;CAB International (CABI) (2024). CABI Invasive Species Compendium. Available at: https://www.cabidigitallibrary.org/product/QI;2024
Sitotroga cerealella;Gelechiidae;Austria;Europe;Palearctic;1912;0;CAB International (CABI) (2024). CABI Invasive Species Compendium. Available at: https://www.cabidigitallibrary.org/product/QI;2024
Sitotroga cerealella;Gelechiidae;Belgium;Europe;Palearctic;;0;Roy, D., et al. (2020). DAISIE - Delivering Alien Invasive Species Inventories for Europe. Available at: http://www.europe-aliens.org/;2020
Sitotroga cerealella;Gelechiidae;Bulgaria;Europe;Palearctic;1930;0;CAB International (CABI) (2024). CABI Invasive Species Compendium. Available at: https://www.cabidigitallibrary.org/product/QI;2024
Sitotroga cerealella;Gelechiidae;Belarus;Europe;Palearctic;;0;Roy, D., et al. (2020). DAISIE - Delivering Alien Invasive Species Inventories for Europe. Available at: http://www.europe-aliens.org/;2020
Sitotroga cerealella;Gelechiidae;Switzerland;Europe;Palearctic;2001;0;CAB International (CABI) (2024). CABI Invasive Species Compendium. Available at: https://www.cabidigitallibrary.org/product/QI;2024
Sitotroga cerealella;Gelechiidae;Chile;South America;Neotropical;1962;;Turner, R., et al. (2024). International Non-native Insect Establishment Data (0.2.1) [Data set]. Zenodo.;2024
Sitotroga cerealella;Gelechiidae;China;Asia;Palearctic;;;CAB International (CABI) (2024). CABI Invasive Species Compendium. Available at: https://www.cabidigitallibrary.org/product/QI;2024
Sitotroga cerealella;Gelechiidae;Cyprus;Asia;Saharo-Arabian;1937;0;CAB International (CABI) (2024). CABI Invasive Species Compendium. Available at: https://www.cabidigitallibrary.org/product/QI;2024
Sitotroga cerealella;Gelechiidae;Czechia;Europe;Palearctic;1900;0;CAB International (CABI) (2024). CABI Invasive Species Compendium. Available at: https://www.cabidigitallibrary.org/product/QI;2024
Sitotroga cerealella;Gelechiidae;Germany;Europe;Palearctic;1790;0;CAB International (CABI) (2024). CABI Invasive Species Compendium. Available at: https://www.cabidigitallibrary.org/product/QI;2024
Sitotroga cerealella;Gelechiidae;Denmark;Europe;Palearctic;;0;Roy, D., et al. (2020). DAISIE - Delivering Alien Invasive Species Inventories for Europe. Available at: http://www.europe-aliens.org/;2020
Sitotroga cerealella;Gelechiidae;Galapagos;South America;Neotropical;2001;;Turner, R., et al. (2024). International Non-native Insect Establishment Data (0.2.1) [Data set]. Zenodo.;2024
Sitotroga cerealella;Gelechiidae;Spain;Europe;Palearctic;1928;0;CAB International (CABI) (2024). CABI Invasive Species Compendium. Available at: https://www.cabidigitallibrary.org/product/QI;2024
Sitotroga cerealella;Gelechiidae;France;Europe;Palearctic;;0;Invasive Species Specialist Group ISSG (2020). Global Register of Introduced and Invasive Species GRIIS. Available at: https://griis.org;2020
Sitotroga cerealella;Gelechiidae;United Kingdom;Europe;Palearctic;;0;Roy, D., et al. (2020). DAISIE - Delivering Alien Invasive Species Inventories for Europe. Available at: http://www.europe-aliens.org/;2020
Sitotroga cerealella;Gelechiidae;Greece;Europe;Palearctic;1790;0;CAB International (CABI) (2024). CABI Invasive Species Compendium. Available at: https://www.cabidigitallibrary.org/product/QI;2024
Sitotroga cerealella;Gelechiidae;Croatia;Europe;Palearctic;;0;CAB International (CABI) (2024). CABI Invasive Species Compendium. Available at: https://www.cabidigitallibrary.org/product/QI;2024
Sitotroga cerealella;Gelechiidae;Hungary;Europe;Palearctic;;0;CAB International (CABI) (2024). CABI Invasive Species Compendium. Available at: https://www.cabidigitallibrary.org/product/QI;2024
Sitotroga cerealella;Gelechiidae;Iceland;Europe;Palearctic;;0;Roy, D., et al. (2020). DAISIE - Delivering Alien Invasive Species Inventories for Europe. Available at: http://www.europe-aliens.org/;2020
Sitotroga cerealella;Gelechiidae;Italy;Europe;Palearctic;1871;0;CAB International (CABI) (2024). CABI Invasive Species Compendium. Available at: https://www.cabidigitallibrary.org/product/QI;2024
Sitotroga cerealella;Gelechiidae;Sicily and Sardinia;Europe;Palearctic;;0;Roy, D., et al. (2020). DAISIE - Delivering Alien Invasive Species Inventories for Europe. Available at: http://www.europe-aliens.org/;2020
Sitotroga cerealella;Gelechiidae;Japan;Asia;Oriental;;0;Turner, R., et al. (2024). International Non-native Insect Establishment Data (0.2.1) [Data set]. Zenodo.;2024
Sitotroga cerealella;Gelechiidae;Japan;Asia;Sino-Japanese;1889;0;CAB International (CABI) (2024). CABI Invasive Species Compendium. Available at: https://www.cabidigitallibrary.org/product/QI;2024
Sitotroga cerealella;Gelechiidae;Kenya;Africa;Afrotropical;;0;CAB International (CABI) (2024). CABI Invasive Species Compendium. Available at: https://www.cabidigitallibrary.org/product/QI;2024
Sitotroga cerealella;Gelechiidae;South Korea;Asia;Palearctic;;;Turner, R., et al. (2024). International Non-native Insect Establishment Data (0.2.1) [Data set]. Zenodo.;2024
Sitotroga cerealella;Gelechiidae;Lithuania;Europe;Palearctic;;0;Roy, D., et al. (2020). DAISIE - Delivering Alien Invasive Species Inventories for Europe. Available at: http://www.europe-aliens.org/;2020
Sitotroga cerealella;Gelechiidae;North Macedonia;Europe;Palearctic;;0;Roy, D., et al. (2020). DAISIE - Delivering Alien Invasive Species Inventories for Europe. Available at: http://www.europe-aliens.org/;2020
Sitotroga cerealella;Gelechiidae;Malta;Europe;Saharo-Arabian;1932;0;CAB International (CABI) (2024). CABI Invasive Species Compendium. Available at: https://www.cabidigitallibrary.org/product/QI;2024
Sitotroga cerealella;Gelechiidae;Mongolia;Asia;Palearctic;;;Invasive Species Specialist Group ISSG (2020). Global Register of Introduced and Invasive Species GRIIS. Available at: https://griis.org;2020
Sitotroga cerealella;Gelechiidae;Netherlands;Europe;Palearctic;;0;CAB International (CABI) (2024). CABI Invasive Species Compendium. Available at: https://www.cabidigitallibrary.org/product/QI;2024
Sitotroga cerealella;Gelechiidae;Norway;Europe;Palearctic;1971;0;CAB International (CABI) (2024). CABI Invasive Species Compendium. Available at: https://www.cabidigitallibrary.org/product/QI;2024
Sitotroga cerealella;Gelechiidae;New Zealand;Oceania;Australian;1908;;CAB International (CABI) (2024). CABI Invasive Species Compendium. Available at: https://www.cabidigitallibrary.org/product/QI;2024
Sitotroga cerealella;Gelechiidae;Poland;Europe;Palearctic;1900;0;CAB International (CABI) (2024). CABI Invasive Species Compendium. Available at: https://www.cabidigitallibrary.org/product/QI;2024
Sitotroga cerealella;Gelechiidae;Portugal;Europe;Palearctic;;0;Roy, D., et al. (2020). DAISIE - Delivering Alien Invasive Species Inventories for Europe. Available at: http://www.europe-aliens.org/;2020
Sitotroga cerealella;Gelechiidae;Azores;Europe;Palearctic;;0;Roy, D., et al. (2020). DAISIE - Delivering Alien Invasive Species Inventories for Europe. Available at: http://www.europe-aliens.org/;2020
Sitotroga cerealella;Gelechiidae;Romania;Europe;Palearctic;1914;0;CAB International (CABI) (2024). CABI Invasive Species Compendium. Available at: https://www.cabidigitallibrary.org/product/QI;2024
Sitotroga cerealella;Gelechiidae;Russia Europe;Europe;Palearctic;;;CAB International (CABI) (2024). CABI Invasive Species Compendium. Available at: https://www.cabidigitallibrary.org/product/QI;2024
Sitotroga cerealella;Gelechiidae;Russia Asia;Asia;Palearctic;;0;CAB International (CABI) (2024). CABI Invasive Species Compendium. Available at: https://www.cabidigitallibrary.org/product/QI;2024
Sitotroga cerealella;Gelechiidae;Serbia;Europe;Palearctic;1912;0;CAB International (CABI) (2024). CABI Invasive Species Compendium. Available at: https://www.cabidigitallibrary.org/product/QI;2024
Sitotroga cerealella;Gelechiidae;Slovakia;Europe;Palearctic;1900;0;CAB International (CABI) (2024). CABI Invasive Species Compendium. Available at: https://www.cabidigitallibrary.org/product/QI;2024
Sitotroga cerealella;Gelechiidae;Slovenia;Europe;Palearctic;1951;0;CAB International (CABI) (2024). CABI Invasive Species Compendium. Available at: https://www.cabidigitallibrary.org/product/QI;2024
Sitotroga cerealella;Gelechiidae;Sweden;Europe;Palearctic;;0;CAB International (CABI) (2024). CABI Invasive Species Compendium. Available at: https://www.cabidigitallibrary.org/product/QI;2024
Sitotroga cerealella;Gelechiidae;Venezuela;South America;Neotropical;;0;Pullaiah, T., Ielmini, M.R. (Eds.) (2021). Invasive Alien Species: Observations and Issues from Around the World. Volume 4: Issues and Invasions in the Americas and the Caribbean. Wiley. 384pp.;2021
Sitotroga cerealella;Gelechiidae;South Africa;Africa;Afrotropical;;0;Turner, R., et al. (2024). International Non-native Insect Establishment Data (0.2.1) [Data set]. Zenodo.;2024
Sphacelodes vulneraria;Geometridae;Galapagos;South America;Neotropical;1964;;Turner, R., et al. (2024). International Non-native Insect Establishment Data (0.2.1) [Data set]. Zenodo.;2024
Sphenarches anisodactylus;Pterophoridae;Australia;Australia;Australian;;;Mally, R., et al. (2022), Moths and butterflies on alien shores - global biogeography of non-native Lepidoptera. Dryad, Dataset. Available at: https://doi.org/10.5061/dryad.31zcrjdnw;2022
Sphinx pinastri;Sphingidae;Canada;North America;Nearctic;;;Invasive Species Specialist Group ISSG (2020). Global Register of Introduced and Invasive Species GRIIS. Available at: https://griis.org;2020
Sphinx pinastri;Sphingidae;United States;North America;Nearctic;;0;Simpson, A., et al. (2022). United States Register of Introduced and Invasive Species (US-RIIS) (ver. 2.0, November 2022): U.S. Geological Survey data release. Available at: https://www.sciencebase.gov/catalog/item/62d59ae5d34e87fffb2dda99;2022
Sphyrelata amotella;Oecophoridae;New Zealand;Oceania;Australian;1955;;Turner, R., et al. (2024). International Non-native Insect Establishment Data (0.2.1) [Data set]. Zenodo.;2024
Spilonota laricana;Tortricidae;Canada;North America;Nearctic;;0;Gilligan, T., et al. (2020). Immigrant Tortricidae: Holarctic versus Introduced Species in North America. Insects. 11(9):594;2020
Spilonota laricana;Tortricidae;United States;North America;Nearctic;1975;0;Simpson, A., et al. (2022). United States Register of Introduced and Invasive Species (US-RIIS) (ver. 2.0, November 2022): U.S. Geological Survey data release. Available at: https://www.sciencebase.gov/catalog/item/62d59ae5d34e87fffb2dda99;2022
Spilonota ocellana;Tortricidae;United States;North America;Nearctic;1840;0;Simpson, A., et al. (2022). United States Register of Introduced and Invasive Species (US-RIIS) (ver. 2.0, November 2022): U.S. Geological Survey data release. Available at: https://www.sciencebase.gov/catalog/item/62d59ae5d34e87fffb2dda99;2022
Spodoptera cilium;Noctuidae;Japan;Asia;Sino-Japanese;1999;;Turner, R., et al. (2024). International Non-native Insect Establishment Data (0.2.1) [Data set]. Zenodo.;2024
Spodoptera dolichos;Noctuidae;Denmark;Europe;Palearctic;;;Invasive Species Specialist Group ISSG (2020). Global Register of Introduced and Invasive Species GRIIS. Available at: https://griis.org;2020
Spodoptera dolichos;Noctuidae;France;Europe;Palearctic;;;Invasive Species Specialist Group ISSG (2020). Global Register of Introduced and Invasive Species GRIIS. Available at: https://griis.org;2020
Spodoptera eridania;Noctuidae;Benin;Africa;Afrotropical;2017;0;CAB International (CABI) (2024). CABI Invasive Species Compendium. Available at: https://www.cabidigitallibrary.org/product/QI;2024
Spodoptera eridania;Noctuidae;Cameroon;Africa;Afrotropical;2018;0;CAB International (CABI) (2024). CABI Invasive Species Compendium. Available at: https://www.cabidigitallibrary.org/product/QI;2024
Spodoptera eridania;Noctuidae;Denmark;Europe;Palearctic;;;CAB International (CABI) (2024). CABI Invasive Species Compendium. Available at: https://www.cabidigitallibrary.org/product/QI;2024
Spodoptera eridania;Noctuidae;Gabon;Africa;Afrotropical;2018;0;CAB International (CABI) (2024). CABI Invasive Species Compendium. Available at: https://www.cabidigitallibrary.org/product/QI;2024
Spodoptera eridania;Noctuidae;United Kingdom;Europe;Palearctic;;;Invasive Species Specialist Group ISSG (2020). Global Register of Introduced and Invasive Species GRIIS. Available at: https://griis.org;2020
Spodoptera eridania;Noctuidae;India;Asia;Oriental;2019;0;European and Mediterranean Plant Protection Organization (EPPO) (2024). EPPO Global Database. Available at: https://gd.eppo.int;2024
Spodoptera eridania;Noctuidae;Nigeria;Africa;Afrotropical;2016;0;European and Mediterranean Plant Protection Organization (EPPO) (2024). EPPO Global Database. Available at: https://gd.eppo.int;2024
Spodoptera exempta;Noctuidae;Hawaii;Oceania;Nearctic;1868;0;Turner, R., et al. (2024). International Non-native Insect Establishment Data (0.2.1) [Data set]. Zenodo.;2024
Spodoptera exigua;Noctuidae;Australia;Australia;Australian;;;Mally, R., et al. (2022), Moths and butterflies on alien shores - global biogeography of non-native Lepidoptera. Dryad, Dataset. Available at: https://doi.org/10.5061/dryad.31zcrjdnw;2022
Spodoptera exigua;Noctuidae;Iran;Asia;Saharo-Arabian;;0;Falsafi, H., et al. (2022). Forecasting the potential distribution of Spodoptera exigua and S. littoralis (Lepidoptera, Noctuidae) in Iran. Journal of Asia-Pacific Entomology. 25: 101956;2022
Spodoptera exigua;Noctuidae;South Korea;Asia;Palearctic;;;Turner, R., et al. (2024). International Non-native Insect Establishment Data (0.2.1) [Data set]. Zenodo.;2024
Spodoptera exigua;Noctuidae;Mexico;North America;Nearctic;;;Invasive Species Specialist Group ISSG (2020). Global Register of Introduced and Invasive Species GRIIS. Available at: https://griis.org;2020
Spodoptera exigua;Noctuidae;United States;North America;Nearctic;1876;0;Simpson, A., et al. (2022). United States Register of Introduced and Invasive Species (US-RIIS) (ver. 2.0, November 2022): U.S. Geological Survey data release. Available at: https://www.sciencebase.gov/catalog/item/62d59ae5d34e87fffb2dda99;2022
Spodoptera exigua;Noctuidae;Hawaii;Oceania;Nearctic;1894;0;Turner, R., et al. (2024). International Non-native Insect Establishment Data (0.2.1) [Data set]. Zenodo.;2024
Spodoptera exigua;Noctuidae;South Africa;Africa;Afrotropical;;0;Turner, R., et al. (2024). International Non-native Insect Establishment Data (0.2.1) [Data set]. Zenodo.;2024
Spodoptera frugiperda;Noctuidae;Angola;Africa;Afrotropical;2017;0;CAB International (CABI) (2024). CABI Invasive Species Compendium. Available at: https://www.cabidigitallibrary.org/product/QI;2024
Spodoptera frugiperda;Noctuidae;Australia;Australia;Australian;2020;0;CAB International (CABI) (2024). CABI Invasive Species Compendium. Available at: https://www.cabidigitallibrary.org/product/QI;2024
Spodoptera frugiperda;Noctuidae;Australian Oceania Territories;Oceania;Australian;2021;;European and Mediterranean Plant Protection Organization (EPPO) (2024). EPPO Global Database. Available at: https://gd.eppo.int;2024
Spodoptera frugiperda;Noctuidae;Burundi;Africa;Afrotropical;2017;0;European and Mediterranean Plant Protection Organization (EPPO) (2024). EPPO Global Database. Available at: https://gd.eppo.int;2024
Spodoptera frugiperda;Noctuidae;Benin;Africa;Afrotropical;2016;0;CAB International (CABI) (2024). CABI Invasive Species Compendium. Available at: https://www.cabidigitallibrary.org/product/QI;2024
Spodoptera frugiperda;Noctuidae;Burkina Faso;Africa;Afrotropical;2017;;CAB International (CABI) (2024). CABI Invasive Species Compendium. Available at: https://www.cabidigitallibrary.org/product/QI;2024
Spodoptera frugiperda;Noctuidae;Bangladesh;Asia;Oriental;2018;0;European and Mediterranean Plant Protection Organization (EPPO) (2024). EPPO Global Database. Available at: https://gd.eppo.int;2024
Spodoptera frugiperda;Noctuidae;Botswana;Africa;Afrotropical;2017;;CAB International (CABI) (2024). CABI Invasive Species Compendium. Available at: https://www.cabidigitallibrary.org/product/QI;2024
Spodoptera frugiperda;Noctuidae;Central African Republic;Africa;Afrotropical;2017;;CAB International (CABI) (2024). CABI Invasive Species Compendium. Available at: https://www.cabidigitallibrary.org/product/QI;2024
Spodoptera frugiperda;Noctuidae;China;Asia;Oriental;2019;0;European and Mediterranean Plant Protection Organization (EPPO) (2024). EPPO Global Database. Available at: https://gd.eppo.int;2024
Spodoptera frugiperda;Noctuidae;China;Asia;Palearctic;2018;0;European and Mediterranean Plant Protection Organization (EPPO) (2024). EPPO Global Database. Available at: https://gd.eppo.int;2024
Spodoptera frugiperda;Noctuidae;China;Asia;Sino-Japanese;2019;0;European and Mediterranean Plant Protection Organization (EPPO) (2024). EPPO Global Database. Available at: https://gd.eppo.int;2024
Spodoptera frugiperda;Noctuidae;Hainan;Asia;Oriental;2019;0;CAB International (CABI) (2024). CABI Invasive Species Compendium. Available at: https://www.cabidigitallibrary.org/product/QI;2024
Spodoptera frugiperda;Noctuidae;Hong Kong and Macau;Asia;Sino-Japanese;2019;0;European and Mediterranean Plant Protection Organization (EPPO) (2024). EPPO Global Database. Available at: https://gd.eppo.int;2024
Spodoptera frugiperda;Noctuidae;Cameroon;Africa;Afrotropical;2017;;European and Mediterranean Plant Protection Organization (EPPO) (2024). EPPO Global Database. Available at: https://gd.eppo.int;2024
Spodoptera frugiperda;Noctuidae;Democratic Republic of the Congo;Africa;Afrotropical;2017;0;European and Mediterranean Plant Protection Organization (EPPO) (2024). EPPO Global Database. Available at: https://gd.eppo.int;2024
Spodoptera frugiperda;Noctuidae;Republic of the Congo;Africa;Afrotropical;2017;0;CAB International (CABI) (2024). CABI Invasive Species Compendium. Available at: https://www.cabidigitallibrary.org/product/QI;2024
Spodoptera frugiperda;Noctuidae;Cabo Verde;Africa;Afrotropical;2017;;CAB International (CABI) (2024). CABI Invasive Species Compendium. Available at: https://www.cabidigitallibrary.org/product/QI;2024
Spodoptera frugiperda;Noctuidae;Galapagos;South America;Neotropical;2016;;Turner, R., et al. (2024). International Non-native Insect Establishment Data (0.2.1) [Data set]. Zenodo.;2024
Spodoptera frugiperda;Noctuidae;Egypt;Africa;Saharo-Arabian;2019;0;European and Mediterranean Plant Protection Organization (EPPO) (2024). EPPO Global Database. Available at: https://gd.eppo.int;2024
Spodoptera frugiperda;Noctuidae;Ethiopia;Africa;Afrotropical;2017;0;European and Mediterranean Plant Protection Organization (EPPO) (2024). EPPO Global Database. Available at: https://gd.eppo.int;2024
Spodoptera frugiperda;Noctuidae;Gabon;Africa;Afrotropical;;;CAB International (CABI) (2024). CABI Invasive Species Compendium. Available at: https://www.cabidigitallibrary.org/product/QI;2024
Spodoptera frugiperda;Noctuidae;Ghana;Africa;Afrotropical;2017;0;European and Mediterranean Plant Protection Organization (EPPO) (2024). EPPO Global Database. Available at: https://gd.eppo.int;2024
Spodoptera frugiperda;Noctuidae;Guinea;Africa;Afrotropical;2017;0;CAB International (CABI) (2024). CABI Invasive Species Compendium. Available at: https://www.cabidigitallibrary.org/product/QI;2024
Spodoptera frugiperda;Noctuidae;Gambia;Africa;Afrotropical;;;European and Mediterranean Plant Protection Organization (EPPO) (2024). EPPO Global Database. Available at: https://gd.eppo.int;2024
Spodoptera frugiperda;Noctuidae;Guinea-Bissau;Africa;Afrotropical;2017;;CAB International (CABI) (2024). CABI Invasive Species Compendium. Available at: https://www.cabidigitallibrary.org/product/QI;2024
Spodoptera frugiperda;Noctuidae;Indonesia;Asia;Oriental;2019;0;CAB International (CABI) (2024). CABI Invasive Species Compendium. Available at: https://www.cabidigitallibrary.org/product/QI;2024
Spodoptera frugiperda;Noctuidae;India;Asia;Oriental;2017;0;CAB International (CABI) (2024). CABI Invasive Species Compendium. Available at: https://www.cabidigitallibrary.org/product/QI;2024
Spodoptera frugiperda;Noctuidae;Japan;Asia;Oriental;2019;;Turner, R., et al. (2024). International Non-native Insect Establishment Data (0.2.1) [Data set]. Zenodo.;2024
Spodoptera frugiperda;Noctuidae;Japan;Asia;Sino-Japanese;2019;0;Turner, R., et al. (2024). International Non-native Insect Establishment Data (0.2.1) [Data set]. Zenodo.;2024
Spodoptera frugiperda;Noctuidae;Kenya;Africa;Afrotropical;2017;0;European and Mediterranean Plant Protection Organization (EPPO) (2024). EPPO Global Database. Available at: https://gd.eppo.int;2024
Spodoptera frugiperda;Noctuidae;South Korea;Asia;Palearctic;2019;0;Turner, R., et al. (2024). International Non-native Insect Establishment Data (0.2.1) [Data set]. Zenodo.;2024
Spodoptera frugiperda;Noctuidae;Laos;Asia;Oriental;2019;0;CAB International (CABI) (2024). CABI Invasive Species Compendium. Available at: https://www.cabidigitallibrary.org/product/QI;2024
Spodoptera frugiperda;Noctuidae;Liberia;Africa;Afrotropical;;;European and Mediterranean Plant Protection Organization (EPPO) (2024). EPPO Global Database. Available at: https://gd.eppo.int;2024
Spodoptera frugiperda;Noctuidae;Sri Lanka;Asia;Oriental;;;European and Mediterranean Plant Protection Organization (EPPO) (2024). EPPO Global Database. Available at: https://gd.eppo.int;2024
Spodoptera frugiperda;Noctuidae;Madagascar;Africa;Madagascan;2017;;European and Mediterranean Plant Protection Organization (EPPO) (2024). EPPO Global Database. Available at: https://gd.eppo.int;2024
Spodoptera frugiperda;Noctuidae;Mali;Africa;Afrotropical;;;CAB International (CABI) (2024). CABI Invasive Species Compendium. Available at: https://www.cabidigitallibrary.org/product/QI;2024
Spodoptera frugiperda;Noctuidae;Myanmar;Asia;Oriental;2018;0;CAB International (CABI) (2024). CABI Invasive Species Compendium. Available at: https://www.cabidigitallibrary.org/product/QI;2024
Spodoptera frugiperda;Noctuidae;Mozambique;Africa;Afrotropical;2017;0;European and Mediterranean Plant Protection Organization (EPPO) (2024). EPPO Global Database. Available at: https://gd.eppo.int;2024
Spodoptera frugiperda;Noctuidae;Malawi;Africa;Afrotropical;2017;0;CAB International (CABI) (2024). CABI Invasive Species Compendium. Available at: https://www.cabidigitallibrary.org/product/QI;2024
Spodoptera frugiperda;Noctuidae;Malaysia;Asia;Oriental;2019;0;European and Mediterranean Plant Protection Organization (EPPO) (2024). EPPO Global Database. Available at: https://gd.eppo.int;2024
Spodoptera frugiperda;Noctuidae;Namibia;Africa;Afrotropical;2017;0;CAB International (CABI) (2024). CABI Invasive Species Compendium. Available at: https://www.cabidigitallibrary.org/product/QI;2024
Spodoptera frugiperda;Noctuidae;Niger;Africa;Afrotropical;2017;0;European and Mediterranean Plant Protection Organization (EPPO) (2024). EPPO Global Database. Available at: https://gd.eppo.int;2024
Spodoptera frugiperda;Noctuidae;Nigeria;Africa;Afrotropical;2016;0;CAB International (CABI) (2024). CABI Invasive Species Compendium. Available at: https://www.cabidigitallibrary.org/product/QI;2024
Spodoptera frugiperda;Noctuidae;Netherlands;Europe;Palearctic;;;European and Mediterranean Plant Protection Organization (EPPO) (2024). EPPO Global Database. Available at: https://gd.eppo.int;2024
Spodoptera frugiperda;Noctuidae;New Zealand;Oceania;Australian;2022;;CAB International (CABI) (2024). CABI Invasive Species Compendium. Available at: https://www.cabidigitallibrary.org/product/QI;2024
Spodoptera frugiperda;Noctuidae;Pakistan;Asia;Oriental;2019;0;CAB International (CABI) (2024). CABI Invasive Species Compendium. Available at: https://www.cabidigitallibrary.org/product/QI;2024
Spodoptera frugiperda;Noctuidae;Philippines;Asia;Oriental;2019;0;European and Mediterranean Plant Protection Organization (EPPO) (2024). EPPO Global Database. Available at: https://gd.eppo.int;2024
Spodoptera frugiperda;Noctuidae;Romania;Europe;Palearctic;2024;0;European and Mediterranean Plant Protection Organization (EPPO) (2024). First report of Spodoptera frugiperda in Romania. EPPO Reporting Service. 01 - 2024: 2024/003;2024
Spodoptera frugiperda;Noctuidae;Rwanda;Africa;Afrotropical;2017;0;European and Mediterranean Plant Protection Organization (EPPO) (2024). EPPO Global Database. Available at: https://gd.eppo.int;2024
Spodoptera frugiperda;Noctuidae;Sudan;Africa;Afrotropical;2017;;European and Mediterranean Plant Protection Organization (EPPO) (2024). EPPO Global Database. Available at: https://gd.eppo.int;2024
Spodoptera frugiperda;Noctuidae;Senegal;Africa;Afrotropical;2017;0;European and Mediterranean Plant Protection Organization (EPPO) (2024). EPPO Global Database. Available at: https://gd.eppo.int;2024
Spodoptera frugiperda;Noctuidae;Sierra Leone;Africa;Afrotropical;2017;0;CAB International (CABI) (2024). CABI Invasive Species Compendium. Available at: https://www.cabidigitallibrary.org/product/QI;2024
Spodoptera frugiperda;Noctuidae;Somalia;Africa;Afrotropical;2017;;European and Mediterranean Plant Protection Organization (EPPO) (2024). EPPO Global Database. Available at: https://gd.eppo.int;2024
Spodoptera frugiperda;Noctuidae;South Sudan;Africa;Afrotropical;2017;0;CAB International (CABI) (2024). CABI Invasive Species Compendium. Available at: https://www.cabidigitallibrary.org/product/QI;2024
Spodoptera frugiperda;Noctuidae;Sao Tome and Principe;Africa;Afrotropical;2016;0;European and Mediterranean Plant Protection Organization (EPPO) (2024). EPPO Global Database. Available at: https://gd.eppo.int;2024
Spodoptera frugiperda;Noctuidae;Swaziland;Africa;Afrotropical;2017;0;CAB International (CABI) (2024). CABI Invasive Species Compendium. Available at: https://www.cabidigitallibrary.org/product/QI;2024
Spodoptera frugiperda;Noctuidae;Seychelles;Africa;Oceanina;2017;;CAB International (CABI) (2024). CABI Invasive Species Compendium. Available at: https://www.cabidigitallibrary.org/product/QI;2024
Spodoptera frugiperda;Noctuidae;Chad;Africa;Afrotropical;2017;0;CAB International (CABI) (2024). CABI Invasive Species Compendium. Available at: https://www.cabidigitallibrary.org/product/QI;2024
Spodoptera frugiperda;Noctuidae;Togo;Africa;Afrotropical;2016;0;European and Mediterranean Plant Protection Organization (EPPO) (2024). EPPO Global Database. Available at: https://gd.eppo.int;2024
Spodoptera frugiperda;Noctuidae;Thailand;Asia;Oriental;2018;0;European and Mediterranean Plant Protection Organization (EPPO) (2024). EPPO Global Database. Available at: https://gd.eppo.int;2024
Spodoptera frugiperda;Noctuidae;Taiwan;Asia;Oriental;2019;0;Xu, M., et al. (2022). Overseas immigration of fall armyworm, Spodoptera frugiperda (Lepidoptera: Noctuidae), invading Korea and Japan in 2019. Insect Science. 29: 505-520;2022
Spodoptera frugiperda;Noctuidae;Tanzania;Africa;Afrotropical;2017;0;CAB International (CABI) (2024). CABI Invasive Species Compendium. Available at: https://www.cabidigitallibrary.org/product/QI;2024
Spodoptera frugiperda;Noctuidae;Uganda;Africa;Afrotropical;2016;0;European and Mediterranean Plant Protection Organization (EPPO) (2024). EPPO Global Database. Available at: https://gd.eppo.int;2024
Spodoptera frugiperda;Noctuidae;Vietnam;Asia;Oriental;2019;0;CAB International (CABI) (2024). CABI Invasive Species Compendium. Available at: https://www.cabidigitallibrary.org/product/QI;2024
Spodoptera frugiperda;Noctuidae;Yemen;Asia;Saharo-Arabian;2018;0;CAB International (CABI) (2024). CABI Invasive Species Compendium. Available at: https://www.cabidigitallibrary.org/product/QI;2024
Spodoptera frugiperda;Noctuidae;South Africa;Africa;Afrotropical;2017;0;CAB International (CABI) (2024). CABI Invasive Species Compendium. Available at: https://www.cabidigitallibrary.org/product/QI;2024
Spodoptera frugiperda;Noctuidae;Zambia;Africa;Afrotropical;2016;0;European and Mediterranean Plant Protection Organization (EPPO) (2024). EPPO Global Database. Available at: https://gd.eppo.int;2024
Spodoptera frugiperda;Noctuidae;Zimbabwe;Africa;Afrotropical;2017;0;CAB International (CABI) (2024). CABI Invasive Species Compendium. Available at: https://www.cabidigitallibrary.org/product/QI;2024
Spodoptera littoralis;Noctuidae;Albania;Europe;Palearctic;;0;Lopez-Vaamonde, C., et al. (2010). Lepidoptera. Chapter 11. BioRisk. 4: 603-668;2010
Spodoptera littoralis;Noctuidae;Switzerland;Europe;Palearctic;;0;CAB International (CABI) (2024). CABI Invasive Species Compendium. Available at: https://www.cabidigitallibrary.org/product/QI;2024
Spodoptera littoralis;Noctuidae;Germany;Europe;Palearctic;;0;European and Mediterranean Plant Protection Organization (EPPO) (2024). EPPO Global Database. Available at: https://gd.eppo.int;2024
Spodoptera littoralis;Noctuidae;Spain;Europe;Palearctic;;0;CAB International (CABI) (2024). CABI Invasive Species Compendium. Available at: https://www.cabidigitallibrary.org/product/QI;2024
Spodoptera littoralis;Noctuidae;France;Europe;Palearctic;;0;European and Mediterranean Plant Protection Organization (EPPO) (2024). EPPO Global Database. Available at: https://gd.eppo.int;2024
Spodoptera littoralis;Noctuidae;United Kingdom;Europe;Palearctic;;0;European and Mediterranean Plant Protection Organization (EPPO) (2024). EPPO Global Database. Available at: https://gd.eppo.int;2024
Spodoptera littoralis;Noctuidae;India;Asia;Oriental;;0;CAB International (CABI) (2024). CABI Invasive Species Compendium. Available at: https://www.cabidigitallibrary.org/product/QI;2024
Spodoptera littoralis;Noctuidae;Israel;Asia;Saharo-Arabian;;;European and Mediterranean Plant Protection Organization (EPPO) (2024). EPPO Global Database. Available at: https://gd.eppo.int;2024
Spodoptera littoralis;Noctuidae;Italy;Europe;Palearctic;1968;0;European and Mediterranean Plant Protection Organization (EPPO) (2024). EPPO Global Database. Available at: https://gd.eppo.int;2024
Spodoptera littoralis;Noctuidae;Netherlands;Europe;Palearctic;;;European and Mediterranean Plant Protection Organization (EPPO) (2024). EPPO Global Database. Available at: https://gd.eppo.int;2024
Spodoptera littoralis;Noctuidae;Pakistan;Asia;Oriental;;0;European and Mediterranean Plant Protection Organization (EPPO) (2024). EPPO Global Database. Available at: https://gd.eppo.int;2024
Spodoptera littoralis;Noctuidae;Portugal;Europe;Palearctic;;0;European and Mediterranean Plant Protection Organization (EPPO) (2024). EPPO Global Database. Available at: https://gd.eppo.int;2024
Spodoptera litura;Noctuidae;Afghanistan;Asia;Saharo-Arabian;;;European and Mediterranean Plant Protection Organization (EPPO) (2024). EPPO Global Database. Available at: https://gd.eppo.int;2024
Spodoptera litura;Noctuidae;Albania;Europe;Palearctic;;0;Roy, D., et al. (2020). DAISIE - Delivering Alien Invasive Species Inventories for Europe. Available at: http://www.europe-aliens.org/;2020
Spodoptera litura;Noctuidae;Australian Oceania Territories;Oceania;Australian;;;European and Mediterranean Plant Protection Organization (EPPO) (2024). EPPO Global Database. Available at: https://gd.eppo.int;2024
Spodoptera litura;Noctuidae;Australian Asian Territories;Asia;Oriental;;;CAB International (CABI) (2024). CABI Invasive Species Compendium. Available at: https://www.cabidigitallibrary.org/product/QI;2024
Spodoptera litura;Noctuidae;Bangladesh;Asia;Oriental;;;CAB International (CABI) (2024). CABI Invasive Species Compendium. Available at: https://www.cabidigitallibrary.org/product/QI;2024
Spodoptera litura;Noctuidae;Brunei;Asia;Oriental;;;European and Mediterranean Plant Protection Organization (EPPO) (2024). EPPO Global Database. Available at: https://gd.eppo.int;2024
Spodoptera litura;Noctuidae;Germany;Europe;Palearctic;;0;European and Mediterranean Plant Protection Organization (EPPO) (2024). EPPO Global Database. Available at: https://gd.eppo.int;2024
Spodoptera litura;Noctuidae;French Polynesia;Oceania;Oceanina;;;European and Mediterranean Plant Protection Organization (EPPO) (2024). EPPO Global Database. Available at: https://gd.eppo.int;2024
Spodoptera litura;Noctuidae;New Caledonia;Oceania;Oceanina;;;European and Mediterranean Plant Protection Organization (EPPO) (2024). EPPO Global Database. Available at: https://gd.eppo.int;2024
Spodoptera litura;Noctuidae;Guam;Oceania;Oceanina;;0;CAB International (CABI) (2024). CABI Invasive Species Compendium. Available at: https://www.cabidigitallibrary.org/product/QI;2024
Spodoptera litura;Noctuidae;Indian Asian Islands;Asia;Oriental;;;European and Mediterranean Plant Protection Organization (EPPO) (2024). EPPO Global Database. Available at: https://gd.eppo.int;2024
Spodoptera litura;Noctuidae;Cambodia;Asia;Oriental;;;European and Mediterranean Plant Protection Organization (EPPO) (2024). EPPO Global Database. Available at: https://gd.eppo.int;2024
Spodoptera litura;Noctuidae;Kiribati;Oceania;Oceanina;;;European and Mediterranean Plant Protection Organization (EPPO) (2024). EPPO Global Database. Available at: https://gd.eppo.int;2024
Spodoptera litura;Noctuidae;Laos;Asia;Oriental;;;European and Mediterranean Plant Protection Organization (EPPO) (2024). EPPO Global Database. Available at: https://gd.eppo.int;2024
Spodoptera litura;Noctuidae;Sri Lanka;Asia;Oriental;;;CAB International (CABI) (2024). CABI Invasive Species Compendium. Available at: https://www.cabidigitallibrary.org/product/QI;2024
Spodoptera litura;Noctuidae;Maldives;Asia;Oriental;;;CAB International (CABI) (2024). CABI Invasive Species Compendium. Available at: https://www.cabidigitallibrary.org/product/QI;2024
Spodoptera litura;Noctuidae;Marshall Islands;Oceania;Oceanina;;;European and Mediterranean Plant Protection Organization (EPPO) (2024). EPPO Global Database. Available at: https://gd.eppo.int;2024
Spodoptera litura;Noctuidae;Myanmar;Asia;Oriental;;;CAB International (CABI) (2024). CABI Invasive Species Compendium. Available at: https://www.cabidigitallibrary.org/product/QI;2024
Spodoptera litura;Noctuidae;Niue;Oceania;Oceanina;;;CAB International (CABI) (2024). CABI Invasive Species Compendium. Available at: https://www.cabidigitallibrary.org/product/QI;2024
Spodoptera litura;Noctuidae;Nepal;Asia;Sino-Japanese;;;European and Mediterranean Plant Protection Organization (EPPO) (2024). EPPO Global Database. Available at: https://gd.eppo.int;2024
Spodoptera litura;Noctuidae;Oman;Asia;Saharo-Arabian;;;European and Mediterranean Plant Protection Organization (EPPO) (2024). EPPO Global Database. Available at: https://gd.eppo.int;2024
Spodoptera litura;Noctuidae;Philippines;Asia;Oriental;;;CAB International (CABI) (2024). CABI Invasive Species Compendium. Available at: https://www.cabidigitallibrary.org/product/QI;2024
Spodoptera litura;Noctuidae;Palau;Oceania;Oceanina;;0;CAB International (CABI) (2024). CABI Invasive Species Compendium. Available at: https://www.cabidigitallibrary.org/product/QI;2024
Spodoptera litura;Noctuidae;Papua New Guinea;Oceania;Oceanina;;;European and Mediterranean Plant Protection Organization (EPPO) (2024). EPPO Global Database. Available at: https://gd.eppo.int;2024
Spodoptera litura;Noctuidae;Singapore;Asia;Oriental;;;European and Mediterranean Plant Protection Organization (EPPO) (2024). EPPO Global Database. Available at: https://gd.eppo.int;2024
Spodoptera litura;Noctuidae;Solomon Islands;Oceania;Oceanina;;;European and Mediterranean Plant Protection Organization (EPPO) (2024). EPPO Global Database. Available at: https://gd.eppo.int;2024
Spodoptera litura;Noctuidae;Thailand;Asia;Oriental;;;CAB International (CABI) (2024). CABI Invasive Species Compendium. Available at: https://www.cabidigitallibrary.org/product/QI;2024
Spodoptera litura;Noctuidae;Tonga;Oceania;Oceanina;;;CAB International (CABI) (2024). CABI Invasive Species Compendium. Available at: https://www.cabidigitallibrary.org/product/QI;2024
Spodoptera litura;Noctuidae;Tuvalu;Oceania;Oceanina;;;European and Mediterranean Plant Protection Organization (EPPO) (2024). EPPO Global Database. Available at: https://gd.eppo.int;2024
Spodoptera litura;Noctuidae;Taiwan;Asia;Oriental;;;European and Mediterranean Plant Protection Organization (EPPO) (2024). EPPO Global Database. Available at: https://gd.eppo.int;2024
Spodoptera litura;Noctuidae;United States;North America;Nearctic;2007;0;CAB International (CABI) (2024). CABI Invasive Species Compendium. Available at: https://www.cabidigitallibrary.org/product/QI;2024
Spodoptera litura;Noctuidae;Hawaii;Oceania;Nearctic;;0;CAB International (CABI) (2024). CABI Invasive Species Compendium. Available at: https://www.cabidigitallibrary.org/product/QI;2024
Spodoptera litura;Noctuidae;US Oceania Micronesia Islands;North America;Oceanina;;;European and Mediterranean Plant Protection Organization (EPPO) (2024). EPPO Global Database. Available at: https://gd.eppo.int;2024
Spodoptera litura;Noctuidae;US Polynesian Islands;Oceania;Oceanina;;0;CAB International (CABI) (2024). CABI Invasive Species Compendium. Available at: https://www.cabidigitallibrary.org/product/QI;2024
Spodoptera litura;Noctuidae;US Oceania Micronesia Islands;Oceania;Oceanina;;;CAB International (CABI) (2024). CABI Invasive Species Compendium. Available at: https://www.cabidigitallibrary.org/product/QI;2024
Spodoptera litura;Noctuidae;Vietnam;Asia;Oriental;;;CAB International (CABI) (2024). CABI Invasive Species Compendium. Available at: https://www.cabidigitallibrary.org/product/QI;2024
Spodoptera litura;Noctuidae;Vanuatu;Oceania;Oceanina;;;European and Mediterranean Plant Protection Organization (EPPO) (2024). EPPO Global Database. Available at: https://gd.eppo.int;2024
Spodoptera litura;Noctuidae;Samoa;Oceania;Oceanina;;;CAB International (CABI) (2024). CABI Invasive Species Compendium. Available at: https://www.cabidigitallibrary.org/product/QI;2024
Spodoptera mauritia;Noctuidae;Israel;Asia;Saharo-Arabian;2011;0;European and Mediterranean Plant Protection Organization (EPPO) (2024). EPPO Global Database. Available at: https://gd.eppo.int;2024
Spodoptera mauritia;Noctuidae;Hawaii;Oceania;Nearctic;1953;0;European and Mediterranean Plant Protection Organization (EPPO) (2024). EPPO Global Database. Available at: https://gd.eppo.int;2024
Spoladea recurvalis;Crambidae;Belgium;Europe;Palearctic;;0;Roy, D., et al. (2020). DAISIE - Delivering Alien Invasive Species Inventories for Europe. Available at: http://www.europe-aliens.org/;2020
Spoladea recurvalis;Crambidae;Chile;South America;Neotropical;1979;;Turner, R., et al. (2024). International Non-native Insect Establishment Data (0.2.1) [Data set]. Zenodo.;2024
Spoladea recurvalis;Crambidae;Germany;Europe;Palearctic;;;Invasive Species Specialist Group ISSG (2020). Global Register of Introduced and Invasive Species GRIIS. Available at: https://griis.org;2020
Spoladea recurvalis;Crambidae;Denmark;Europe;Palearctic;;0;Roy, D., et al. (2020). DAISIE - Delivering Alien Invasive Species Inventories for Europe. Available at: http://www.europe-aliens.org/;2020
Spoladea recurvalis;Crambidae;Galapagos;South America;Neotropical;1906;;Turner, R., et al. (2024). International Non-native Insect Establishment Data (0.2.1) [Data set]. Zenodo.;2024
Spoladea recurvalis;Crambidae;Spain;Europe;Palearctic;;;Roy, D., et al. (2020). DAISIE - Delivering Alien Invasive Species Inventories for Europe. Available at: http://www.europe-aliens.org/;2020
Spoladea recurvalis;Crambidae;Italy;Europe;Palearctic;;0;Roy, D., et al. (2020). DAISIE - Delivering Alien Invasive Species Inventories for Europe. Available at: http://www.europe-aliens.org/;2020
Spoladea recurvalis;Crambidae;Netherlands;Europe;Palearctic;1968;0;Roy, D., et al. (2020). DAISIE - Delivering Alien Invasive Species Inventories for Europe. Available at: http://www.europe-aliens.org/;2020
Spoladea recurvalis;Crambidae;New Zealand;Oceania;Australian;;;Turner, R., et al. (2024). International Non-native Insect Establishment Data (0.2.1) [Data set]. Zenodo.;2024
Spoladea recurvalis;Crambidae;Azores;Europe;Palearctic;;0;Roy, D., et al. (2020). DAISIE - Delivering Alien Invasive Species Inventories for Europe. Available at: http://www.europe-aliens.org/;2020
Spoladea recurvalis;Crambidae;Madeira;Africa;Palearctic;;0;Roy, D., et al. (2020). DAISIE - Delivering Alien Invasive Species Inventories for Europe. Available at: http://www.europe-aliens.org/;2020
Spoladea recurvalis;Crambidae;Hawaii;Oceania;Nearctic;1877;0;Turner, R., et al. (2024). International Non-native Insect Establishment Data (0.2.1) [Data set]. Zenodo.;2024
Spoladea recurvalis;Crambidae;South Africa;Africa;Afrotropical;;;Turner, R., et al. (2024). International Non-native Insect Establishment Data (0.2.1) [Data set]. Zenodo.;2024
Statherotis discana;Tortricidae;Japan;Asia;Oriental;1990;0;Turner, R., et al. (2024). International Non-native Insect Establishment Data (0.2.1) [Data set]. Zenodo.;2024
Statherotis discana;Tortricidae;Japan;Asia;Sino-Japanese;1980;0;National Institute for Environmental Studies - Japan (2024). Invasive Species of Japan: Lepidopterans (provisional list);2024
Stathmopoda auriferella;Stathmopodidae;New Zealand;Oceania;Australian;2020;;Turner, R., et al. (2024). International Non-native Insect Establishment Data (0.2.1) [Data set]. Zenodo.;2024
Stathmopoda cephalaea;Stathmopodidae;New Zealand;Oceania;Australian;1999;0;Turner, R., et al. (2024). International Non-native Insect Establishment Data (0.2.1) [Data set]. Zenodo.;2024
Stathmopoda melanochra;Stathmopodidae;India;Asia;Oriental;1930;0;Ramchandra R., Cherian, M. (1944). The Fluted Scale, Icerya purchasi Mask., as a Pest of Wattle in South India, and its Control by the biological method. The Madras Agricultural Journal. 32(3-4): 92-102;1944
Stathmopoda melanochra;Stathmopodidae;New Zealand;Oceania;Australian;1932;1;Turner, R., et al. (2024). International Non-native Insect Establishment Data (0.2.1) [Data set]. Zenodo.;2024
Stegasta basqueella;Gelechiidae;Galapagos;South America;Neotropical;2016;;Turner, R., et al. (2024). International Non-native Insect Establishment Data (0.2.1) [Data set]. Zenodo.;2024
Stegommata leptomitella;Lyonetiidae;New Zealand;Oceania;Australian;1971;;Turner, R., et al. (2024). International Non-native Insect Establishment Data (0.2.1) [Data set]. Zenodo.;2024
Stegommata sulfuratella;Lyonetiidae;New Zealand;Oceania;Australian;1999;0;Turner, R., et al. (2024). International Non-native Insect Establishment Data (0.2.1) [Data set]. Zenodo.;2024
Stenolechia bathrodyas;Gelechiidae;United States;North America;Nearctic;1980;0;Simpson, A., et al. (2022). United States Register of Introduced and Invasive Species (US-RIIS) (ver. 2.0, November 2022): U.S. Geological Survey data release. Available at: https://www.sciencebase.gov/catalog/item/62d59ae5d34e87fffb2dda99;2022
Stenoma catenifer;Depressariidae;Galapagos;South America;Neotropical;2001;;Turner, R., et al. (2024). International Non-native Insect Establishment Data (0.2.1) [Data set]. Zenodo.;2024
Stenoptilia millieridactylus;Pterophoridae;United Kingdom;Europe;Palearctic;;0;CAB International (CABI) (2024). CABI Invasive Species Compendium. Available at: https://www.cabidigitallibrary.org/product/QI;2024
Stenoptilia millieridactylus;Pterophoridae;Ireland;Europe;Palearctic;;0;CAB International (CABI) (2024). CABI Invasive Species Compendium. Available at: https://www.cabidigitallibrary.org/product/QI;2024
Stenoptilia zophodactylus;Pterophoridae;Japan;Asia;Sino-Japanese;1975;;Turner, R., et al. (2024). International Non-native Insect Establishment Data (0.2.1) [Data set]. Zenodo.;2024
Stenoptilodes brevipennis;Pterophoridae;Galapagos;South America;Neotropical;1989;;Turner, R., et al. (2024). International Non-native Insect Establishment Data (0.2.1) [Data set]. Zenodo.;2024
Stenoptilodes taprobanes;Pterophoridae;Hawaii;Oceania;Nearctic;;0;Turner, R., et al. (2024). International Non-native Insect Establishment Data (0.2.1) [Data set]. Zenodo.;2024
Stericta carbonalis;Pyralidae;New Zealand;Oceania;Australian;2009;;Turner, R., et al. (2024). International Non-native Insect Establishment Data (0.2.1) [Data set]. Zenodo.;2024
Stictoptera cucullioides;Euteliidae;Hawaii;Oceania;Nearctic;1949;0;Turner, R., et al. (2024). International Non-native Insect Establishment Data (0.2.1) [Data set]. Zenodo.;2024
Stictoptera poecilosoma;Euteliidae;Hawaii;Oceania;Nearctic;1949;0;Simpson, A., et al. (2022). United States Register of Introduced and Invasive Species (US-RIIS) (ver. 2.0, November 2022): U.S. Geological Survey data release. Available at: https://www.sciencebase.gov/catalog/item/62d59ae5d34e87fffb2dda99;2022
Stigmella atricapitella;Nepticulidae;Madeira;Africa;Palearctic;;0;Lopez-Vaamonde, C., et al. (2010). Lepidoptera. Chapter 11. BioRisk. 4: 603-668;2010
Stigmella aurella;Nepticulidae;Ireland;Europe;Palearctic;;;Invasive Species Specialist Group ISSG (2020). Global Register of Introduced and Invasive Species GRIIS. Available at: https://griis.org;2020
Stigmella aurella;Nepticulidae;Azores;Europe;Palearctic;;0;Lopez-Vaamonde, C., et al. (2010). Lepidoptera. Chapter 11. BioRisk. 4: 603-668;2010
Stigmella centifoliella;Nepticulidae;Madeira;Africa;Palearctic;;0;Lopez-Vaamonde, C., et al. (2010). Lepidoptera. Chapter 11. BioRisk. 4: 603-668;2010
Stigmella microtheriella;Nepticulidae;New Zealand;Oceania;Australian;1850;;Turner, R., et al. (2024). International Non-native Insect Establishment Data (0.2.1) [Data set]. Zenodo.;2024
Stigmella multispicata;Nepticulidae;Canada;North America;Nearctic;2015;0;van Nieukerken, E., et al. (2018). Stigmella multispicata Rociene and Stonis, an Asian leafminer on Siberian elm, now widespread in eastern North America (Lepidoptera, Nepticulidae). ZooKeys. 784: 95-125;2018
Stigmella multispicata;Nepticulidae;United States;North America;Nearctic;2010;0;van Nieukerken, E., et al. (2018). Stigmella multispicata Rociene and Stonis, an Asian leafminer on Siberian elm, now widespread in eastern North America (Lepidoptera, Nepticulidae). ZooKeys. 784: 95-125;2018
Stigmella pyri;Nepticulidae;Sweden;Europe;Palearctic;;0;CAB International (CABI) (2024). CABI Invasive Species Compendium. Available at: https://www.cabidigitallibrary.org/product/QI;2024
Stigmella speciosa;Nepticulidae;Denmark;Europe;Palearctic;;0;CAB International (CABI) (2024). CABI Invasive Species Compendium. Available at: https://www.cabidigitallibrary.org/product/QI;2024
Stigmella suberivora;Nepticulidae;United Kingdom;Europe;Palearctic;;0;CAB International (CABI) (2024). CABI Invasive Species Compendium. Available at: https://www.cabidigitallibrary.org/product/QI;2024
Stoeberhinus testaceus;Autostichidae;Hawaii;Oceania;Nearctic;1907;0;Turner, R., et al. (2024). International Non-native Insect Establishment Data (0.2.1) [Data set]. Zenodo.;2024
Stomphastis thraustica;Gracillariidae;Australia;Australia;Australian;2017;1;de Prins, J., et al. (2023). Taxonomic Delineation of the Old World Species Stomphastis thraustica (Lepidoptera: Gracillariidae) Feeding on Jatropha gossypiifolia (Euphorbiaceae) that Was Collected in the New World and Imported as a Biocontrol Agent to Australia. Neotropical Entomology. 52: 380-406;2023
Strepsicrates infensa;Tortricidae;New Zealand;Oceania;Australian;1924;;Turner, R., et al. (2024). International Non-native Insect Establishment Data (0.2.1) [Data set]. Zenodo.;2024
Strepsicrates macropetana;Tortricidae;New Zealand;Oceania;Australian;1923;;Turner, R., et al. (2024). International Non-native Insect Establishment Data (0.2.1) [Data set]. Zenodo.;2024
Strepsicrates semicanella;Tortricidae;Chile;South America;Neotropical;;;Turner, R., et al. (2024). International Non-native Insect Establishment Data (0.2.1) [Data set]. Zenodo.;2024
Strepsicrates smithiana;Tortricidae;Hawaii;Oceania;Nearctic;1955;1;Turner, R., et al. (2024). International Non-native Insect Establishment Data (0.2.1) [Data set]. Zenodo.;2024
Strymon bazochii;Lycaenidae;Hawaii;Oceania;Nearctic;1902;1;Turner, R., et al. (2024). International Non-native Insect Establishment Data (0.2.1) [Data set]. Zenodo.;2024
Stylopalpia luniferella;Pyralidae;United States;North America;Nearctic;1985;0;Simpson, A., et al. (2022). United States Register of Introduced and Invasive Species (US-RIIS) (ver. 2.0, November 2022): U.S. Geological Survey data release. Available at: https://www.sciencebase.gov/catalog/item/62d59ae5d34e87fffb2dda99;2022
Suastus gremius;Hesperiidae;Japan;Asia;Oriental;1973;0;Turner, R., et al. (2024). International Non-native Insect Establishment Data (0.2.1) [Data set]. Zenodo.;2024
Suastus gremius;Hesperiidae;Japan;Asia;Sino-Japanese;1973;0;National Institute for Environmental Studies - Japan (2024). Invasive Species of Japan: Lepidopterans (provisional list);2024
Swammerdamia pyrella;Yponomeutidae;Canada;North America;Nearctic;;0;Na, S., et al. (2019). Taxonomic review of the genus Swammerdamia Hubner (Lepidoptera: Yponomeutidae) from Korea. Journal of Asia-Pacific Biodiversity. 12(1): 74-78;2019
Swammerdamia pyrella;Yponomeutidae;United States;North America;Nearctic;1910;0;Simpson, A., et al. (2022). United States Register of Introduced and Invasive Species (US-RIIS) (ver. 2.0, November 2022): U.S. Geological Survey data release. Available at: https://www.sciencebase.gov/catalog/item/62d59ae5d34e87fffb2dda99;2022
Symmetrischema striatella;Gelechiidae;New Zealand;Oceania;Australian;2006;;Austin, K., Rubinoff, D. (2024). New records of introduced Lepidoptera in the Hawaiian Islands for the year 2023. Bishop Museum Occasional Papers. 156: 111-121;2024
Symmetrischema tangolias;Gelechiidae;Australia;Australia;Australian;;0;Mally, R., et al. (2022), Moths and butterflies on alien shores - global biogeography of non-native Lepidoptera. Dryad, Dataset. Available at: https://doi.org/10.5061/dryad.31zcrjdnw;2022
Symmetrischema tangolias;Gelechiidae;Chile;South America;Neotropical;;0;Sporleder, M., et al. (2016). Andean potato tuber moth, Symmetrischema tangolias (Gyen 1913). In: Kroschel, J., et al. (2016). Pest distribution and risk atlas for Africa. Potential global and regional distribution and abundance of agricultural and horticultural pests and associated biocontrol agents under current and future climates. International Potato Center (CIP), Lima, Peru.;2016
Symmetrischema tangolias;Gelechiidae;Colombia;South America;Neotropical;;0;Sporleder, M., et al. (2016). Andean potato tuber moth, Symmetrischema tangolias (Gyen 1913). In: Kroschel, J., et al. (2016). Pest distribution and risk atlas for Africa. Potential global and regional distribution and abundance of agricultural and horticultural pests and associated biocontrol agents under current and future climates. International Potato Center (CIP), Lima, Peru.;2016
Symmetrischema tangolias;Gelechiidae;Ecuador;South America;Neotropical;;0;Sporleder, M., et al. (2016). Andean potato tuber moth, Symmetrischema tangolias (Gyen 1913). In: Kroschel, J., et al. (2016). Pest distribution and risk atlas for Africa. Potential global and regional distribution and abundance of agricultural and horticultural pests and associated biocontrol agents under current and future climates. International Potato Center (CIP), Lima, Peru.;2016
Symmetrischema tangolias;Gelechiidae;Indonesia;Asia;Oriental;;0;Sporleder, M., et al. (2016). Andean potato tuber moth, Symmetrischema tangolias (Gyen 1913). In: Kroschel, J., et al. (2016). Pest distribution and risk atlas for Africa. Potential global and regional distribution and abundance of agricultural and horticultural pests and associated biocontrol agents under current and future climates. International Potato Center (CIP), Lima, Peru.;2016
Symmetrischema tangolias;Gelechiidae;New Zealand;Oceania;Australian;;0;Turner, R., et al. (2024). International Non-native Insect Establishment Data (0.2.1) [Data set]. Zenodo.;2024
Symmetrischema tangolias;Gelechiidae;United States;North America;Nearctic;;0;Simpson, A., et al. (2022). United States Register of Introduced and Invasive Species (US-RIIS) (ver. 2.0, November 2022): U.S. Geological Survey data release. Available at: https://www.sciencebase.gov/catalog/item/62d59ae5d34e87fffb2dda99;2022
Synanthedon andrenaeformis;Sesiidae;Sweden;Europe;Palearctic;;0;CAB International (CABI) (2024). CABI Invasive Species Compendium. Available at: https://www.cabidigitallibrary.org/product/QI;2024
Synanthedon myopaeformis;Sesiidae;Canada;North America;Nearctic;2006;0;Aurelian, V., et al. (2012). Small-plot studies comparing pheromone and juice baits for mass-trapping invasive Synanthedon myopaeformis in Canada. Entomologia Experimentalis et Applicata. 145: 102-114;2012
Synanthedon myopaeformis;Sesiidae;Madeira;Africa;Palearctic;;0;Lopez-Vaamonde, C., et al. (2010). Lepidoptera. Chapter 11. BioRisk. 4: 603-668;2010
Synanthedon myopaeformis;Sesiidae;United States;North America;Nearctic;2007;0;Simpson, A., et al. (2022). United States Register of Introduced and Invasive Species (US-RIIS) (ver. 2.0, November 2022): U.S. Geological Survey data release. Available at: https://www.sciencebase.gov/catalog/item/62d59ae5d34e87fffb2dda99;2022
Synanthedon tipuliformis;Sesiidae;Australia;Australia;Australian;;;Mally, R., et al. (2022), Moths and butterflies on alien shores - global biogeography of non-native Lepidoptera. Dryad, Dataset. Available at: https://doi.org/10.5061/dryad.31zcrjdnw;2022
Synanthedon tipuliformis;Sesiidae;Japan;Asia;Sino-Japanese;2005;0;Turner, R., et al. (2024). International Non-native Insect Establishment Data (0.2.1) [Data set]. Zenodo.;2024
Synanthedon tipuliformis;Sesiidae;New Zealand;Oceania;Australian;1909;;Turner, R., et al. (2024). International Non-native Insect Establishment Data (0.2.1) [Data set]. Zenodo.;2024
Synanthedon tipuliformis;Sesiidae;United States;North America;Nearctic;1825;0;Simpson, A., et al. (2022). United States Register of Introduced and Invasive Species (US-RIIS) (ver. 2.0, November 2022): U.S. Geological Survey data release. Available at: https://www.sciencebase.gov/catalog/item/62d59ae5d34e87fffb2dda99;2022
Syndemis cedricola;Tortricidae;France;Europe;Palearctic;2001;0;CAB International (CABI) (2024). CABI Invasive Species Compendium. Available at: https://www.cabidigitallibrary.org/product/QI;2024
Syngamia florella;Crambidae;Galapagos;South America;Neotropical;1906;;Turner, R., et al. (2024). International Non-native Insect Establishment Data (0.2.1) [Data set]. Zenodo.;2024
Syntomeida epilais;Erebidae;Saint Lucia;North America;Neotropical;1982;;CAB International (CABI) (2024). CABI Invasive Species Compendium. Available at: https://www.cabidigitallibrary.org/product/QI;2024
Tachystola acroxantha;Oecophoridae;United Kingdom;Europe;Palearctic;1908;0;CAB International (CABI) (2024). CABI Invasive Species Compendium. Available at: https://www.cabidigitallibrary.org/product/QI;2024
Tachystola acroxantha;Oecophoridae;New Zealand;Oceania;Australian;1886;;Turner, R., et al. (2024). International Non-native Insect Establishment Data (0.2.1) [Data set]. Zenodo.;2024
Tachystola hemisema;Oecophoridae;United Kingdom;Europe;Palearctic;;0;Austin, K., Rubinoff, D. (2024). New records of introduced Lepidoptera in the Hawaiian Islands for the year 2023. Bishop Museum Occasional Papers. 156: 111-121;2024
Tachystola hemisema;Oecophoridae;New Zealand;Oceania;Australian;2008;;Austin, K., Rubinoff, D. (2024). New records of introduced Lepidoptera in the Hawaiian Islands for the year 2023. Bishop Museum Occasional Papers. 156: 111-121;2024
Tachystola hemisema;Oecophoridae;United States;North America;Nearctic;;0;Austin, K., Rubinoff, D. (2024). New records of introduced Lepidoptera in the Hawaiian Islands for the year 2023. Bishop Museum Occasional Papers. 156: 111-121;2024
Tachystola hemisema;Oecophoridae;Hawaii;Oceania;Nearctic;2023;0;Austin, K., Rubinoff, D. (2024). New records of introduced Lepidoptera in the Hawaiian Islands for the year 2023. Bishop Museum Occasional Papers. 156: 111-121;2024
Targalla delatrix;Euteliidae;Hawaii;Oceania;Nearctic;1964;0;Turner, R., et al. (2024). International Non-native Insect Establishment Data (0.2.1) [Data set]. Zenodo.;2024
Tebenna micalis;Choreutidae;Ireland;Europe;Palearctic;;;Invasive Species Specialist Group ISSG (2020). Global Register of Introduced and Invasive Species GRIIS. Available at: https://griis.org;2020
Tecia solanivora;Gelechiidae;Colombia;South America;Neotropical;1985;0;CAB International (CABI) (2024). CABI Invasive Species Compendium. Available at: https://www.cabidigitallibrary.org/product/QI;2024
Tecia solanivora;Gelechiidae;Costa Rica;North America;Panamanian;1970;0;CAB International (CABI) (2024). CABI Invasive Species Compendium. Available at: https://www.cabidigitallibrary.org/product/QI;2024
Tecia solanivora;Gelechiidae;Ecuador;South America;Neotropical;1996;0;European and Mediterranean Plant Protection Organization (EPPO) (2024). EPPO Global Database. Available at: https://gd.eppo.int;2024
Tecia solanivora;Gelechiidae;Spain;Europe;Palearctic;2015;0;CAB International (CABI) (2024). CABI Invasive Species Compendium. Available at: https://www.cabidigitallibrary.org/product/QI;2024
Tecia solanivora;Gelechiidae;Canary Islands;Africa;Palearctic;1999;0;European and Mediterranean Plant Protection Organization (EPPO) (2024). EPPO Global Database. Available at: https://gd.eppo.int;2024
Tecia solanivora;Gelechiidae;Nicaragua;North America;Panamanian;;;CAB International (CABI) (2024). CABI Invasive Species Compendium. Available at: https://www.cabidigitallibrary.org/product/QI;2024
Tecia solanivora;Gelechiidae;Panama;North America;Panamanian;1973;0;European and Mediterranean Plant Protection Organization (EPPO) (2024). EPPO Global Database. Available at: https://gd.eppo.int;2024
Tecia solanivora;Gelechiidae;Venezuela;South America;Neotropical;1983;0;European and Mediterranean Plant Protection Organization (EPPO) (2024). EPPO Global Database. Available at: https://gd.eppo.int;2024
Teia anartoides;Erebidae;New Zealand;Oceania;Australian;1983;0;Turner, R., et al. (2024). International Non-native Insect Establishment Data (0.2.1) [Data set]. Zenodo.;2024
Terastia meticulosalis;Crambidae;Galapagos;South America;Neotropical;1964;;Turner, R., et al. (2024). International Non-native Insect Establishment Data (0.2.1) [Data set]. Zenodo.;2024
Terastia meticulosalis;Crambidae;Hawaii;Oceania;Nearctic;1922;0;Turner, R., et al. (2024). International Non-native Insect Establishment Data (0.2.1) [Data set]. Zenodo.;2024
Thaumatotibia leucotreta;Tortricidae;Belgium;Europe;Palearctic;;;European and Mediterranean Plant Protection Organization (EPPO) (2024). EPPO Global Database. Available at: https://gd.eppo.int;2024
Thaumatotibia leucotreta;Tortricidae;France;Europe;Palearctic;;;Invasive Species Specialist Group ISSG (2020). Global Register of Introduced and Invasive Species GRIIS. Available at: https://griis.org;2020
Thaumatotibia leucotreta;Tortricidae;United Kingdom;Europe;Palearctic;;;CAB International (CABI) (2024). CABI Invasive Species Compendium. Available at: https://www.cabidigitallibrary.org/product/QI;2024
Thaumatotibia leucotreta;Tortricidae;Ireland;Europe;Palearctic;;;Invasive Species Specialist Group ISSG (2020). Global Register of Introduced and Invasive Species GRIIS. Available at: https://griis.org;2020
Thaumatotibia leucotreta;Tortricidae;Israel;Asia;Saharo-Arabian;1984;0;CAB International (CABI) (2024). CABI Invasive Species Compendium. Available at: https://www.cabidigitallibrary.org/product/QI;2024
Thaumatotibia leucotreta;Tortricidae;Netherlands;Europe;Palearctic;1998;;European and Mediterranean Plant Protection Organization (EPPO) (2024). EPPO Global Database. Available at: https://gd.eppo.int;2024
Thaumetopoea pityocampa;Notodontidae;Algeria;Africa;Saharo-Arabian;;;European and Mediterranean Plant Protection Organization (EPPO) (2024). EPPO Global Database. Available at: https://gd.eppo.int;2024
Thaumetopoea pityocampa;Notodontidae;Morocco;Africa;Saharo-Arabian;1922;0;European and Mediterranean Plant Protection Organization (EPPO) (2024). EPPO Global Database. Available at: https://gd.eppo.int;2024
Thaumetopoea processionea;Notodontidae;United Kingdom;Europe;Palearctic;2006;0;CAB International (CABI) (2024). CABI Invasive Species Compendium. Available at: https://www.cabidigitallibrary.org/product/QI;2024
Thaumetopoea processionea;Notodontidae;Sweden;Europe;Palearctic;;;CAB International (CABI) (2024). CABI Invasive Species Compendium. Available at: https://www.cabidigitallibrary.org/product/QI;2024
Thecla limenia;Lycaenidae;United States;North America;Nearctic;1971;0;Simpson, A., et al. (2022). United States Register of Introduced and Invasive Species (US-RIIS) (ver. 2.0, November 2022): U.S. Geological Survey data release. Available at: https://www.sciencebase.gov/catalog/item/62d59ae5d34e87fffb2dda99;2022
Thera britannica;Geometridae;Sweden;Europe;Palearctic;;0;CAB International (CABI) (2024). CABI Invasive Species Compendium. Available at: https://www.cabidigitallibrary.org/product/QI;2024
Thera cupressata;Geometridae;Germany;Europe;Palearctic;;;Invasive Species Specialist Group ISSG (2020). Global Register of Introduced and Invasive Species GRIIS. Available at: https://griis.org;2020
Thera cupressata;Geometridae;United Kingdom;Europe;Palearctic;1984;;Turner, R., et al. (2024). International Non-native Insect Establishment Data (0.2.1) [Data set]. Zenodo.;2024
Theresimima ampellophaga;Zygaenidae;Austria;Europe;Palearctic;1906;0;CAB International (CABI) (2024). CABI Invasive Species Compendium. Available at: https://www.cabidigitallibrary.org/product/QI;2024
Theresimima ampellophaga;Zygaenidae;Slovenia;Europe;Palearctic;;;Invasive Species Specialist Group ISSG (2020). Global Register of Introduced and Invasive Species GRIIS. Available at: https://griis.org;2020
Theretra latreillii;Sphingidae;Denmark;Europe;Palearctic;;;Invasive Species Specialist Group ISSG (2020). Global Register of Introduced and Invasive Species GRIIS. Available at: https://griis.org;2020
Theretra nessus;Sphingidae;Hawaii;Oceania;Nearctic;1974;0;Turner, R., et al. (2024). International Non-native Insect Establishment Data (0.2.1) [Data set]. Zenodo.;2024
Thessalia theona;Nymphalidae;Hawaii;Oceania;Nearctic;1949;1;Turner, R., et al. (2024). International Non-native Insect Establishment Data (0.2.1) [Data set]. Zenodo.;2024
Thymelicus lineola;Hesperiidae;Canada;North America;Nearctic;;;Invasive Species Specialist Group ISSG (2020). Global Register of Introduced and Invasive Species GRIIS. Available at: https://griis.org;2020
Thymelicus lineola;Hesperiidae;Japan;Asia;Sino-Japanese;1999;0;National Institute for Environmental Studies - Japan (2024). Invasive Species of Japan: Lepidopterans (provisional list);2024
Thymelicus lineola;Hesperiidae;United States;North America;Nearctic;1910;0;Simpson, A., et al. (2022). United States Register of Introduced and Invasive Species (US-RIIS) (ver. 2.0, November 2022): U.S. Geological Survey data release. Available at: https://www.sciencebase.gov/catalog/item/62d59ae5d34e87fffb2dda99;2022
Thymelicus sylvestris;Hesperiidae;United States;North America;Nearctic;1899;0;Simpson, A., et al. (2022). United States Register of Introduced and Invasive Species (US-RIIS) (ver. 2.0, November 2022): U.S. Geological Survey data release. Available at: https://www.sciencebase.gov/catalog/item/62d59ae5d34e87fffb2dda99;2022
Thysanoplusia orichalcea;Noctuidae;Australia;Australia;Australian;;;Mally, R., et al. (2022), Moths and butterflies on alien shores - global biogeography of non-native Lepidoptera. Dryad, Dataset. Available at: https://doi.org/10.5061/dryad.31zcrjdnw;2022
Thysanoplusia orichalcea;Noctuidae;New Zealand;Oceania;Australian;1984;;Turner, R., et al. (2024). International Non-native Insect Establishment Data (0.2.1) [Data set]. Zenodo.;2024
Thysanoplusia orichalcea;Noctuidae;South Africa;Africa;Afrotropical;;;Turner, R., et al. (2024). International Non-native Insect Establishment Data (0.2.1) [Data set]. Zenodo.;2024
Tinea columbariella;Tineidae;Australia;Australia;Australian;;;Mally, R., et al. (2022), Moths and butterflies on alien shores - global biogeography of non-native Lepidoptera. Dryad, Dataset. Available at: https://doi.org/10.5061/dryad.31zcrjdnw;2022
Tinea dubiella;Tineidae;Australia;Australia;Australian;;;Mally, R., et al. (2022), Moths and butterflies on alien shores - global biogeography of non-native Lepidoptera. Dryad, Dataset. Available at: https://doi.org/10.5061/dryad.31zcrjdnw;2022
Tinea dubiella;Tineidae;New Zealand;Oceania;Australian;1925;0;Turner, R., et al. (2024). International Non-native Insect Establishment Data (0.2.1) [Data set]. Zenodo.;2024
Tinea flavescentella;Tineidae;Australia;Australia;Australian;;;CAB International (CABI) (2024). CABI Invasive Species Compendium. Available at: https://www.cabidigitallibrary.org/product/QI;2024
Tinea murariella;Tineidae;Australia;Australia;Australian;;;CAB International (CABI) (2024). CABI Invasive Species Compendium. Available at: https://www.cabidigitallibrary.org/product/QI;2024
Tinea murariella;Tineidae;Switzerland;Europe;Palearctic;;0;Lopez-Vaamonde, C., et al. (2010). Lepidoptera. Chapter 11. BioRisk. 4: 603-668;2010
Tinea murariella;Tineidae;Spain;Europe;Palearctic;;0;Lopez-Vaamonde, C., et al. (2010). Lepidoptera. Chapter 11. BioRisk. 4: 603-668;2010
Tinea murariella;Tineidae;France;Europe;Palearctic;;0;Invasive Species Specialist Group ISSG (2020). Global Register of Introduced and Invasive Species GRIIS. Available at: https://griis.org;2020
Tinea murariella;Tineidae;United Kingdom;Europe;Palearctic;;0;CAB International (CABI) (2024). CABI Invasive Species Compendium. Available at: https://www.cabidigitallibrary.org/product/QI;2024
Tinea murariella;Tineidae;Croatia;Europe;Palearctic;;0;Lopez-Vaamonde, C., et al. (2010). Lepidoptera. Chapter 11. BioRisk. 4: 603-668;2010
Tinea murariella;Tineidae;Ireland;Europe;Palearctic;;;Invasive Species Specialist Group ISSG (2020). Global Register of Introduced and Invasive Species GRIIS. Available at: https://griis.org;2020
Tinea murariella;Tineidae;Italy;Europe;Palearctic;;0;Lopez-Vaamonde, C., et al. (2010). Lepidoptera. Chapter 11. BioRisk. 4: 603-668;2010
Tinea murariella;Tineidae;Norway;Europe;Palearctic;;0;CAB International (CABI) (2024). CABI Invasive Species Compendium. Available at: https://www.cabidigitallibrary.org/product/QI;2024
Tinea murariella;Tineidae;Portugal;Europe;Palearctic;;0;CAB International (CABI) (2024). CABI Invasive Species Compendium. Available at: https://www.cabidigitallibrary.org/product/QI;2024
Tinea murariella;Tineidae;Azores;Europe;Palearctic;;0;Lopez-Vaamonde, C., et al. (2010). Lepidoptera. Chapter 11. BioRisk. 4: 603-668;2010
Tinea murariella;Tineidae;Madeira;Africa;Palearctic;;0;Lopez-Vaamonde, C., et al. (2010). Lepidoptera. Chapter 11. BioRisk. 4: 603-668;2010
Tinea murariella;Tineidae;Romania;Europe;Palearctic;;0;Lopez-Vaamonde, C., et al. (2010). Lepidoptera. Chapter 11. BioRisk. 4: 603-668;2010
Tinea pallescentella;Tineidae;Australia;Australia;Australian;;;CAB International (CABI) (2024). CABI Invasive Species Compendium. Available at: https://www.cabidigitallibrary.org/product/QI;2024
Tinea pallescentella;Tineidae;Austria;Europe;Palearctic;;0;Roy, D., et al. (2020). DAISIE - Delivering Alien Invasive Species Inventories for Europe. Available at: http://www.europe-aliens.org/;2020
Tinea pallescentella;Tineidae;Belgium;Europe;Palearctic;;0;Roy, D., et al. (2020). DAISIE - Delivering Alien Invasive Species Inventories for Europe. Available at: http://www.europe-aliens.org/;2020
Tinea pallescentella;Tineidae;Czechia;Europe;Palearctic;;0;CAB International (CABI) (2024). CABI Invasive Species Compendium. Available at: https://www.cabidigitallibrary.org/product/QI;2024
Tinea pallescentella;Tineidae;Germany;Europe;Palearctic;1927;0;CAB International (CABI) (2024). CABI Invasive Species Compendium. Available at: https://www.cabidigitallibrary.org/product/QI;2024
Tinea pallescentella;Tineidae;Denmark;Europe;Palearctic;;0;Roy, D., et al. (2020). DAISIE - Delivering Alien Invasive Species Inventories for Europe. Available at: http://www.europe-aliens.org/;2020
Tinea pallescentella;Tineidae;Finland;Europe;Palearctic;;0;Roy, D., et al. (2020). DAISIE - Delivering Alien Invasive Species Inventories for Europe. Available at: http://www.europe-aliens.org/;2020
Tinea pallescentella;Tineidae;France;Europe;Palearctic;;0;Invasive Species Specialist Group ISSG (2020). Global Register of Introduced and Invasive Species GRIIS. Available at: https://griis.org;2020
Tinea pallescentella;Tineidae;United Kingdom;Europe;Palearctic;;0;CAB International (CABI) (2024). CABI Invasive Species Compendium. Available at: https://www.cabidigitallibrary.org/product/QI;2024
Tinea pallescentella;Tineidae;Hungary;Europe;Palearctic;;0;Roy, D., et al. (2020). DAISIE - Delivering Alien Invasive Species Inventories for Europe. Available at: http://www.europe-aliens.org/;2020
Tinea pallescentella;Tineidae;Ireland;Europe;Palearctic;1840;0;CAB International (CABI) (2024). CABI Invasive Species Compendium. Available at: https://www.cabidigitallibrary.org/product/QI;2024
Tinea pallescentella;Tineidae;Italy;Europe;Palearctic;;0;Roy, D., et al. (2020). DAISIE - Delivering Alien Invasive Species Inventories for Europe. Available at: http://www.europe-aliens.org/;2020
Tinea pallescentella;Tineidae;Latvia;Europe;Palearctic;;0;Roy, D., et al. (2020). DAISIE - Delivering Alien Invasive Species Inventories for Europe. Available at: http://www.europe-aliens.org/;2020
Tinea pallescentella;Tineidae;Netherlands;Europe;Palearctic;;0;CAB International (CABI) (2024). CABI Invasive Species Compendium. Available at: https://www.cabidigitallibrary.org/product/QI;2024
Tinea pallescentella;Tineidae;Norway;Europe;Palearctic;1942;0;CAB International (CABI) (2024). CABI Invasive Species Compendium. Available at: https://www.cabidigitallibrary.org/product/QI;2024
Tinea pallescentella;Tineidae;New Zealand;Oceania;Australian;1909;;CAB International (CABI) (2024). CABI Invasive Species Compendium. Available at: https://www.cabidigitallibrary.org/product/QI;2024
Tinea pallescentella;Tineidae;Romania;Europe;Palearctic;;0;Roy, D., et al. (2020). DAISIE - Delivering Alien Invasive Species Inventories for Europe. Available at: http://www.europe-aliens.org/;2020
Tinea pallescentella;Tineidae;Russia Europe;Europe;Palearctic;;;Roy, D., et al. (2020). DAISIE - Delivering Alien Invasive Species Inventories for Europe. Available at: http://www.europe-aliens.org/;2020
Tinea pallescentella;Tineidae;Russia Asia;Asia;Palearctic;;0;Lopez-Vaamonde, C., et al. (2010). Lepidoptera. Chapter 11. BioRisk. 4: 603-668;2010
Tinea pallescentella;Tineidae;Slovakia;Europe;Palearctic;1992;0;CAB International (CABI) (2024). CABI Invasive Species Compendium. Available at: https://www.cabidigitallibrary.org/product/QI;2024
Tinea pallescentella;Tineidae;Sweden;Europe;Palearctic;1953;0;CAB International (CABI) (2024). CABI Invasive Species Compendium. Available at: https://www.cabidigitallibrary.org/product/QI;2024
Tinea pellionella;Tineidae;Australia;Australia;Australian;;0;Mally, R., et al. (2022), Moths and butterflies on alien shores - global biogeography of non-native Lepidoptera. Dryad, Dataset. Available at: https://doi.org/10.5061/dryad.31zcrjdnw;2022
Tinea pellionella;Tineidae;Chile;South America;Neotropical;1944;;Turner, R., et al. (2024). International Non-native Insect Establishment Data (0.2.1) [Data set]. Zenodo.;2024
Tinea pellionella;Tineidae;New Zealand;Oceania;Australian;1919;;Turner, R., et al. (2024). International Non-native Insect Establishment Data (0.2.1) [Data set]. Zenodo.;2024
Tinea pellionella;Tineidae;United States;North America;Nearctic;1565;0;Simpson, A., et al. (2022). United States Register of Introduced and Invasive Species (US-RIIS) (ver. 2.0, November 2022): U.S. Geological Survey data release. Available at: https://www.sciencebase.gov/catalog/item/62d59ae5d34e87fffb2dda99;2022
Tinea pellionella;Tineidae;Hawaii;Oceania;Nearctic;1565;0;Turner, R., et al. (2024). International Non-native Insect Establishment Data (0.2.1) [Data set]. Zenodo.;2024
Tinea pellionella;Tineidae;South Africa;Africa;Afrotropical;;0;Turner, R., et al. (2024). International Non-native Insect Establishment Data (0.2.1) [Data set]. Zenodo.;2024
Tinea translucens;Tineidae;Albania;Europe;Palearctic;;0;Roy, D., et al. (2020). DAISIE - Delivering Alien Invasive Species Inventories for Europe. Available at: http://www.europe-aliens.org/;2020
Tinea translucens;Tineidae;Australia;Australia;Australian;;;Mally, R., et al. (2022), Moths and butterflies on alien shores - global biogeography of non-native Lepidoptera. Dryad, Dataset. Available at: https://doi.org/10.5061/dryad.31zcrjdnw;2022
Tinea translucens;Tineidae;Austria;Europe;Palearctic;;0;Roy, D., et al. (2020). DAISIE - Delivering Alien Invasive Species Inventories for Europe. Available at: http://www.europe-aliens.org/;2020
Tinea translucens;Tineidae;Cyprus;Asia;Saharo-Arabian;2010;0;Demetriou, J., et al. (2023). The Alien to Cyprus Entomofauna (ACE) database: a review of the current status of alien insects (Arthropoda, Insecta) including an updated species checklist, discussion on impacts and recommendations for informing management. NeoBiota. 83: 11-42;2023
Tinea translucens;Tineidae;Czechia;Europe;Palearctic;;0;Roy, D., et al. (2020). DAISIE - Delivering Alien Invasive Species Inventories for Europe. Available at: http://www.europe-aliens.org/;2020
Tinea translucens;Tineidae;Germany;Europe;Palearctic;;0;Roy, D., et al. (2020). DAISIE - Delivering Alien Invasive Species Inventories for Europe. Available at: http://www.europe-aliens.org/;2020
Tinea translucens;Tineidae;Denmark;Europe;Palearctic;;0;Roy, D., et al. (2020). DAISIE - Delivering Alien Invasive Species Inventories for Europe. Available at: http://www.europe-aliens.org/;2020
Tinea translucens;Tineidae;Spain;Europe;Palearctic;;0;Roy, D., et al. (2020). DAISIE - Delivering Alien Invasive Species Inventories for Europe. Available at: http://www.europe-aliens.org/;2020
Tinea translucens;Tineidae;France;Europe;Palearctic;;0;Roy, D., et al. (2020). DAISIE - Delivering Alien Invasive Species Inventories for Europe. Available at: http://www.europe-aliens.org/;2020
Tinea translucens;Tineidae;United Kingdom;Europe;Palearctic;;0;Roy, D., et al. (2020). DAISIE - Delivering Alien Invasive Species Inventories for Europe. Available at: http://www.europe-aliens.org/;2020
Tinea translucens;Tineidae;Greece;Europe;Palearctic;1856;0;Pullaiah, T., Ielmini, M.R. (Eds.) (2021). Invasive Alien Species: Observations and Issues from Around the World. Volume 3: Issues and Invasions in Europe. Wiley. 326pp.;2021
Tinea translucens;Tineidae;Greece European Islands;Europe;Palearctic;;0;Roy, D., et al. (2020). DAISIE - Delivering Alien Invasive Species Inventories for Europe. Available at: http://www.europe-aliens.org/;2020
Tinea translucens;Tineidae;Croatia;Europe;Palearctic;;0;Roy, D., et al. (2020). DAISIE - Delivering Alien Invasive Species Inventories for Europe. Available at: http://www.europe-aliens.org/;2020
Tinea translucens;Tineidae;Hungary;Europe;Palearctic;;0;Roy, D., et al. (2020). DAISIE - Delivering Alien Invasive Species Inventories for Europe. Available at: http://www.europe-aliens.org/;2020
Tinea translucens;Tineidae;Iceland;Europe;Palearctic;;0;Roy, D., et al. (2020). DAISIE - Delivering Alien Invasive Species Inventories for Europe. Available at: http://www.europe-aliens.org/;2020
Tinea translucens;Tineidae;Italy;Europe;Palearctic;;0;Roy, D., et al. (2020). DAISIE - Delivering Alien Invasive Species Inventories for Europe. Available at: http://www.europe-aliens.org/;2020
Tinea translucens;Tineidae;Sicily and Sardinia;Europe;Palearctic;;0;Roy, D., et al. (2020). DAISIE - Delivering Alien Invasive Species Inventories for Europe. Available at: http://www.europe-aliens.org/;2020
Tinea translucens;Tineidae;Japan;Asia;Sino-Japanese;1889;0;National Institute for Environmental Studies - Japan (2024). Invasive Species of Japan: Lepidopterans (provisional list);2024
Tinea translucens;Tineidae;South Korea;Asia;Palearctic;1960;;Turner, R., et al. (2024). International Non-native Insect Establishment Data (0.2.1) [Data set]. Zenodo.;2024
Tinea translucens;Tineidae;Lithuania;Europe;Palearctic;;0;Roy, D., et al. (2020). DAISIE - Delivering Alien Invasive Species Inventories for Europe. Available at: http://www.europe-aliens.org/;2020
Tinea translucens;Tineidae;Latvia;Europe;Palearctic;;0;Roy, D., et al. (2020). DAISIE - Delivering Alien Invasive Species Inventories for Europe. Available at: http://www.europe-aliens.org/;2020
Tinea translucens;Tineidae;Norway;Europe;Palearctic;;0;Roy, D., et al. (2020). DAISIE - Delivering Alien Invasive Species Inventories for Europe. Available at: http://www.europe-aliens.org/;2020
Tinea translucens;Tineidae;Portugal;Europe;Palearctic;;0;Roy, D., et al. (2020). DAISIE - Delivering Alien Invasive Species Inventories for Europe. Available at: http://www.europe-aliens.org/;2020
Tinea translucens;Tineidae;Romania;Europe;Palearctic;;0;Roy, D., et al. (2020). DAISIE - Delivering Alien Invasive Species Inventories for Europe. Available at: http://www.europe-aliens.org/;2020
Tinea translucens;Tineidae;Russia Europe;Europe;Palearctic;;;Roy, D., et al. (2020). DAISIE - Delivering Alien Invasive Species Inventories for Europe. Available at: http://www.europe-aliens.org/;2020
Tinea translucens;Tineidae;Russia Asia;Asia;Palearctic;;0;Lopez-Vaamonde, C., et al. (2010). Lepidoptera. Chapter 11. BioRisk. 4: 603-668;2010
Tinea translucens;Tineidae;Serbia;Europe;Palearctic;;0;Pullaiah, T., Ielmini, M.R. (Eds.) (2021). Invasive Alien Species: Observations and Issues from Around the World. Volume 3: Issues and Invasions in Europe. Wiley. 326pp.;2021
Tinea translucens;Tineidae;Slovakia;Europe;Palearctic;;0;Roy, D., et al. (2020). DAISIE - Delivering Alien Invasive Species Inventories for Europe. Available at: http://www.europe-aliens.org/;2020
Tineola bisselliella;Tineidae;Australia;Australia;Australian;;;CAB International (CABI) (2024). CABI Invasive Species Compendium. Available at: https://www.cabidigitallibrary.org/product/QI;2024
Tineola bisselliella;Tineidae;Bulgaria;Europe;Palearctic;1900;0;Invasive Species Specialist Group ISSG (2020). Global Register of Introduced and Invasive Species GRIIS. Available at: https://griis.org;2020
Tineola bisselliella;Tineidae;Chile;South America;Neotropical;1810;;Turner, R., et al. (2024). International Non-native Insect Establishment Data (0.2.1) [Data set]. Zenodo.;2024
Tineola bisselliella;Tineidae;Japan;Asia;Oriental;;0;Turner, R., et al. (2024). International Non-native Insect Establishment Data (0.2.1) [Data set]. Zenodo.;2024
Tineola bisselliella;Tineidae;Japan;Asia;Sino-Japanese;;0;Turner, R., et al. (2024). International Non-native Insect Establishment Data (0.2.1) [Data set]. Zenodo.;2024
Tineola bisselliella;Tineidae;Mongolia;Asia;Palearctic;;;Invasive Species Specialist Group ISSG (2020). Global Register of Introduced and Invasive Species GRIIS. Available at: https://griis.org;2020
Tineola bisselliella;Tineidae;New Zealand;Oceania;Australian;1926;;CAB International (CABI) (2024). CABI Invasive Species Compendium. Available at: https://www.cabidigitallibrary.org/product/QI;2024
Tineola bisselliella;Tineidae;United States;North America;Nearctic;1565;0;Simpson, A., et al. (2022). United States Register of Introduced and Invasive Species (US-RIIS) (ver. 2.0, November 2022): U.S. Geological Survey data release. Available at: https://www.sciencebase.gov/catalog/item/62d59ae5d34e87fffb2dda99;2022
Tineola bisselliella;Tineidae;Hawaii;Oceania;Nearctic;;0;Turner, R., et al. (2024). International Non-native Insect Establishment Data (0.2.1) [Data set]. Zenodo.;2024
Tineola bisselliella;Tineidae;Venezuela;South America;Neotropical;;0;Pullaiah, T., Ielmini, M.R. (Eds.) (2021). Invasive Alien Species: Observations and Issues from Around the World. Volume 4: Issues and Invasions in the Americas and the Caribbean. Wiley. 384pp.;2021
Tmolus echion;Lycaenidae;Hawaii;Oceania;Nearctic;1902;1;Turner, R., et al. (2024). International Non-native Insect Establishment Data (0.2.1) [Data set]. Zenodo.;2024
Tongeia filicaudis;Lycaenidae;Japan;Asia;Sino-Japanese;2013;0;Turner, R., et al. (2024). International Non-native Insect Establishment Data (0.2.1) [Data set]. Zenodo.;2024
Trachylepidia fructicassiella;Pyralidae;United States;North America;Nearctic;;0;Simpson, A., et al. (2022). United States Register of Introduced and Invasive Species (US-RIIS) (ver. 2.0, November 2022): U.S. Geological Survey data release. Available at: https://www.sciencebase.gov/catalog/item/62d59ae5d34e87fffb2dda99;2022
Trachylepidia fructicassiella;Pyralidae;Hawaii;Oceania;Nearctic;2019;0;Simpson, A., et al. (2022). United States Register of Introduced and Invasive Species (US-RIIS) (ver. 2.0, November 2022): U.S. Geological Survey data release. Available at: https://www.sciencebase.gov/catalog/item/62d59ae5d34e87fffb2dda99;2022
Trichophaga mormopis;Tineidae;Galapagos;South America;Neotropical;1966;;Turner, R., et al. (2024). International Non-native Insect Establishment Data (0.2.1) [Data set]. Zenodo.;2024
Trichophaga mormopis;Tineidae;Hawaii;Oceania;Nearctic;1944;0;Turner, R., et al. (2024). International Non-native Insect Establishment Data (0.2.1) [Data set]. Zenodo.;2024
Trichophaga tapetzella;Tineidae;Albania;Europe;Palearctic;;0;Lopez-Vaamonde, C., et al. (2010). Lepidoptera. Chapter 11. BioRisk. 4: 603-668;2010
Trichophaga tapetzella;Tineidae;Australia;Australia;Australian;;;Mally, R., et al. (2022), Moths and butterflies on alien shores - global biogeography of non-native Lepidoptera. Dryad, Dataset. Available at: https://doi.org/10.5061/dryad.31zcrjdnw;2022
Trichophaga tapetzella;Tineidae;Austria;Europe;Palearctic;;0;Lopez-Vaamonde, C., et al. (2010). Lepidoptera. Chapter 11. BioRisk. 4: 603-668;2010
Trichophaga tapetzella;Tineidae;Belgium;Europe;Palearctic;;0;Lopez-Vaamonde, C., et al. (2010). Lepidoptera. Chapter 11. BioRisk. 4: 603-668;2010
Trichophaga tapetzella;Tineidae;Bulgaria;Europe;Palearctic;1860;0;Invasive Species Specialist Group ISSG (2020). Global Register of Introduced and Invasive Species GRIIS. Available at: https://griis.org;2020
Trichophaga tapetzella;Tineidae;Belarus;Europe;Palearctic;;0;Lopez-Vaamonde, C., et al. (2010). Lepidoptera. Chapter 11. BioRisk. 4: 603-668;2010
Trichophaga tapetzella;Tineidae;Switzerland;Europe;Palearctic;;0;Lopez-Vaamonde, C., et al. (2010). Lepidoptera. Chapter 11. BioRisk. 4: 603-668;2010
Trichophaga tapetzella;Tineidae;Czechia;Europe;Palearctic;;0;Lopez-Vaamonde, C., et al. (2010). Lepidoptera. Chapter 11. BioRisk. 4: 603-668;2010
Trichophaga tapetzella;Tineidae;Germany;Europe;Palearctic;;0;Lopez-Vaamonde, C., et al. (2010). Lepidoptera. Chapter 11. BioRisk. 4: 603-668;2010
Trichophaga tapetzella;Tineidae;Denmark;Europe;Palearctic;;0;Lopez-Vaamonde, C., et al. (2010). Lepidoptera. Chapter 11. BioRisk. 4: 603-668;2010
Trichophaga tapetzella;Tineidae;Estonia;Europe;Palearctic;;0;Lopez-Vaamonde, C., et al. (2010). Lepidoptera. Chapter 11. BioRisk. 4: 603-668;2010
Trichophaga tapetzella;Tineidae;Finland;Europe;Palearctic;;0;Lopez-Vaamonde, C., et al. (2010). Lepidoptera. Chapter 11. BioRisk. 4: 603-668;2010
Trichophaga tapetzella;Tineidae;France;Europe;Palearctic;;0;Invasive Species Specialist Group ISSG (2020). Global Register of Introduced and Invasive Species GRIIS. Available at: https://griis.org;2020
Trichophaga tapetzella;Tineidae;French European Islands;Europe;Palearctic;;0;Lopez-Vaamonde, C., et al. (2010). Lepidoptera. Chapter 11. BioRisk. 4: 603-668;2010
Trichophaga tapetzella;Tineidae;United Kingdom;Europe;Palearctic;;0;Lopez-Vaamonde, C., et al. (2010). Lepidoptera. Chapter 11. BioRisk. 4: 603-668;2010
Trichophaga tapetzella;Tineidae;Greece European Islands;Europe;Palearctic;;0;Lopez-Vaamonde, C., et al. (2010). Lepidoptera. Chapter 11. BioRisk. 4: 603-668;2010
Trichophaga tapetzella;Tineidae;Croatia;Europe;Palearctic;;0;Lopez-Vaamonde, C., et al. (2010). Lepidoptera. Chapter 11. BioRisk. 4: 603-668;2010
Trichophaga tapetzella;Tineidae;Ireland;Europe;Palearctic;;0;Invasive Species Specialist Group ISSG (2020). Global Register of Introduced and Invasive Species GRIIS. Available at: https://griis.org;2020
Trichophaga tapetzella;Tineidae;Sicily and Sardinia;Europe;Palearctic;;0;Lopez-Vaamonde, C., et al. (2010). Lepidoptera. Chapter 11. BioRisk. 4: 603-668;2010
Trichophaga tapetzella;Tineidae;Japan;Asia;Sino-Japanese;;0;National Institute for Environmental Studies - Japan (2024). Invasive Species of Japan: Lepidopterans (provisional list);2024
Trichophaga tapetzella;Tineidae;South Korea;Asia;Palearctic;;;Turner, R., et al. (2024). International Non-native Insect Establishment Data (0.2.1) [Data set]. Zenodo.;2024
Trichophaga tapetzella;Tineidae;Lithuania;Europe;Palearctic;;0;Lopez-Vaamonde, C., et al. (2010). Lepidoptera. Chapter 11. BioRisk. 4: 603-668;2010
Trichophaga tapetzella;Tineidae;Luxembourg;Europe;Palearctic;;0;Lopez-Vaamonde, C., et al. (2010). Lepidoptera. Chapter 11. BioRisk. 4: 603-668;2010
Trichophaga tapetzella;Tineidae;Latvia;Europe;Palearctic;;0;Lopez-Vaamonde, C., et al. (2010). Lepidoptera. Chapter 11. BioRisk. 4: 603-668;2010
Trichophaga tapetzella;Tineidae;Netherlands;Europe;Palearctic;;0;Lopez-Vaamonde, C., et al. (2010). Lepidoptera. Chapter 11. BioRisk. 4: 603-668;2010
Trichophaga tapetzella;Tineidae;Norway;Europe;Palearctic;;0;Lopez-Vaamonde, C., et al. (2010). Lepidoptera. Chapter 11. BioRisk. 4: 603-668;2010
Trichophaga tapetzella;Tineidae;New Zealand;Oceania;Australian;1909;;Turner, R., et al. (2024). International Non-native Insect Establishment Data (0.2.1) [Data set]. Zenodo.;2024
Trichophaga tapetzella;Tineidae;Poland;Europe;Palearctic;;0;Lopez-Vaamonde, C., et al. (2010). Lepidoptera. Chapter 11. BioRisk. 4: 603-668;2010
Trichophaga tapetzella;Tineidae;Azores;Europe;Palearctic;;0;Lopez-Vaamonde, C., et al. (2010). Lepidoptera. Chapter 11. BioRisk. 4: 603-668;2010
Trichophaga tapetzella;Tineidae;Slovakia;Europe;Palearctic;;0;Lopez-Vaamonde, C., et al. (2010). Lepidoptera. Chapter 11. BioRisk. 4: 603-668;2010
Trichophaga tapetzella;Tineidae;Slovenia;Europe;Palearctic;;0;Lopez-Vaamonde, C., et al. (2010). Lepidoptera. Chapter 11. BioRisk. 4: 603-668;2010
Trichophaga tapetzella;Tineidae;Sweden;Europe;Palearctic;;0;Lopez-Vaamonde, C., et al. (2010). Lepidoptera. Chapter 11. BioRisk. 4: 603-668;2010
Trichophaga tapetzella;Tineidae;United States;North America;Nearctic;1841;0;Simpson, A., et al. (2022). United States Register of Introduced and Invasive Species (US-RIIS) (ver. 2.0, November 2022): U.S. Geological Survey data release. Available at: https://www.sciencebase.gov/catalog/item/62d59ae5d34e87fffb2dda99;2022
Trichoplusia ni;Noctuidae;United Arab Emirates;Asia;Saharo-Arabian;;;Invasive Species Specialist Group ISSG (2020). Global Register of Introduced and Invasive Species GRIIS. Available at: https://griis.org;2020
Trichoplusia ni;Noctuidae;Chile;South America;Neotropical;1982;;Turner, R., et al. (2024). International Non-native Insect Establishment Data (0.2.1) [Data set]. Zenodo.;2024
Trichoplusia ni;Noctuidae;Galapagos;South America;Neotropical;2016;;Turner, R., et al. (2024). International Non-native Insect Establishment Data (0.2.1) [Data set]. Zenodo.;2024
Trichoplusia ni;Noctuidae;Guam;Oceania;Oceanina;;0;Shine, C., et al. (2003). Invasive alien species in the Austral Pacific Region: National Reports and Directory of Resources. Global Invasive Species Programme, Cape Town, South Africa.;2003
Trichoplusia ni;Noctuidae;Hawaii;Oceania;Nearctic;1940;0;Turner, R., et al. (2024). International Non-native Insect Establishment Data (0.2.1) [Data set]. Zenodo.;2024
Trilocha varians;Bombycidae;Cyprus;Asia;Saharo-Arabian;2019;0;Demetriou, J., et al. (2023). The Alien to Cyprus Entomofauna (ACE) database: a review of the current status of alien insects (Arthropoda, Insecta) including an updated species checklist, discussion on impacts and recommendations for informing management. NeoBiota. 83: 11-42;2023
Trissodoris honorariella;Cosmopterigidae;Hawaii;Oceania;Nearctic;1913;0;Turner, R., et al. (2024). International Non-native Insect Establishment Data (0.2.1) [Data set]. Zenodo.;2024
Tucumania tapiacola;Pyralidae;Australia;Australia;Australian;;1;Mally, R., et al. (2022), Moths and butterflies on alien shores - global biogeography of non-native Lepidoptera. Dryad, Dataset. Available at: https://doi.org/10.5061/dryad.31zcrjdnw;2022
Tucumania tapiacola;Pyralidae;South Africa;Africa;Afrotropical;;1;Hoffmann, J. (1986). Evidence that the two currently recognized nominal species of Tucumania Dyar (Lepidoptera: Phycitidae) are not distinct. Journal of the Entomological Society of Southern Africa. 49(2): 267-274;1986
Typhonia melana;Psychidae;Germany;Europe;Palearctic;;;Invasive Species Specialist Group ISSG (2020). Global Register of Introduced and Invasive Species GRIIS. Available at: https://griis.org;2020
Tyria jacobaeae;Erebidae;Australia;Australia;Australian;;;Mally, R., et al. (2022), Moths and butterflies on alien shores - global biogeography of non-native Lepidoptera. Dryad, Dataset. Available at: https://doi.org/10.5061/dryad.31zcrjdnw;2022
Tyria jacobaeae;Erebidae;Canada;North America;Nearctic;;;Invasive Species Specialist Group ISSG (2020). Global Register of Introduced and Invasive Species GRIIS. Available at: https://griis.org;2020
Tyria jacobaeae;Erebidae;New Zealand;Oceania;Australian;1929;1;Turner, R., et al. (2024). International Non-native Insect Establishment Data (0.2.1) [Data set]. Zenodo.;2024
Tyria jacobaeae;Erebidae;United States;North America;Nearctic;;0;Simpson, A., et al. (2022). United States Register of Introduced and Invasive Species (US-RIIS) (ver. 2.0, November 2022): U.S. Geological Survey data release. Available at: https://www.sciencebase.gov/catalog/item/62d59ae5d34e87fffb2dda99;2022
Tyta luctuosa;Erebidae;United States;North America;Nearctic;1993;1;Simpson, A., et al. (2022). United States Register of Introduced and Invasive Species (US-RIIS) (ver. 2.0, November 2022): U.S. Geological Survey data release. Available at: https://www.sciencebase.gov/catalog/item/62d59ae5d34e87fffb2dda99;2022
Unadilla maturella;Pyralidae;Galapagos;South America;Neotropical;;;Turner, R., et al. (2024). International Non-native Insect Establishment Data (0.2.1) [Data set]. Zenodo.;2024
Uraba lugens;Nolidae;New Zealand;Oceania;Australian;1992;0;Turner, R., et al. (2024). International Non-native Insect Establishment Data (0.2.1) [Data set]. Zenodo.;2024
Uresiphita ornithopteralis;Crambidae;New Zealand;Oceania;Australian;1949;;Turner, R., et al. (2024). International Non-native Insect Establishment Data (0.2.1) [Data set]. Zenodo.;2024
Usingeriessa onyxalis;Crambidae;Hawaii;Oceania;Nearctic;1995;0;Turner, R., et al. (2024). International Non-native Insect Establishment Data (0.2.1) [Data set]. Zenodo.;2024
Utetheisa ornatrix;Erebidae;Canada;North America;Nearctic;;;Invasive Species Specialist Group ISSG (2020). Global Register of Introduced and Invasive Species GRIIS. Available at: https://griis.org;2020
Vanessa atalanta;Nymphalidae;Hawaii;Oceania;Nearctic;1899;0;Turner, R., et al. (2024). International Non-native Insect Establishment Data (0.2.1) [Data set]. Zenodo.;2024
Vanessa atalanta;Nymphalidae;Venezuela;South America;Neotropical;;0;Pullaiah, T., Ielmini, M.R. (Eds.) (2021). Invasive Alien Species: Observations and Issues from Around the World. Volume 4: Issues and Invasions in the Americas and the Caribbean. Wiley. 384pp.;2021
Vanessa cardui;Nymphalidae;Hawaii;Oceania;Nearctic;1758;0;Turner, R., et al. (2024). International Non-native Insect Establishment Data (0.2.1) [Data set]. Zenodo.;2024
Vanessa cardui;Nymphalidae;Venezuela;South America;Neotropical;;0;Pullaiah, T., Ielmini, M.R. (Eds.) (2021). Invasive Alien Species: Observations and Issues from Around the World. Volume 4: Issues and Invasions in the Americas and the Caribbean. Wiley. 384pp.;2021
Vittaplusia vittata;Noctuidae;Israel;Asia;Saharo-Arabian;2003;0;Kravchenko, V.,et al. (2014). Seven invasive owlet moths (Lepidoptera: Noctuidae) in Israel and their potential parasitoids (Hymenoptera: Chalcidoidea). Phytoparasitica. 42: 333-339;2014
Vitula biviella;Pyralidae;United Kingdom;Europe;Palearctic;1997;;Turner, R., et al. (2024). International Non-native Insect Establishment Data (0.2.1) [Data set]. Zenodo.;2024
Vitula edmandsii;Pyralidae;Germany;Europe;Palearctic;1940;0;CAB International (CABI) (2024). CABI Invasive Species Compendium. Available at: https://www.cabidigitallibrary.org/product/QI;2024
Vitula edmandsii;Pyralidae;Denmark;Europe;Palearctic;1985;0;CAB International (CABI) (2024). CABI Invasive Species Compendium. Available at: https://www.cabidigitallibrary.org/product/QI;2024
Vitula edmandsii;Pyralidae;Finland;Europe;Palearctic;2001;0;CAB International (CABI) (2024). CABI Invasive Species Compendium. Available at: https://www.cabidigitallibrary.org/product/QI;2024
Vitula edmandsii;Pyralidae;Netherlands;Europe;Palearctic;;;Invasive Species Specialist Group ISSG (2020). Global Register of Introduced and Invasive Species GRIIS. Available at: https://griis.org;2020
Vitula edmandsii;Pyralidae;Norway;Europe;Palearctic;;0;Roy, D., et al. (2020). DAISIE - Delivering Alien Invasive Species Inventories for Europe. Available at: http://www.europe-aliens.org/;2020
Vitula edmandsii;Pyralidae;Sweden;Europe;Palearctic;1985;0;CAB International (CABI) (2024). CABI Invasive Species Compendium. Available at: https://www.cabidigitallibrary.org/product/QI;2024
Wheeleria spilodactylus;Pterophoridae;Australia;Australia;Australian;1993;1;Mally, R., et al. (2022), Moths and butterflies on alien shores - global biogeography of non-native Lepidoptera. Dryad, Dataset. Available at: https://doi.org/10.5061/dryad.31zcrjdnw;2022
Wheeleria spilodactylus;Pterophoridae;Australian Islands;Australia;Australian;1997;1;Ireson, J., et al. (2000). Progress on the rearing, release and establishment of the horehound plume moth, Wheeleria spilodactylus (Curtis), for the biological control of horehound in Tasmania. Plant Protection Quarterly. 15(1): 33-35;2000
Xestia c-nigrum;Noctuidae;United States;North America;Nearctic;1970;0;Simpson, A., et al. (2022). United States Register of Introduced and Invasive Species (US-RIIS) (ver. 2.0, November 2022): U.S. Geological Survey data release. Available at: https://www.sciencebase.gov/catalog/item/62d59ae5d34e87fffb2dda99;2022
Xestia xanthographa;Noctuidae;United States;North America;Nearctic;1907;0;Simpson, A., et al. (2022). United States Register of Introduced and Invasive Species (US-RIIS) (ver. 2.0, November 2022): U.S. Geological Survey data release. Available at: https://www.sciencebase.gov/catalog/item/62d59ae5d34e87fffb2dda99;2022
Xubida infusellus;Crambidae;Australia;Australia;Australian;1981;1;Mally, R., et al. (2022), Moths and butterflies on alien shores - global biogeography of non-native Lepidoptera. Dryad, Dataset. Available at: https://doi.org/10.5061/dryad.31zcrjdnw;2022
Xubida infusellus;Crambidae;Papua New Guinea;Oceania;Oriental;1996;1;Julien, M. (2000). Biological control of water hyacinth with arthropods: a review to 2000. Aciar Proceedings, ACIAR. 1998: 8-20;2000
Xubida infusellus;Crambidae;Thailand;Asia;Oriental;1999;1;Julien, M. (2000). Biological control of water hyacinth with arthropods: a review to 2000. Aciar Proceedings, ACIAR. 1998: 8-20;2000
Xylesthia pruniramiella;Tineidae;Galapagos;South America;Neotropical;1966;;Turner, R., et al. (2024). International Non-native Insect Establishment Data (0.2.1) [Data set]. Zenodo.;2024
Yponomeuta cagnagellus;Yponomeutidae;United States;North America;Nearctic;1987;0;Simpson, A., et al. (2022). United States Register of Introduced and Invasive Species (US-RIIS) (ver. 2.0, November 2022): U.S. Geological Survey data release. Available at: https://www.sciencebase.gov/catalog/item/62d59ae5d34e87fffb2dda99;2022
Yponomeuta padella;Yponomeutidae;Canada;North America;Nearctic;1988;0;European and Mediterranean Plant Protection Organization (EPPO) (1988). Declaration on Phytosanitary Certificate for Canada regarding Yponomeuta malinellus. EPPO Reporting Service. 2: 7/1988;1988
Yponomeuta padella;Yponomeutidae;Japan;Asia;Sino-Japanese;;0;National Institute for Environmental Studies - Japan (2024). Invasive Species of Japan: Lepidopterans (provisional list);2024
Yponomeuta padella;Yponomeutidae;South Korea;Asia;Palearctic;1930;;Turner, R., et al. (2024). International Non-native Insect Establishment Data (0.2.1) [Data set]. Zenodo.;2024
Yponomeuta padella;Yponomeutidae;United States;North America;Nearctic;1909;0;Simpson, A., et al. (2022). United States Register of Introduced and Invasive Species (US-RIIS) (ver. 2.0, November 2022): U.S. Geological Survey data release. Available at: https://www.sciencebase.gov/catalog/item/62d59ae5d34e87fffb2dda99;2022
Ypsolopha dentella;Ypsolophidae;Alaska;North America;Nearctic;1989;0;Wenninger, A. (2024). Defoliation of haskap shoots by the honeysuckle moth in Southcentral Alaska. AKES Newsletter. 16(1);2024
Ypsolophus ustella;Plutellidae;United States;North America;Nearctic;1926;0;Simpson, A., et al. (2022). United States Register of Introduced and Invasive Species (US-RIIS) (ver. 2.0, November 2022): U.S. Geological Survey data release. Available at: https://www.sciencebase.gov/catalog/item/62d59ae5d34e87fffb2dda99;2022
Zale minerea;Erebidae;Australia;Australia;Australian;;;Mally, R., et al. (2022), Moths and butterflies on alien shores - global biogeography of non-native Lepidoptera. Dryad, Dataset. Available at: https://doi.org/10.5061/dryad.31zcrjdnw;2022
Zebronia phenice;Crambidae;France;Europe;Palearctic;;;Invasive Species Specialist Group ISSG (2020). Global Register of Introduced and Invasive Species GRIIS. Available at: https://griis.org;2020
Zeiraphera griseana;Tortricidae;Iceland;Europe;Palearctic;;;CAB International (CABI) (2024). CABI Invasive Species Compendium. Available at: https://www.cabidigitallibrary.org/product/QI;2024
Zelleria oleastrella;Yponomeutidae;United Kingdom;Europe;Palearctic;;0;Lopez-Vaamonde, C., et al. (2010). Lepidoptera. Chapter 11. BioRisk. 4: 603-668;2010
Zelleria oleastrella;Yponomeutidae;Madeira;Africa;Palearctic;;0;Lopez-Vaamonde, C., et al. (2010). Lepidoptera. Chapter 11. BioRisk. 4: 603-668;2010
Zeuzera pyrina;Cossidae;United States;North America;Nearctic;1882;0;CAB International (CABI) (2024). CABI Invasive Species Compendium. Available at: https://www.cabidigitallibrary.org/product/QI;2024
Zizina otis;Lycaenidae;New Zealand;Oceania;Australian;;;Mally, R., et al. (2022), Moths and butterflies on alien shores - global biogeography of non-native Lepidoptera. Dryad, Dataset. Available at: https://doi.org/10.5061/dryad.31zcrjdnw;2022
Zizina otis;Lycaenidae;Hawaii;Oceania;Nearctic;2008;0;Turner, R., et al. (2024). International Non-native Insect Establishment Data (0.2.1) [Data set]. Zenodo.;2024
Zizula hylax;Lycaenidae;Japan;Asia;Oriental;1987;0;Turner, R., et al. (2024). International Non-native Insect Establishment Data (0.2.1) [Data set]. Zenodo.;2024
Zomariana doxasticana;Tortricidae;New Zealand;Oceania;Australian;1990;0;Turner, R., et al. (2024). International Non-native Insect Establishment Data (0.2.1) [Data set]. Zenodo.;2024
Zophodia lucidalis;Pyralidae;United States;North America;Nearctic;1989;0;Simpson, A., et al. (2022). United States Register of Introduced and Invasive Species (US-RIIS) (ver. 2.0, November 2022): U.S. Geological Survey data release. Available at: https://www.sciencebase.gov/catalog/item/62d59ae5d34e87fffb2dda99;2022
Zygaena orana;Zygaenidae;Italy;Europe;Palearctic;;;Invasive Species Specialist Group ISSG (2020). Global Register of Introduced and Invasive Species GRIIS. Available at: https://griis.org;2020